item_code,period_start,qty
03.L1.6060.8000,2025-12-01,39.0
03.L1.6060.8000,2026-01-01,36.0
03.L1.6060.8000,2026-02-01,34.0
03.L1.6060.8000,2026-03-01,38.0
05.L1.3060.KAG36900,2025-12-01,1838.0
05.L1.3060.KAG36900,2026-01-01,3388.0
05.L1.3060.KAG36900,2026-02-01,3465.0
05.L1.3060.KAG36900,2026-03-01,3722.0
05.L1.3060.KAG36900D,2025-12-01,117.0
05.L1.3060.KAG36900D,2026-01-01,443.0
05.L1.3060.KAG36900D,2026-02-01,375.0
05.L1.3060.KAG36900D,2026-03-01,388.0
05.L1.3060.KAG36900V,2025-12-01,209.0
05.L1.3060.KAG36900V,2026-01-01,198.0
05.L1.3060.KAG36900V,2026-02-01,220.0
05.L1.3060.KAG36900V,2026-03-01,205.0
05.L1.3060.KAG36901,2025-12-01,2518.0
05.L1.3060.KAG36901,2026-01-01,2410.0
05.L1.3060.KAG36901,2026-02-01,2207.0
05.L1.3060.KAG36901,2026-03-01,2334.0
05.L1.3060.KAG36901D,2025-12-01,28.0
05.L1.3060.KAG36901D,2026-01-01,264.0
05.L1.3060.KAG36901D,2026-02-01,190.0
05.L1.3060.KAG36901D,2026-03-01,204.0
05.L1.3060.KAG36901V,2025-12-01,275.0
05.L1.3060.KAG36901V,2026-01-01,278.0
05.L1.3060.KAG36901V,2026-02-01,267.0
05.L1.3060.KAG36901V,2026-03-01,272.0
05.L1.3060.KAG36902,2025-12-01,908.0
05.L1.3060.KAG36902,2026-01-01,1151.0
05.L1.3060.KAG36902,2026-02-01,1129.0
05.L1.3060.KAG36902,2026-03-01,1198.0
05.L1.3060.KAG36902D,2025-12-01,128.0
05.L1.3060.KAG36902D,2026-01-01,82.0
05.L1.3060.KAG36902D,2026-02-01,73.0
05.L1.3060.KAG36902D,2026-03-01,68.0
05.L1.3060.KAG36903,2025-12-01,709.0
05.L1.3060.KAG36903,2026-01-01,784.0
05.L1.3060.KAG36903,2026-02-01,781.0
05.L1.3060.KAG36903,2026-03-01,806.0
05.L1.3060.KAG36904,2025-12-01,2349.0
05.L1.3060.KAG36904,2026-01-01,2428.0
05.L1.3060.KAG36904,2026-02-01,2184.0
05.L1.3060.KAG36904,2026-03-01,2277.0
05.L1.3060.KAG36904D,2025-12-01,297.0
05.L1.3060.KAG36904D,2026-01-01,287.0
05.L1.3060.KAG36904D,2026-02-01,245.0
05.L1.3060.KAG36904D,2026-03-01,255.0
05.L1.3060.KAG36905,2025-12-01,1856.0
05.L1.3060.KAG36905,2026-01-01,2025.0
05.L1.3060.KAG36905,2026-02-01,2104.0
05.L1.3060.KAG36905,2026-03-01,2040.0
05.L1.3060.KAG36906,2025-12-01,2089.0
05.L1.3060.KAG36906,2026-01-01,3743.0
05.L1.3060.KAG36906,2026-02-01,3855.0
05.L1.3060.KAG36906,2026-03-01,4073.0
05.L1.3060.KAG36906D,2025-12-01,276.0
05.L1.3060.KAG36906D,2026-01-01,386.0
05.L1.3060.KAG36906D,2026-02-01,392.0
05.L1.3060.KAG36906D,2026-03-01,405.0
05.L1.3060.KAG36907,2025-12-01,769.0
05.L1.3060.KAG36907,2026-01-01,1344.0
05.L1.3060.KAG36907,2026-02-01,1302.0
05.L1.3060.KAG36907,2026-03-01,1413.0
05.L1.3060.USG36000,2025-12-01,21485.0
05.L1.3060.USG36000,2026-01-01,22368.0
05.L1.3060.USG36000,2026-02-01,22225.0
05.L1.3060.USG36000,2026-03-01,22105.0
05.L1.3060.USG36000AD,2025-12-01,165.0
05.L1.3060.USG36000AD,2026-01-01,346.0
05.L1.3060.USG36000AD,2026-02-01,362.0
05.L1.3060.USG36000AD,2026-03-01,386.0
05.L1.3060.USG36000AV,2025-12-01,766.0
05.L1.3060.USG36000AV,2026-01-01,994.0
05.L1.3060.USG36000AV,2026-02-01,1016.0
05.L1.3060.USG36000AV,2026-03-01,1019.0
05.L1.3060.USG36000BD,2025-12-01,188.0
05.L1.3060.USG36000BD,2026-01-01,307.0
05.L1.3060.USG36000BD,2026-02-01,315.0
05.L1.3060.USG36000BD,2026-03-01,329.0
05.L1.3060.USG36000BV,2025-12-01,645.0
05.L1.3060.USG36000BV,2026-01-01,998.0
05.L1.3060.USG36000BV,2026-02-01,1040.0
05.L1.3060.USG36000BV,2026-03-01,1092.0
05.L1.3060.USG36001,2025-12-01,3944.0
05.L1.3060.USG36001,2026-01-01,3668.0
05.L1.3060.USG36001,2026-02-01,2373.0
05.L1.3060.USG36001,2026-03-01,5178.0
05.L1.3060.USG36001D,2025-12-01,60.0
05.L1.3060.USG36001D,2026-01-01,166.0
05.L1.3060.USG36001D,2026-02-01,184.0
05.L1.3060.USG36001D,2026-03-01,196.0
05.L1.3060.USG36001V,2025-12-01,847.0
05.L1.3060.USG36001V,2026-01-01,726.0
05.L1.3060.USG36001V,2026-02-01,739.0
05.L1.3060.USG36001V,2026-03-01,696.0
05.L1.3060.USG36002,2025-12-01,2056.0
05.L1.3060.USG36002,2026-01-01,2100.0
05.L1.3060.USG36002,2026-02-01,2278.0
05.L1.3060.USG36002,2026-03-01,2189.0
05.L1.3060.USG36002D,2025-12-01,90.0
05.L1.3060.USG36002D,2026-01-01,155.0
05.L1.3060.USG36002D,2026-02-01,145.0
05.L1.3060.USG36002D,2026-03-01,148.0
05.L1.3060.USG36002V,2025-12-01,37.0
05.L1.3060.USG36002V,2026-01-01,335.0
05.L1.3060.USG36002V,2026-02-01,301.0
05.L1.3060.USG36002V,2026-03-01,314.0
05.L1.3060.USG36003,2025-12-01,5492.0
05.L1.3060.USG36003,2026-01-01,3489.0
05.L1.3060.USG36003,2026-02-01,3864.0
05.L1.3060.USG36003,2026-03-01,3268.0
05.L1.3060.USG36003D,2025-12-01,176.0
05.L1.3060.USG36003D,2026-01-01,207.0
05.L1.3060.USG36003D,2026-02-01,208.0
05.L1.3060.USG36003D,2026-03-01,210.0
05.L1.3060.USG36004,2025-12-01,2641.0
05.L1.3060.USG36004,2026-01-01,2020.0
05.L1.3060.USG36004,2026-02-01,2120.0
05.L1.3060.USG36004,2026-03-01,1929.0
05.L1.3060.USG36005,2025-12-01,2524.0
05.L1.3060.USG36005,2026-01-01,3233.0
05.L1.3060.USG36005,2026-02-01,3350.0
05.L1.3060.USG36005,2026-03-01,3441.0
05.L1.3060.USG36005D,2025-12-01,130.0
05.L1.3060.USG36005D,2026-01-01,188.0
05.L1.3060.USG36005D,2026-02-01,168.0
05.L1.3060.USG36005D,2026-03-01,170.0
05.L1.3060.USG36006,2025-12-01,6218.0
05.L1.3060.USG36006,2026-01-01,3970.0
05.L1.3060.USG36006,2026-02-01,4345.0
05.L1.3060.USG36006,2026-03-01,3685.0
05.L1.3060.USG36007,2025-12-01,2350.0
05.L1.3060.USG36007,2026-01-01,2071.0
05.L1.3060.USG36007,2026-02-01,1340.0
05.L1.3060.USG36007,2026-03-01,2923.0
05.L1.3060.USG36007D,2025-12-01,214.0
05.L1.3060.USG36007D,2026-01-01,188.0
05.L1.3060.USG36007D,2026-02-01,121.0
05.L1.3060.USG36007D,2026-03-01,265.0
05.L1.3060.USG36008,2025-12-01,1683.0
05.L1.3060.USG36008,2026-01-01,1701.0
05.L1.3060.USG36008,2026-02-01,1101.0
05.L1.3060.USG36008,2026-03-01,2402.0
05.L1.3060.USG36009,2025-12-01,2625.0
05.L1.3060.USG36009,2026-01-01,2271.0
05.L1.3060.USG36009,2026-02-01,1470.0
05.L1.3060.USG36009,2026-03-01,3207.0
05.L1.3060.USG36009D,2025-12-01,332.0
05.L1.3060.USG36009D,2026-01-01,561.0
05.L1.3060.USG36009D,2026-02-01,365.0
05.L1.3060.USG36009D,2026-03-01,617.0
05.L1.3060.USG36010,2025-12-01,2023.0
05.L1.3060.USG36010,2026-01-01,2048.0
05.L1.3060.USG36010,2026-02-01,1325.0
05.L1.3060.USG36010,2026-03-01,2891.0
05.L1.6060.686001,2025-12-01,750.0
05.L1.6060.686001,2026-01-01,648.0
05.L1.6060.686001,2026-02-01,584.0
05.L1.6060.686001,2026-03-01,587.0
05.L1.6060.686002,2025-12-01,494.0
05.L1.6060.686002,2026-01-01,485.0
05.L1.6060.686002,2026-02-01,468.0
05.L1.6060.686002,2026-03-01,511.0
05.L1.6060.686003,2025-12-01,2157.0
05.L1.6060.686003,2026-01-01,2390.0
05.L1.6060.686003,2026-02-01,2385.0
05.L1.6060.686003,2026-03-01,2414.0
05.L1.6060.686004,2025-12-01,2271.0
05.L1.6060.686004,2026-01-01,2735.0
05.L1.6060.686004,2026-02-01,2945.0
05.L1.6060.686004,2026-03-01,2976.0
05.L1.6060.686005,2025-12-01,1300.0
05.L1.6060.686005,2026-01-01,1348.0
05.L1.6060.686005,2026-02-01,1348.0
05.L1.6060.686005,2026-03-01,1308.0
05.L1.6060.686006,2025-12-01,1686.0
05.L1.6060.686006,2026-01-01,1460.0
05.L1.6060.686006,2026-02-01,1316.0
05.L1.6060.686006,2026-03-01,1372.0
05.L1.6060.686007,2025-12-01,1433.0
05.L1.6060.686007,2026-01-01,1596.0
05.L1.6060.686007,2026-02-01,1647.0
05.L1.6060.686007,2026-03-01,1654.0
05.L1.6060.IP6001,2025-12-01,2800.0
05.L1.6060.IP6001,2026-01-01,0.0
05.L1.6060.IP6001,2026-02-01,0.0
05.L1.6060.IP6001,2026-03-01,0.0
05.L1.6060.IP6002,2025-12-01,1821.0
05.L1.6060.IP6002,2026-01-01,241.0
05.L1.6060.IP6002,2026-02-01,166.0
05.L1.6060.IP6002,2026-03-01,532.0
05.L1.6060.IP6003,2025-12-01,320.0
05.L1.6060.IP6003,2026-01-01,0.0
05.L1.6060.IP6003,2026-02-01,0.0
05.L1.6060.IP6003,2026-03-01,0.0
05.L1.6060.IP6004,2025-12-01,112.0
05.L1.6060.IP6004,2026-01-01,78.0
05.L1.6060.IP6004,2026-02-01,86.0
05.L1.6060.IP6004,2026-03-01,98.0
05.L1.6060.IP6005,2025-12-01,321.0
05.L1.6060.IP6005,2026-01-01,394.0
05.L1.6060.IP6005,2026-02-01,432.0
05.L1.6060.IP6005,2026-03-01,477.0
05.L1.6060.IP6006,2025-12-01,300.0
05.L1.6060.IP6006,2026-01-01,37.0
05.L1.6060.IP6006,2026-02-01,17.0
05.L1.6060.IP6006,2026-03-01,76.0
05.L1.6060.IP6007,2025-12-01,1118.0
05.L1.6060.IP6007,2026-01-01,6.0
05.L1.6060.IP6007,2026-02-01,53.0
05.L1.6060.IP6007,2026-03-01,116.0
05.L1.6060.USG66001,2025-12-01,4741.0
05.L1.6060.USG66001,2026-01-01,6024.0
05.L1.6060.USG66001,2026-02-01,6170.0
05.L1.6060.USG66001,2026-03-01,6381.0
05.L1.6060.USG66002,2025-12-01,2548.0
05.L1.6060.USG66002,2026-01-01,2520.0
05.L1.6060.USG66002,2026-02-01,2618.0
05.L1.6060.USG66002,2026-03-01,2546.0
05.L1.6060.USG66003,2025-12-01,1750.0
05.L1.6060.USG66003,2026-01-01,1601.0
05.L1.6060.USG66003,2026-02-01,1722.0
05.L1.6060.USG66003,2026-03-01,1680.0
05.L1.6060.USG66004,2025-12-01,2808.0
05.L1.6060.USG66004,2026-01-01,3692.0
05.L1.6060.USG66004,2026-02-01,3777.0
05.L1.6060.USG66004,2026-03-01,3884.0
05.L1.6060.USG66005,2025-12-01,1352.0
05.L1.6060.USG66005,2026-01-01,1781.0
05.L1.6060.USG66005,2026-02-01,1806.0
05.L1.6060.USG66005,2026-03-01,1968.0
05.L1.6060.USG66006,2025-12-01,2031.0
05.L1.6060.USG66006,2026-01-01,2742.0
05.L1.6060.USG66006,2026-02-01,2781.0
05.L1.6060.USG66006,2026-03-01,2893.0
05.L1.6060.USG66007,2025-12-01,2912.0
05.L1.6060.USG66007,2026-01-01,1258.0
05.L1.6060.USG66007,2026-02-01,814.0
05.L1.6060.USG66007,2026-03-01,1775.0
05.L1.6060.USG66008,2025-12-01,4055.0
05.L1.6060.USG66008,2026-01-01,793.0
05.L1.6060.USG66008,2026-02-01,515.0
05.L1.6060.USG66008,2026-03-01,2010.0
05.L1.8080.688001,2025-12-01,900.0
05.L1.8080.688001,2026-01-01,655.0
05.L1.8080.688001,2026-02-01,637.0
05.L1.8080.688001,2026-03-01,524.0
05.L1.8080.688002,2025-12-01,380.0
05.L1.8080.688002,2026-01-01,630.0
05.L1.8080.688002,2026-02-01,681.0
05.L1.8080.688002,2026-03-01,700.0
05.L1.8080.688003,2025-12-01,1792.0
05.L1.8080.688003,2026-01-01,1884.0
05.L1.8080.688003,2026-02-01,1928.0
05.L1.8080.688003,2026-03-01,1909.0
05.L1.8080.688004,2025-12-01,343.0
05.L1.8080.688004,2026-01-01,367.0
05.L1.8080.688004,2026-02-01,339.0
05.L1.8080.688004,2026-03-01,352.0
05.L1.8080.688005,2025-12-01,894.0
05.L1.8080.688005,2026-01-01,528.0
05.L1.8080.688005,2026-02-01,522.0
05.L1.8080.688005,2026-03-01,473.0
05.L1.8080.688006,2025-12-01,241.0
05.L1.8080.688006,2026-01-01,472.0
05.L1.8080.688006,2026-02-01,520.0
05.L1.8080.688006,2026-03-01,547.0
05.L1.8080.688007,2025-12-01,627.0
05.L1.8080.688007,2026-01-01,931.0
05.L1.8080.688007,2026-02-01,892.0
05.L1.8080.688007,2026-03-01,985.0
05.L1.8080.IP8001,2025-12-01,2500.0
05.L1.8080.IP8001,2026-01-01,6.0
05.L1.8080.IP8001,2026-02-01,56.0
05.L1.8080.IP8001,2026-03-01,252.0
05.L1.8080.IP8002,2025-12-01,311.0
05.L1.8080.IP8002,2026-01-01,0.0
05.L1.8080.IP8002,2026-02-01,0.0
05.L1.8080.IP8002,2026-03-01,0.0
05.L1.8080.IP8003,2025-12-01,0.0
05.L1.8080.IP8003,2026-01-01,521.0
05.L1.8080.IP8003,2026-02-01,373.0
05.L1.8080.IP8003,2026-03-01,400.0
05.L1.8080.IP8004,2025-12-01,52.0
05.L1.8080.IP8004,2026-01-01,221.0
05.L1.8080.IP8004,2026-02-01,243.0
05.L1.8080.IP8004,2026-03-01,275.0
05.L1.8080.IP8005,2025-12-01,218.0
05.L1.8080.IP8005,2026-01-01,26.0
05.L1.8080.IP8005,2026-02-01,26.0
05.L1.8080.IP8005,2026-03-01,30.0
05.L1.8080.IP8006,2025-12-01,84.0
05.L1.8080.IP8006,2026-01-01,10.0
05.L1.8080.IP8006,2026-02-01,8.0
05.L1.8080.IP8006,2026-03-01,7.0
05.L1.8080.IP8007,2025-12-01,0.0
05.L1.8080.IP8007,2026-01-01,0.0
05.L1.8080.IP8007,2026-02-01,56.0
05.L1.8080.IP8007,2026-03-01,195.0
05.L1.8080.IP8008,2025-12-01,189.0
05.L1.8080.IP8008,2026-01-01,0.0
05.L1.8080.IP8008,2026-02-01,0.0
05.L1.8080.IP8008,2026-03-01,0.0
05.L1.8080.USG88001,2025-12-01,1400.0
05.L1.8080.USG88001,2026-01-01,1881.0
05.L1.8080.USG88001,2026-02-01,1955.0
05.L1.8080.USG88001,2026-03-01,1992.0
05.L1.8080.USG88002,2025-12-01,1316.0
05.L1.8080.USG88002,2026-01-01,1666.0
05.L1.8080.USG88002,2026-02-01,1655.0
05.L1.8080.USG88002,2026-03-01,1742.0
05.L1.8080.USG88003,2025-12-01,865.0
05.L1.8080.USG88003,2026-01-01,633.0
05.L1.8080.USG88003,2026-02-01,605.0
05.L1.8080.USG88003,2026-03-01,577.0
05.L1.8080.USG88004,2025-12-01,776.0
05.L1.8080.USG88004,2026-01-01,1033.0
05.L1.8080.USG88004,2026-02-01,1059.0
05.L1.8080.USG88004,2026-03-01,1106.0
05.L1.8080.USG88005,2025-12-01,788.0
05.L1.8080.USG88005,2026-01-01,746.0
05.L1.8080.USG88005,2026-02-01,709.0
05.L1.8080.USG88005,2026-03-01,697.0
05.L1.8080.USG88006,2025-12-01,1431.0
05.L1.8080.USG88006,2026-01-01,1694.0
05.L1.8080.USG88006,2026-02-01,1720.0
05.L1.8080.USG88006,2026-03-01,1718.0
05.L1.8080.USG88007,2025-12-01,1506.0
05.L1.8080.USG88007,2026-01-01,2452.0
05.L1.8080.USG88007,2026-02-01,2551.0
05.L1.8080.USG88007,2026-03-01,2694.0
05.L1.8080.USG88008,2025-12-01,1543.0
05.L1.8080.USG88008,2026-01-01,2924.0
05.L1.8080.USG88008,2026-02-01,3064.0
05.L1.8080.USG88008,2026-03-01,3288.0
09.L1.1590.CA09GK15903,2025-12-01,72.0
09.L1.1590.CA09GK15903,2026-01-01,0.0
09.L1.1590.CA09GK15903,2026-02-01,0.0
09.L1.1590.CA09GK15903,2026-03-01,0.0
09.L1.1590.CA10GK15901,2025-12-01,0.0
09.L1.1590.CA10GK15901,2026-01-01,81.0
09.L1.1590.CA10GK15901,2026-02-01,359.0
09.L1.1590.CA10GK15901,2026-03-01,344.0
09.L1.3060.CA7GM3602,2025-12-01,0.0
09.L1.3060.CA7GM3602,2026-01-01,15.0
09.L1.3060.CA7GM3602,2026-02-01,16.0
09.L1.3060.CA7GM3602,2026-03-01,18.0
09.L1.3060.CA7GM3603,2025-12-01,32.0
09.L1.3060.CA7GM3603,2026-01-01,8.0
09.L1.3060.CA7GM3603,2026-02-01,7.0
09.L1.3060.CA7GM3603,2026-03-01,6.0
09.L1.6060.CA01GM6601,2025-12-01,178.0
09.L1.6060.CA01GM6601,2026-01-01,251.0
09.L1.6060.CA01GM6601,2026-02-01,242.0
09.L1.6060.CA01GM6601,2026-03-01,196.0
09.L1.6060.CA01GM6602,2025-12-01,116.0
09.L1.6060.CA01GM6602,2026-01-01,0.0
09.L1.6060.CA01GM6602,2026-02-01,0.0
09.L1.6060.CA01GM6602,2026-03-01,0.0
09.L1.6060.CA03GM6601,2025-12-01,162.0
09.L1.6060.CA03GM6601,2026-01-01,0.0
09.L1.6060.CA03GM6601,2026-02-01,13.0
09.L1.6060.CA03GM6601,2026-03-01,47.0
09.L1.6060.CA03GM6602,2025-12-01,41.0
09.L1.6060.CA03GM6602,2026-01-01,30.0
09.L1.6060.CA03GM6602,2026-02-01,16.0
09.L1.6060.CA03GM6602,2026-03-01,17.0
09.L1.6060.CA05GM6601,2025-12-01,57.0
09.L1.6060.CA05GM6601,2026-01-01,34.0
09.L1.6060.CA05GM6601,2026-02-01,20.0
09.L1.6060.CA05GM6601,2026-03-01,20.0
09.L1.6060.CA08GM6602,2025-12-01,10.0
09.L1.6060.CA08GM6602,2026-01-01,4.0
09.L1.6060.CA08GM6602,2026-02-01,5.0
09.L1.6060.CA08GM6602,2026-03-01,4.0
10.L1.3060.4547,2025-12-01,2832.0
10.L1.3060.4547,2026-01-01,522.0
10.L1.3060.4547,2026-02-01,339.0
10.L1.3060.4547,2026-03-01,1566.0
10.L1.3060.4548,2025-12-01,276.0
10.L1.3060.4548,2026-01-01,0.0
10.L1.3060.4548,2026-02-01,24.0
10.L1.3060.4548,2026-03-01,84.0
10.L1.3060.4549,2025-12-01,405.0
10.L1.3060.4549,2026-01-01,0.0
10.L1.3060.4549,2026-02-01,61.0
10.L1.3060.4549,2026-03-01,202.0
10.L1.3060.4551,2025-12-01,5571.0
10.L1.3060.4551,2026-01-01,0.0
10.L1.3060.4551,2026-02-01,0.0
10.L1.3060.4551,2026-03-01,127.0
10.L1.3060.4552,2025-12-01,50.0
10.L1.3060.4552,2026-01-01,0.0
10.L1.3060.4552,2026-02-01,7.0
10.L1.3060.4552,2026-03-01,25.0
10.L1.3060.4553,2025-12-01,494.0
10.L1.3060.4553,2026-01-01,0.0
10.L1.3060.4553,2026-02-01,74.0
10.L1.3060.4553,2026-03-01,247.0
10.L1.3060.4554,2025-12-01,3046.0
10.L1.3060.4554,2026-01-01,0.0
10.L1.3060.4554,2026-02-01,0.0
10.L1.3060.4554,2026-03-01,0.0
10.L1.3060.4555,2025-12-01,23.0
10.L1.3060.4555,2026-01-01,0.0
10.L1.3060.4555,2026-02-01,36.0
10.L1.3060.4555,2026-03-01,127.0
10.L1.3060.4556,2025-12-01,216.0
10.L1.3060.4556,2026-01-01,142.0
10.L1.3060.4556,2026-02-01,162.0
10.L1.3060.4556,2026-03-01,131.0
10.L1.3060.4557,2025-12-01,1811.0
10.L1.3060.4557,2026-01-01,0.0
10.L1.3060.4557,2026-02-01,0.0
10.L1.3060.4557,2026-03-01,49.0
10.L1.3060.4558,2025-12-01,122.0
10.L1.3060.4558,2026-01-01,78.0
10.L1.3060.4558,2026-02-01,73.0
10.L1.3060.4558,2026-03-01,67.0
10.L1.3060.4559,2025-12-01,226.0
10.L1.3060.4559,2026-01-01,0.0
10.L1.3060.4559,2026-02-01,3.0
10.L1.3060.4559,2026-03-01,11.0
10.L1.3060.4561,2025-12-01,2614.0
10.L1.3060.4561,2026-01-01,135.0
10.L1.3060.4561,2026-02-01,88.0
10.L1.3060.4561,2026-03-01,135.0
10.L1.3060.4562,2025-12-01,158.0
10.L1.3060.4562,2026-01-01,0.0
10.L1.3060.4562,2026-02-01,65.0
10.L1.3060.4562,2026-03-01,226.0
10.L1.3060.4563,2025-12-01,250.0
10.L1.3060.4563,2026-01-01,0.0
10.L1.3060.4563,2026-02-01,0.0
10.L1.3060.4563,2026-03-01,0.0
10.L1.3060.4564,2025-12-01,1572.0
10.L1.3060.4564,2026-01-01,0.0
10.L1.3060.4564,2026-02-01,0.0
10.L1.3060.4564,2026-03-01,69.0
10.L1.3060.4565,2025-12-01,327.0
10.L1.3060.4565,2026-01-01,0.0
10.L1.3060.4565,2026-02-01,0.0
10.L1.3060.4565,2026-03-01,0.0
10.L1.3060.4566,2025-12-01,123.0
10.L1.3060.4566,2026-01-01,0.0
10.L1.3060.4566,2026-02-01,0.0
10.L1.3060.4566,2026-03-01,0.0
10.L1.3060.4567,2025-12-01,722.0
10.L1.3060.4567,2026-01-01,162.0
10.L1.3060.4567,2026-02-01,126.0
10.L1.3060.4567,2026-03-01,571.0
10.L1.3060.4568,2025-12-01,60.0
10.L1.3060.4568,2026-01-01,261.0
10.L1.3060.4568,2026-02-01,304.0
10.L1.3060.4568,2026-03-01,230.0
10.L1.3060.4569,2025-12-01,72.0
10.L1.3060.4569,2026-01-01,31.0
10.L1.3060.4569,2026-02-01,36.0
10.L1.3060.4569,2026-03-01,27.0
10.L1.3060.4571,2025-12-01,159.0
10.L1.3060.4571,2026-01-01,0.0
10.L1.3060.4571,2026-02-01,136.0
10.L1.3060.4571,2026-03-01,477.0
10.L1.3060.4572,2025-12-01,30.0
10.L1.3060.4572,2026-01-01,200.0
10.L1.3060.4572,2026-02-01,221.0
10.L1.3060.4572,2026-03-01,249.0
10.L1.3060.4573,2025-12-01,720.0
10.L1.3060.4573,2026-01-01,39.0
10.L1.3060.4573,2026-02-01,25.0
10.L1.3060.4573,2026-03-01,39.0
10.L1.3060.4604,2025-12-01,32.0
10.L1.3060.4604,2026-01-01,61.0
10.L1.3060.4604,2026-02-01,68.0
10.L1.3060.4604,2026-03-01,69.0
10.L1.3060.4605,2025-12-01,141.0
10.L1.3060.4605,2026-01-01,0.0
10.L1.3060.4605,2026-02-01,6.0
10.L1.3060.4605,2026-03-01,21.0
10.L1.3060.4606,2025-12-01,104.0
10.L1.3060.4606,2026-01-01,48.0
10.L1.3060.4606,2026-02-01,43.0
10.L1.3060.4606,2026-03-01,198.0
10.L1.3060.4607,2025-12-01,1092.0
10.L1.3060.4607,2026-01-01,0.0
10.L1.3060.4607,2026-02-01,0.0
10.L1.3060.4607,2026-03-01,0.0
10.L1.3060.4608,2025-12-01,0.0
10.L1.3060.4608,2026-01-01,4.0
10.L1.3060.4608,2026-02-01,5.0
10.L1.3060.4608,2026-03-01,3.0
10.L1.3060.4609,2025-12-01,1920.0
10.L1.3060.4609,2026-01-01,14.0
10.L1.3060.4609,2026-02-01,9.0
10.L1.3060.4609,2026-03-01,14.0
10.L1.3060.4611,2025-12-01,350.0
10.L1.3060.4611,2026-01-01,0.0
10.L1.3060.4611,2026-02-01,29.0
10.L1.3060.4611,2026-03-01,100.0
10.L1.3060.4612,2025-12-01,34.0
10.L1.3060.4612,2026-01-01,0.0
10.L1.3060.4612,2026-02-01,34.0
10.L1.3060.4612,2026-03-01,117.0
10.L1.3060.4613,2025-12-01,300.0
10.L1.3060.4613,2026-01-01,0.0
10.L1.3060.4613,2026-02-01,13.0
10.L1.3060.4613,2026-03-01,43.0
10.L1.3060.4614,2025-12-01,180.0
10.L1.3060.4614,2026-01-01,1880.0
10.L1.3060.4614,2026-02-01,2001.0
10.L1.3060.4614,2026-03-01,2271.0
10.L1.3060.4615,2025-12-01,13.0
10.L1.3060.4615,2026-01-01,109.0
10.L1.3060.4615,2026-02-01,104.0
10.L1.3060.4615,2026-03-01,116.0
10.L1.3060.4616,2025-12-01,130.0
10.L1.3060.4616,2026-01-01,1317.0
10.L1.3060.4616,2026-02-01,1405.0
10.L1.3060.4616,2026-03-01,1593.0
10.L1.3060.4617,2025-12-01,550.0
10.L1.3060.4617,2026-01-01,3771.0
10.L1.3060.4617,2026-02-01,3280.0
10.L1.3060.4617,2026-03-01,3379.0
10.L1.3060.4618,2025-12-01,73.0
10.L1.3060.4618,2026-01-01,183.0
10.L1.3060.4618,2026-02-01,119.0
10.L1.3060.4618,2026-03-01,201.0
10.L1.3060.4619,2025-12-01,200.0
10.L1.3060.4619,2026-01-01,302.0
10.L1.3060.4619,2026-02-01,347.0
10.L1.3060.4619,2026-03-01,293.0
10.L1.3060.4621,2025-12-01,1500.0
10.L1.3060.4621,2026-01-01,0.0
10.L1.3060.4621,2026-02-01,0.0
10.L1.3060.4621,2026-03-01,0.0
10.L1.3060.4622,2025-12-01,346.0
10.L1.3060.4622,2026-01-01,0.0
10.L1.3060.4622,2026-02-01,7.0
10.L1.3060.4622,2026-03-01,24.0
10.L1.3060.4623,2025-12-01,32.0
10.L1.3060.4623,2026-01-01,43.0
10.L1.3060.4623,2026-02-01,49.0
10.L1.3060.4623,2026-03-01,45.0
10.L1.3060.4624,2025-12-01,600.0
10.L1.3060.4624,2026-01-01,642.0
10.L1.3060.4624,2026-02-01,678.0
10.L1.3060.4624,2026-03-01,533.0
10.L1.3060.4625,2025-12-01,38.0
10.L1.3060.4625,2026-01-01,0.0
10.L1.3060.4625,2026-02-01,28.0
10.L1.3060.4625,2026-03-01,98.0
10.L1.3060.4626,2025-12-01,122.0
10.L1.3060.4626,2026-01-01,0.0
10.L1.3060.4626,2026-02-01,0.0
10.L1.3060.4626,2026-03-01,0.0
10.L1.3060.4631,2025-12-01,500.0
10.L1.3060.4631,2026-01-01,81.0
10.L1.3060.4631,2026-02-01,53.0
10.L1.3060.4631,2026-03-01,85.0
10.L1.3060.4632,2025-12-01,169.0
10.L1.3060.4632,2026-01-01,0.0
10.L1.3060.4632,2026-02-01,78.0
10.L1.3060.4632,2026-03-01,274.0
10.L1.3060.4633,2025-12-01,450.0
10.L1.3060.4633,2026-01-01,0.0
10.L1.3060.4633,2026-02-01,0.0
10.L1.3060.4633,2026-03-01,0.0
10.L1.3060.5029,2025-12-01,664.0
10.L1.3060.5029,2026-01-01,0.0
10.L1.3060.5029,2026-02-01,0.0
10.L1.3060.5029,2026-03-01,0.0
10.L1.3060.5761,2025-12-01,130.0
10.L1.3060.5761,2026-01-01,86.0
10.L1.3060.5761,2026-02-01,72.0
10.L1.3060.5761,2026-03-01,81.0
10.L1.3060.5762,2025-12-01,879.0
10.L1.3060.5762,2026-01-01,452.0
10.L1.3060.5762,2026-02-01,349.0
10.L1.3060.5762,2026-03-01,332.0
10.L1.3060.5763,2025-12-01,176.0
10.L1.3060.5763,2026-01-01,0.0
10.L1.3060.5763,2026-02-01,16.0
10.L1.3060.5763,2026-03-01,55.0
10.L1.3060.5791,2025-12-01,112.0
10.L1.3060.5791,2026-01-01,1592.0
10.L1.3060.5791,2026-02-01,1750.0
10.L1.3060.5791,2026-03-01,1977.0
10.L1.3060.5792,2025-12-01,0.0
10.L1.3060.5792,2026-01-01,72.0
10.L1.3060.5792,2026-02-01,80.0
10.L1.3060.5792,2026-03-01,91.0
10.L1.3060.5793,2025-12-01,0.0
10.L1.3060.5793,2026-01-01,0.0
10.L1.3060.5793,2026-02-01,225.0
10.L1.3060.5793,2026-03-01,786.0
10.L1.3060.68001,2025-12-01,1200.0
10.L1.3060.68001,2026-01-01,1887.0
10.L1.3060.68001,2026-02-01,2170.0
10.L1.3060.68001,2026-03-01,1702.0
10.L1.3060.68002,2025-12-01,58.0
10.L1.3060.68002,2026-01-01,305.0
10.L1.3060.68002,2026-02-01,349.0
10.L1.3060.68002,2026-03-01,309.0
10.L1.3060.68003,2025-12-01,112.0
10.L1.3060.68003,2026-01-01,132.0
10.L1.3060.68003,2026-02-01,149.0
10.L1.3060.68003,2026-03-01,122.0
10.L1.3060.68004,2025-12-01,18.0
10.L1.3060.68004,2026-01-01,77.0
10.L1.3060.68004,2026-02-01,86.0
10.L1.3060.68004,2026-03-01,93.0
10.L1.3060.68005,2025-12-01,0.0
10.L1.3060.68005,2026-01-01,199.0
10.L1.3060.68005,2026-02-01,219.0
10.L1.3060.68005,2026-03-01,249.0
10.L1.3060.68006,2025-12-01,6.0
10.L1.3060.68006,2026-01-01,360.0
10.L1.3060.68006,2026-02-01,226.0
10.L1.3060.68006,2026-03-01,247.0
10.L1.3060.68007,2025-12-01,900.0
10.L1.3060.68007,2026-01-01,0.0
10.L1.3060.68007,2026-02-01,0.0
10.L1.3060.68007,2026-03-01,0.0
10.L1.3060.68008,2025-12-01,134.0
10.L1.3060.68008,2026-01-01,0.0
10.L1.3060.68008,2026-02-01,50.0
10.L1.3060.68008,2026-03-01,175.0
10.L1.3060.68009,2025-12-01,198.0
10.L1.3060.68009,2026-01-01,93.0
10.L1.3060.68009,2026-02-01,104.0
10.L1.3060.68009,2026-03-01,106.0
10.L1.3060.68011,2025-12-01,400.0
10.L1.3060.68011,2026-01-01,104.0
10.L1.3060.68011,2026-02-01,68.0
10.L1.3060.68011,2026-03-01,139.0
10.L1.3060.68012,2025-12-01,208.0
10.L1.3060.68012,2026-01-01,196.0
10.L1.3060.68012,2026-02-01,200.0
10.L1.3060.68012,2026-03-01,199.0
10.L1.3060.68013,2025-12-01,30.0
10.L1.3060.68013,2026-01-01,23.0
10.L1.3060.68013,2026-02-01,14.0
10.L1.3060.68013,2026-03-01,14.0
10.L1.3060.68014,2025-12-01,732.0
10.L1.3060.68014,2026-01-01,0.0
10.L1.3060.68014,2026-02-01,93.0
10.L1.3060.68014,2026-03-01,325.0
10.L1.3060.68015,2025-12-01,228.0
10.L1.3060.68015,2026-01-01,0.0
10.L1.3060.68015,2026-02-01,22.0
10.L1.3060.68015,2026-03-01,78.0
10.L1.3060.68016,2025-12-01,184.0
10.L1.3060.68016,2026-01-01,0.0
10.L1.3060.68016,2026-02-01,17.0
10.L1.3060.68016,2026-03-01,60.0
10.L1.3060.68017,2025-12-01,694.0
10.L1.3060.68017,2026-01-01,715.0
10.L1.3060.68017,2026-02-01,812.0
10.L1.3060.68017,2026-03-01,741.0
10.L1.3060.68018,2025-12-01,20.0
10.L1.3060.68018,2026-01-01,0.0
10.L1.3060.68018,2026-02-01,16.0
10.L1.3060.68018,2026-03-01,54.0
10.L1.3060.68019,2025-12-01,450.0
10.L1.3060.68019,2026-01-01,506.0
10.L1.3060.68019,2026-02-01,560.0
10.L1.3060.68019,2026-03-01,530.0
10.L1.3060.7801,2025-12-01,0.0
10.L1.3060.7801,2026-01-01,38.0
10.L1.3060.7801,2026-02-01,42.0
10.L1.3060.7801,2026-03-01,48.0
10.L1.3060.7805,2025-12-01,514.0
10.L1.3060.7805,2026-01-01,0.0
10.L1.3060.7805,2026-02-01,0.0
10.L1.3060.7805,2026-03-01,0.0
10.L1.3060.7806,2025-12-01,190.0
10.L1.3060.7806,2026-01-01,176.0
10.L1.3060.7806,2026-02-01,1387.0
10.L1.3060.7806,2026-03-01,1303.0
10.L1.3060.7821,2025-12-01,250.0
10.L1.3060.7821,2026-01-01,389.0
10.L1.3060.7821,2026-02-01,446.0
10.L1.3060.7821,2026-03-01,388.0
10.L1.3060.7822,2025-12-01,342.0
10.L1.3060.7822,2026-01-01,178.0
10.L1.3060.7822,2026-02-01,207.0
10.L1.3060.7822,2026-03-01,157.0
10.L1.3060.7823,2025-12-01,50.0
10.L1.3060.7823,2026-01-01,0.0
10.L1.3060.7823,2026-02-01,14.0
10.L1.3060.7823,2026-03-01,48.0
10.L1.3060.7831,2025-12-01,36.0
10.L1.3060.7831,2026-01-01,42.0
10.L1.3060.7831,2026-02-01,48.0
10.L1.3060.7831,2026-03-01,47.0
10.L1.3060.7832,2025-12-01,190.0
10.L1.3060.7832,2026-01-01,0.0
10.L1.3060.7832,2026-02-01,32.0
10.L1.3060.7832,2026-03-01,110.0
10.L1.3060.7833,2025-12-01,600.0
10.L1.3060.7833,2026-01-01,0.0
10.L1.3060.7833,2026-02-01,0.0
10.L1.3060.7833,2026-03-01,51.0
10.L1.3060.7837,2025-12-01,200.0
10.L1.3060.7837,2026-01-01,0.0
10.L1.3060.7837,2026-02-01,45.0
10.L1.3060.7837,2026-03-01,159.0
10.L1.3060.7838,2025-12-01,448.0
10.L1.3060.7838,2026-01-01,700.0
10.L1.3060.7838,2026-02-01,648.0
10.L1.3060.7838,2026-03-01,647.0
10.L1.3060.7839,2025-12-01,1218.0
10.L1.3060.7839,2026-01-01,0.0
10.L1.3060.7839,2026-02-01,0.0
10.L1.3060.7839,2026-03-01,20.0
10.L1.4080.9951,2025-12-01,40.0
10.L1.4080.9951,2026-01-01,43.0
10.L1.4080.9951,2026-02-01,50.0
10.L1.4080.9951,2026-03-01,38.0
10.L1.4080.9952,2025-12-01,49.0
10.L1.4080.9952,2026-01-01,25.0
10.L1.4080.9952,2026-02-01,29.0
10.L1.4080.9952,2026-03-01,22.0
10.L1.4080.9953,2025-12-01,86.0
10.L1.4080.9953,2026-01-01,191.0
10.L1.4080.9953,2026-02-01,211.0
10.L1.4080.9953,2026-03-01,228.0
10.L1.4080.9956,2025-12-01,0.0
10.L1.4080.9956,2026-01-01,14.0
10.L1.4080.9956,2026-02-01,15.0
10.L1.4080.9956,2026-03-01,17.0
10.L1.4080.9957,2025-12-01,69.0
10.L1.4080.9957,2026-01-01,0.0
10.L1.4080.9957,2026-02-01,15.0
10.L1.4080.9957,2026-03-01,50.0
10.L1.4080.9959,2025-12-01,7.0
10.L1.4080.9959,2026-01-01,28.0
10.L1.4080.9959,2026-02-01,30.0
10.L1.4080.9959,2026-03-01,34.0
10.L1.4080.9962,2025-12-01,12.0
10.L1.4080.9962,2026-01-01,3.0
10.L1.4080.9962,2026-02-01,4.0
10.L1.4080.9962,2026-03-01,3.0
10.L1.4080.9963,2025-12-01,52.0
10.L1.4080.9963,2026-01-01,39.0
10.L1.4080.9963,2026-02-01,42.0
10.L1.4080.9963,2026-03-01,33.0
10.L1.4080.9964,2025-12-01,76.0
10.L1.4080.9964,2026-01-01,9.0
10.L1.4080.9964,2026-02-01,10.0
10.L1.4080.9964,2026-03-01,8.0
10.L1.4080.9965,2025-12-01,327.0
10.L1.4080.9965,2026-01-01,98.0
10.L1.4080.9965,2026-02-01,114.0
10.L1.4080.9965,2026-03-01,86.0
10.L1.4080.9966,2025-12-01,185.0
10.L1.4080.9966,2026-01-01,75.0
10.L1.4080.9966,2026-02-01,87.0
10.L1.4080.9966,2026-03-01,66.0
10.L1.5050.5317,2025-12-01,206.0
10.L1.5050.5317,2026-01-01,21.0
10.L1.5050.5317,2026-02-01,22.0
10.L1.5050.5317,2026-03-01,17.0
10.L1.5050.5318,2025-12-01,0.0
10.L1.5050.5318,2026-01-01,51.0
10.L1.5050.5318,2026-02-01,56.0
10.L1.5050.5318,2026-03-01,64.0
10.L1.5050.5319,2025-12-01,518.0
10.L1.5050.5319,2026-01-01,164.0
10.L1.5050.5319,2026-02-01,192.0
10.L1.5050.5319,2026-03-01,145.0
10.L1.5050.A5315,2025-12-01,66.0
10.L1.5050.A5315,2026-01-01,67.0
10.L1.5050.A5315,2026-02-01,50.0
10.L1.5050.A5315,2026-03-01,54.0
10.L1.5050.A5316,2025-12-01,40.0
10.L1.5050.A5316,2026-01-01,0.0
10.L1.5050.A5316,2026-02-01,0.0
10.L1.5050.A5316,2026-03-01,0.0
10.L1.5050.A5317,2025-12-01,20.0
10.L1.5050.A5317,2026-01-01,248.0
10.L1.5050.A5317,2026-02-01,258.0
10.L1.5050.A5317,2026-03-01,203.0
10.L1.5050.A5318,2025-12-01,190.0
10.L1.5050.A5318,2026-01-01,0.0
10.L1.5050.A5318,2026-02-01,0.0
10.L1.5050.A5318,2026-03-01,0.0
10.L1.5050.A5319,2025-12-01,220.0
10.L1.5050.A5319,2026-01-01,1497.0
10.L1.5050.A5319,2026-02-01,973.0
10.L1.5050.A5319,2026-03-01,1647.0
10.L1.5050.A5321,2025-12-01,15.0
10.L1.5050.A5321,2026-01-01,12.0
10.L1.5050.A5321,2026-02-01,8.0
10.L1.5050.A5321,2026-03-01,8.0
10.L1.5050.A5322,2025-12-01,0.0
10.L1.5050.A5322,2026-01-01,132.0
10.L1.5050.A5322,2026-02-01,77.0
10.L1.5050.A5322,2026-03-01,102.0
10.L1.6060.5165,2025-12-01,150.0
10.L1.6060.5165,2026-01-01,99.0
10.L1.6060.5165,2026-02-01,64.0
10.L1.6060.5165,2026-03-01,72.0
10.L1.6060.5168,2025-12-01,39.0
10.L1.6060.5168,2026-01-01,42.0
10.L1.6060.5168,2026-02-01,41.0
10.L1.6060.5168,2026-03-01,37.0
10.L1.6060.5169,2025-12-01,40.0
10.L1.6060.5169,2026-01-01,0.0
10.L1.6060.5169,2026-02-01,0.0
10.L1.6060.5169,2026-03-01,0.0
10.L1.6060.5189,2025-12-01,40.0
10.L1.6060.5189,2026-01-01,28.0
10.L1.6060.5189,2026-02-01,32.0
10.L1.6060.5189,2026-03-01,24.0
10.L1.6060.5191,2025-12-01,15.0
10.L1.6060.5191,2026-01-01,41.0
10.L1.6060.5191,2026-02-01,39.0
10.L1.6060.5191,2026-03-01,44.0
10.L1.6060.5192,2025-12-01,413.0
10.L1.6060.5192,2026-01-01,130.0
10.L1.6060.5192,2026-02-01,121.0
10.L1.6060.5192,2026-03-01,115.0
10.L1.6060.5193,2025-12-01,76.0
10.L1.6060.5193,2026-01-01,0.0
10.L1.6060.5193,2026-02-01,0.0
10.L1.6060.5193,2026-03-01,0.0
10.L1.6060.5194,2025-12-01,65.0
10.L1.6060.5194,2026-01-01,0.0
10.L1.6060.5194,2026-02-01,0.0
10.L1.6060.5194,2026-03-01,0.0
10.L1.6060.5195,2025-12-01,87.0
10.L1.6060.5195,2026-01-01,0.0
10.L1.6060.5195,2026-02-01,22.0
10.L1.6060.5195,2026-03-01,78.0
10.L1.6060.5196,2025-12-01,101.0
10.L1.6060.5196,2026-01-01,43.0
10.L1.6060.5196,2026-02-01,23.0
10.L1.6060.5196,2026-03-01,26.0
10.L1.6060.5613,2025-12-01,65.0
10.L1.6060.5613,2026-01-01,20.0
10.L1.6060.5613,2026-02-01,23.0
10.L1.6060.5613,2026-03-01,18.0
10.L1.6060.5680,2025-12-01,0.0
10.L1.6060.5680,2026-01-01,18.0
10.L1.6060.5680,2026-02-01,20.0
10.L1.6060.5680,2026-03-01,23.0
10.L1.6060.5687,2025-12-01,0.0
10.L1.6060.5687,2026-01-01,34.0
10.L1.6060.5687,2026-02-01,37.0
10.L1.6060.5687,2026-03-01,42.0
10.L1.6060.5712,2025-12-01,0.0
10.L1.6060.5712,2026-01-01,4.0
10.L1.6060.5712,2026-02-01,4.0
10.L1.6060.5712,2026-03-01,5.0
10.L1.6060.5713,2025-12-01,10.0
10.L1.6060.5713,2026-01-01,0.0
10.L1.6060.5713,2026-02-01,0.0
10.L1.6060.5713,2026-03-01,0.0
10.L1.6060.5714,2025-12-01,84.0
10.L1.6060.5714,2026-01-01,60.0
10.L1.6060.5714,2026-02-01,55.0
10.L1.6060.5714,2026-03-01,46.0
10.L1.6060.5715,2025-12-01,100.0
10.L1.6060.5715,2026-01-01,0.0
10.L1.6060.5715,2026-02-01,0.0
10.L1.6060.5715,2026-03-01,0.0
10.L1.6060.5716,2025-12-01,1.0
10.L1.6060.5716,2026-01-01,0.0
10.L1.6060.5716,2026-02-01,0.0
10.L1.6060.5716,2026-03-01,0.0
10.L1.6060.5717,2025-12-01,130.0
10.L1.6060.5717,2026-01-01,0.0
10.L1.6060.5717,2026-02-01,31.0
10.L1.6060.5717,2026-03-01,103.0
10.L1.6060.5718,2025-12-01,0.0
10.L1.6060.5718,2026-01-01,2.0
10.L1.6060.5718,2026-02-01,2.0
10.L1.6060.5718,2026-03-01,2.0
10.L1.6060.5719,2025-12-01,8.0
10.L1.6060.5719,2026-01-01,8.0
10.L1.6060.5719,2026-02-01,8.0
10.L1.6060.5719,2026-03-01,9.0
10.L1.6060.5721,2025-12-01,25.0
10.L1.6060.5721,2026-01-01,34.0
10.L1.6060.5721,2026-02-01,39.0
10.L1.6060.5721,2026-03-01,36.0
10.L1.6060.5722,2025-12-01,60.0
10.L1.6060.5722,2026-01-01,64.0
10.L1.6060.5722,2026-02-01,71.0
10.L1.6060.5722,2026-03-01,77.0
10.L1.6060.5724,2025-12-01,170.0
10.L1.6060.5724,2026-01-01,224.0
10.L1.6060.5724,2026-02-01,250.0
10.L1.6060.5724,2026-03-01,224.0
10.L1.6060.5725,2025-12-01,240.0
10.L1.6060.5725,2026-01-01,0.0
10.L1.6060.5725,2026-02-01,0.0
10.L1.6060.5725,2026-03-01,58.0
10.L1.6060.5726,2025-12-01,50.0
10.L1.6060.5726,2026-01-01,0.0
10.L1.6060.5726,2026-02-01,0.0
10.L1.6060.5726,2026-03-01,0.0
10.L1.6060.6103,2025-12-01,64.0
10.L1.6060.6103,2026-01-01,44.0
10.L1.6060.6103,2026-02-01,48.0
10.L1.6060.6103,2026-03-01,55.0
10.L1.6060.6157,2025-12-01,450.0
10.L1.6060.6157,2026-01-01,230.0
10.L1.6060.6157,2026-02-01,249.0
10.L1.6060.6157,2026-03-01,194.0
10.L1.6060.6158,2025-12-01,50.0
10.L1.6060.6158,2026-01-01,0.0
10.L1.6060.6158,2026-02-01,0.0
10.L1.6060.6158,2026-03-01,0.0
10.L1.6060.6159,2025-12-01,42.0
10.L1.6060.6159,2026-01-01,0.0
10.L1.6060.6159,2026-02-01,29.0
10.L1.6060.6159,2026-03-01,101.0
10.L1.6060.6161,2025-12-01,30.0
10.L1.6060.6161,2026-01-01,0.0
10.L1.6060.6161,2026-02-01,0.0
10.L1.6060.6161,2026-03-01,0.0
10.L1.6060.6162,2025-12-01,48.0
10.L1.6060.6162,2026-01-01,425.0
10.L1.6060.6162,2026-02-01,361.0
10.L1.6060.6162,2026-03-01,655.0
10.L1.6060.6163,2025-12-01,20.0
10.L1.6060.6163,2026-01-01,0.0
10.L1.6060.6163,2026-02-01,0.0
10.L1.6060.6163,2026-03-01,0.0
10.L1.6060.74002,2025-12-01,129.0
10.L1.6060.74002,2026-01-01,0.0
10.L1.6060.74002,2026-02-01,53.0
10.L1.6060.74002,2026-03-01,176.0
10.L1.6060.74003,2025-12-01,130.0
10.L1.6060.74003,2026-01-01,321.0
10.L1.6060.74003,2026-02-01,347.0
10.L1.6060.74003,2026-03-01,374.0
10.L1.6060.74005,2025-12-01,5.0
10.L1.6060.74005,2026-01-01,35.0
10.L1.6060.74005,2026-02-01,37.0
10.L1.6060.74005,2026-03-01,42.0
10.L1.6060.74006,2025-12-01,25.0
10.L1.6060.74006,2026-01-01,16.0
10.L1.6060.74006,2026-02-01,14.0
10.L1.6060.74006,2026-03-01,12.0
10.L1.6060.74007,2025-12-01,96.0
10.L1.6060.74007,2026-01-01,336.0
10.L1.6060.74007,2026-02-01,350.0
10.L1.6060.74007,2026-03-01,387.0
10.L1.6060.74008,2025-12-01,403.0
10.L1.6060.74008,2026-01-01,20.0
10.L1.6060.74008,2026-02-01,13.0
10.L1.6060.74008,2026-03-01,21.0
10.L1.6060.75604,2025-12-01,170.0
10.L1.6060.75604,2026-01-01,162.0
10.L1.6060.75604,2026-02-01,176.0
10.L1.6060.75604,2026-03-01,156.0
10.L1.6060.75605,2025-12-01,20.0
10.L1.6060.75605,2026-01-01,39.0
10.L1.6060.75605,2026-02-01,26.0
10.L1.6060.75605,2026-03-01,29.0
10.L1.6060.75606,2025-12-01,10.0
10.L1.6060.75606,2026-01-01,52.0
10.L1.6060.75606,2026-02-01,57.0
10.L1.6060.75606,2026-03-01,63.0
10.L1.8080.5874,2025-12-01,166.0
10.L1.8080.5874,2026-01-01,0.0
10.L1.8080.5874,2026-02-01,4.0
10.L1.8080.5874,2026-03-01,13.0
10.L1.8080.5876,2025-12-01,216.0
10.L1.8080.5876,2026-01-01,232.0
10.L1.8080.5876,2026-02-01,198.0
10.L1.8080.5876,2026-03-01,202.0
10.L1.8080.5877,2025-12-01,38.0
10.L1.8080.5877,2026-01-01,75.0
10.L1.8080.5877,2026-02-01,84.0
10.L1.8080.5877,2026-03-01,86.0
10.L1.8080.5879,2025-12-01,215.0
10.L1.8080.5879,2026-01-01,214.0
10.L1.8080.5879,2026-02-01,154.0
10.L1.8080.5879,2026-03-01,172.0
10.L1.8080.5880,2025-12-01,60.0
10.L1.8080.5880,2026-01-01,18.0
10.L1.8080.5880,2026-02-01,21.0
10.L1.8080.5880,2026-03-01,16.0
10.L1.8080.5887,2025-12-01,50.0
10.L1.8080.5887,2026-01-01,4.0
10.L1.8080.5887,2026-02-01,5.0
10.L1.8080.5887,2026-03-01,4.0
10.L1.8080.5889,2025-12-01,259.0
10.L1.8080.5889,2026-01-01,93.0
10.L1.8080.5889,2026-02-01,106.0
10.L1.8080.5889,2026-03-01,86.0
10.L1.8080.5891,2025-12-01,215.0
10.L1.8080.5891,2026-01-01,0.0
10.L1.8080.5891,2026-02-01,0.0
10.L1.8080.5891,2026-03-01,0.0
10.L1.8080.5894,2025-12-01,24.0
10.L1.8080.5894,2026-01-01,0.0
10.L1.8080.5894,2026-02-01,0.0
10.L1.8080.5894,2026-03-01,0.0
10.L1.8080.5895,2025-12-01,0.0
10.L1.8080.5895,2026-01-01,419.0
10.L1.8080.5895,2026-02-01,272.0
10.L1.8080.5895,2026-03-01,461.0
10.L1.8080.5896,2025-12-01,80.0
10.L1.8080.5896,2026-01-01,4.0
10.L1.8080.5896,2026-02-01,4.0
10.L1.8080.5896,2026-03-01,4.0
10.L1.8080.5899,2025-12-01,0.0
10.L1.8080.5899,2026-01-01,177.0
10.L1.8080.5899,2026-02-01,59.0
10.L1.8080.5899,2026-03-01,0.0
10.L1.8080.75004,2025-12-01,0.0
10.L1.8080.75004,2026-01-01,10.0
10.L1.8080.75004,2026-02-01,11.0
10.L1.8080.75004,2026-03-01,12.0
10.L1.8080.75005,2025-12-01,48.0
10.L1.8080.75005,2026-01-01,58.0
10.L1.8080.75005,2026-02-01,65.0
10.L1.8080.75005,2026-03-01,62.0
10.L1.8080.75006,2025-12-01,0.0
10.L1.8080.75006,2026-01-01,0.0
10.L1.8080.75006,2026-02-01,20.0
10.L1.8080.75006,2026-03-01,71.0
10.L1.8080.9454,2025-12-01,33.0
10.L1.8080.9454,2026-01-01,5.0
10.L1.8080.9454,2026-02-01,4.0
10.L1.8080.9454,2026-03-01,5.0
12.L1.2040.2402,2025-12-01,0.0
12.L1.2040.2402,2026-01-01,2.0
12.L1.2040.2402,2026-02-01,2.0
12.L1.2040.2402,2026-03-01,3.0
12.L1.2040.U2421,2025-12-01,0.0
12.L1.2040.U2421,2026-01-01,264.0
12.L1.2040.U2421,2026-02-01,290.0
12.L1.2040.U2421,2026-03-01,330.0
12.L1.2040.U2422,2025-12-01,0.0
12.L1.2040.U2422,2026-01-01,6.0
12.L1.2040.U2422,2026-02-01,7.0
12.L1.2040.U2422,2026-03-01,8.0
12.L1.2040.U2425,2025-12-01,0.0
12.L1.2040.U2425,2026-01-01,24.0
12.L1.2040.U2425,2026-02-01,26.0
12.L1.2040.U2425,2026-03-01,30.0
12.L1.2040.U2427,2025-12-01,0.0
12.L1.2040.U2427,2026-01-01,68.0
12.L1.2040.U2427,2026-02-01,74.0
12.L1.2040.U2427,2026-03-01,84.0
12.L1.2040.U2429,2025-12-01,0.0
12.L1.2040.U2429,2026-01-01,60.0
12.L1.2040.U2429,2026-02-01,66.0
12.L1.2040.U2429,2026-03-01,75.0
12.L1.2040.U2430,2025-12-01,0.0
12.L1.2040.U2430,2026-01-01,70.0
12.L1.2040.U2430,2026-02-01,77.0
12.L1.2040.U2430,2026-03-01,88.0
12.L1.2040.U2432,2025-12-01,0.0
12.L1.2040.U2432,2026-01-01,42.0
12.L1.2040.U2432,2026-02-01,46.0
12.L1.2040.U2432,2026-03-01,52.0
12.L1.2040.U2433,2025-12-01,0.0
12.L1.2040.U2433,2026-01-01,151.0
12.L1.2040.U2433,2026-02-01,166.0
12.L1.2040.U2433,2026-03-01,189.0
12.L1.2040.U2435,2025-12-01,0.0
12.L1.2040.U2435,2026-01-01,86.0
12.L1.2040.U2435,2026-02-01,95.0
12.L1.2040.U2435,2026-03-01,108.0
12.L1.2550.2501,2025-12-01,0.0
12.L1.2550.2501,2026-01-01,132.0
12.L1.2550.2501,2026-02-01,145.0
12.L1.2550.2501,2026-03-01,165.0
12.L1.2550.2503,2025-12-01,0.0
12.L1.2550.2503,2026-01-01,4.0
12.L1.2550.2503,2026-02-01,4.0
12.L1.2550.2503,2026-03-01,5.0
12.L1.2550.2504,2025-12-01,0.0
12.L1.2550.2504,2026-01-01,44.0
12.L1.2550.2504,2026-02-01,48.0
12.L1.2550.2504,2026-03-01,55.0
12.L1.2550.2505,2025-12-01,0.0
12.L1.2550.2505,2026-01-01,60.0
12.L1.2550.2505,2026-02-01,66.0
12.L1.2550.2505,2026-03-01,75.0
12.L1.2550.A2520,2025-12-01,0.0
12.L1.2550.A2520,2026-01-01,3.0
12.L1.2550.A2520,2026-02-01,3.0
12.L1.2550.A2520,2026-03-01,4.0
12.L1.2550.A2521,2025-12-01,0.0
12.L1.2550.A2521,2026-01-01,50.0
12.L1.2550.A2521,2026-02-01,55.0
12.L1.2550.A2521,2026-03-01,62.0
12.L1.2550.A2528,2025-12-01,0.0
12.L1.2550.A2528,2026-01-01,6.0
12.L1.2550.A2528,2026-02-01,7.0
12.L1.2550.A2528,2026-03-01,8.0
12.L1.2550.A2532,2025-12-01,0.0
12.L1.2550.A2532,2026-01-01,108.0
12.L1.2550.A2532,2026-02-01,119.0
12.L1.2550.A2532,2026-03-01,135.0
12.L1.2550.A2534,2025-12-01,0.0
12.L1.2550.A2534,2026-01-01,37.0
12.L1.2550.A2534,2026-02-01,41.0
12.L1.2550.A2534,2026-03-01,46.0
12.L1.2550.A2535,2025-12-01,0.0
12.L1.2550.A2535,2026-01-01,62.0
12.L1.2550.A2535,2026-02-01,68.0
12.L1.2550.A2535,2026-03-01,78.0
12.L1.2550.U2518,2025-12-01,0.0
12.L1.2550.U2518,2026-01-01,18.0
12.L1.2550.U2518,2026-02-01,20.0
12.L1.2550.U2518,2026-03-01,23.0
12.L1.2550.U2526,2025-12-01,0.0
12.L1.2550.U2526,2026-01-01,56.0
12.L1.2550.U2526,2026-02-01,62.0
12.L1.2550.U2526,2026-03-01,70.0
12.L1.2550.U2527,2025-12-01,0.0
12.L1.2550.U2527,2026-01-01,84.0
12.L1.2550.U2527,2026-02-01,92.0
12.L1.2550.U2527,2026-03-01,105.0
12.L1.2550.U2528,2025-12-01,0.0
12.L1.2550.U2528,2026-01-01,8.0
12.L1.2550.U2528,2026-02-01,9.0
12.L1.2550.U2528,2026-03-01,10.0
12.L1.2550.U2534,2025-12-01,0.0
12.L1.2550.U2534,2026-01-01,5.0
12.L1.2550.U2534,2026-02-01,6.0
12.L1.2550.U2534,2026-03-01,6.0
12.L1.2550.U2535,2025-12-01,0.0
12.L1.2550.U2535,2026-01-01,60.0
12.L1.2550.U2535,2026-02-01,66.0
12.L1.2550.U2535,2026-03-01,75.0
12.L1.3030.3021,2025-12-01,24.0
12.L1.3030.3021,2026-01-01,0.0
12.L1.3030.3021,2026-02-01,0.0
12.L1.3030.3021,2026-03-01,0.0
12.L1.3030.3024,2025-12-01,170.0
12.L1.3030.3024,2026-01-01,0.0
12.L1.3030.3024,2026-02-01,26.0
12.L1.3030.3024,2026-03-01,85.0
14.L1.3030.33316,2025-12-01,92.0
14.L1.3030.33316,2026-01-01,0.0
14.L1.3030.33316,2026-02-01,0.0
14.L1.3030.33316,2026-03-01,0.0
14.L1.3030.33318,2025-12-01,313.0
14.L1.3030.33318,2026-01-01,155.0
14.L1.3030.33318,2026-02-01,138.0
14.L1.3030.33318,2026-03-01,116.0
14.L1.3030.33320,2025-12-01,134.0
14.L1.3030.33320,2026-01-01,0.0
14.L1.3030.33320,2026-02-01,0.0
14.L1.3030.33320,2026-03-01,0.0
14.L1.3030.33411,2025-12-01,154.0
14.L1.3030.33411,2026-01-01,0.0
14.L1.3030.33411,2026-02-01,23.0
14.L1.3030.33411,2026-03-01,77.0
14.L1.3030.33418,2025-12-01,142.0
14.L1.3030.33418,2026-01-01,277.0
14.L1.3030.33418,2026-02-01,298.0
14.L1.3030.33418,2026-03-01,232.0
14.L1.3060.A36320,2025-12-01,1800.0
14.L1.3060.A36320,2026-01-01,1720.0
14.L1.3060.A36320,2026-02-01,1618.0
14.L1.3060.A36320,2026-03-01,1720.0
14.L1.3060.A36320D,2025-12-01,132.0
14.L1.3060.A36320D,2026-01-01,136.0
14.L1.3060.A36320D,2026-02-01,139.0
14.L1.3060.A36320D,2026-03-01,153.0
14.L1.3060.A36420,2025-12-01,1271.0
14.L1.3060.A36420,2026-01-01,1248.0
14.L1.3060.A36420,2026-02-01,1329.0
14.L1.3060.A36420,2026-03-01,1382.0
14.L1.3060.A36800,2025-12-01,310.0
14.L1.3060.A36800,2026-01-01,4.0
14.L1.3060.A36800,2026-02-01,65.0
14.L1.3060.A36800,2026-03-01,78.0
14.L1.3060.A36800D,2025-12-01,281.0
14.L1.3060.A36800D,2026-01-01,0.0
14.L1.3060.A36800D,2026-02-01,0.0
14.L1.3060.A36800D,2026-03-01,0.0
14.L1.3060.A36800V,2025-12-01,282.0
14.L1.3060.A36800V,2026-01-01,0.0
14.L1.3060.A36800V,2026-02-01,0.0
14.L1.3060.A36800V,2026-03-01,0.0
14.L1.3060.A36801,2025-12-01,540.0
14.L1.3060.A36801,2026-01-01,1143.0
14.L1.3060.A36801,2026-02-01,1263.0
14.L1.3060.A36801,2026-03-01,1401.0
14.L1.3060.A36810,2025-12-01,0.0
14.L1.3060.A36810,2026-01-01,62.0
14.L1.3060.A36810,2026-02-01,68.0
14.L1.3060.A36810,2026-03-01,77.0
14.L1.3060.A36810D,2025-12-01,15.0
14.L1.3060.A36810D,2026-01-01,31.0
14.L1.3060.A36810D,2026-02-01,40.0
14.L1.3060.A36810D,2026-03-01,41.0
14.L1.3060.A36822,2025-12-01,3469.0
14.L1.3060.A36822,2026-01-01,2437.0
14.L1.3060.A36822,2026-02-01,2529.0
14.L1.3060.A36822,2026-03-01,2614.0
14.L1.3060.A36822D,2025-12-01,333.0
14.L1.3060.A36822D,2026-01-01,508.0
14.L1.3060.A36822D,2026-02-01,536.0
14.L1.3060.A36822D,2026-03-01,563.0
14.L1.3060.A36910,2025-12-01,2.0
14.L1.3060.A36910,2026-01-01,23.0
14.L1.3060.A36910,2026-02-01,24.0
14.L1.3060.A36910,2026-03-01,27.0
14.L1.3060.A36922,2025-12-01,2062.0
14.L1.3060.A36922,2026-01-01,1902.0
14.L1.3060.A36922,2026-02-01,1932.0
14.L1.3060.A36922,2026-03-01,1902.0
14.L1.3060.A36CB8006,2025-12-01,850.0
14.L1.3060.A36CB8006,2026-01-01,167.0
14.L1.3060.A36CB8006,2026-02-01,71.0
14.L1.3060.A36CB8006,2026-03-01,175.0
14.L1.3060.A36CB8006D,2025-12-01,24.0
14.L1.3060.A36CB8006D,2026-01-01,18.0
14.L1.3060.A36CB8006D,2026-02-01,21.0
14.L1.3060.A36CB8006D,2026-03-01,16.0
14.L1.3060.A36CB8006V,2025-12-01,110.0
14.L1.3060.A36CB8006V,2026-01-01,21.0
14.L1.3060.A36CB8006V,2026-02-01,12.0
14.L1.3060.A36CB8006V,2026-03-01,13.0
14.L1.3060.A36CB8010,2025-12-01,654.0
14.L1.3060.A36CB8010,2026-01-01,579.0
14.L1.3060.A36CB8010,2026-02-01,617.0
14.L1.3060.A36CB8010,2026-03-01,660.0
14.L1.3060.A36CB8010D,2025-12-01,71.0
14.L1.3060.A36CB8010D,2026-01-01,29.0
14.L1.3060.A36CB8010D,2026-02-01,32.0
14.L1.3060.A36CB8010D,2026-03-01,30.0
14.L1.3060.A36CB8010V,2025-12-01,100.0
14.L1.3060.A36CB8010V,2026-01-01,25.0
14.L1.3060.A36CB8010V,2026-02-01,28.0
14.L1.3060.A36CB8010V,2026-03-01,25.0
14.L1.3060.A36CW8005,2025-12-01,584.0
14.L1.3060.A36CW8005,2026-01-01,662.0
14.L1.3060.A36CW8005,2026-02-01,559.0
14.L1.3060.A36CW8005,2026-03-01,621.0
14.L1.3060.A36CW8005D,2025-12-01,116.0
14.L1.3060.A36CW8005D,2026-01-01,67.0
14.L1.3060.A36CW8005D,2026-02-01,64.0
14.L1.3060.A36CW8005D,2026-03-01,55.0
14.L1.3060.A36CW8005V,2025-12-01,25.0
14.L1.3060.A36CW8005V,2026-01-01,76.0
14.L1.3060.A36CW8005V,2026-02-01,78.0
14.L1.3060.A36CW8005V,2026-03-01,88.0
14.L1.3060.A36CW8007,2025-12-01,1612.0
14.L1.3060.A36CW8007,2026-01-01,3801.0
14.L1.3060.A36CW8007,2026-02-01,4118.0
14.L1.3060.A36CW8007,2026-03-01,4353.0
14.L1.3060.A36CW8007D,2025-12-01,52.0
14.L1.3060.A36CW8007D,2026-01-01,123.0
14.L1.3060.A36CW8007D,2026-02-01,133.0
14.L1.3060.A36CW8007D,2026-03-01,143.0
14.L1.3060.A36CW8007V,2025-12-01,230.0
14.L1.3060.A36CW8007V,2026-01-01,217.0
14.L1.3060.A36CW8007V,2026-02-01,233.0
14.L1.3060.A36CW8007V,2026-03-01,227.0
14.L1.3060.A36CW8008,2025-12-01,4904.0
14.L1.3060.A36CW8008,2026-01-01,3111.0
14.L1.3060.A36CW8008,2026-02-01,2826.0
14.L1.3060.A36CW8008,2026-03-01,2446.0
14.L1.3060.A36CW8008D,2025-12-01,275.0
14.L1.3060.A36CW8008D,2026-01-01,198.0
14.L1.3060.A36CW8008D,2026-02-01,169.0
14.L1.3060.A36CW8008D,2026-03-01,152.0
14.L1.3060.A36CW8008V,2025-12-01,524.0
14.L1.3060.A36CW8008V,2026-01-01,349.0
14.L1.3060.A36CW8008V,2026-02-01,328.0
14.L1.3060.A36CW8008V,2026-03-01,285.0
14.L1.3060.A36CW8009,2025-12-01,184.0
14.L1.3060.A36CW8009,2026-01-01,0.0
14.L1.3060.A36CW8009,2026-02-01,0.0
14.L1.3060.A36CW8009,2026-03-01,0.0
14.L1.3060.A36CW8009D,2025-12-01,16.0
14.L1.3060.A36CW8009D,2026-01-01,4.0
14.L1.3060.A36CW8009D,2026-02-01,5.0
14.L1.3060.A36CW8009D,2026-03-01,4.0
14.L1.3060.A36CW8009V,2025-12-01,125.0
14.L1.3060.A36CW8009V,2026-01-01,3.0
14.L1.3060.A36CW8009V,2026-02-01,4.0
14.L1.3060.A36CW8009V,2026-03-01,3.0
14.L1.3060.A36MA8017,2025-12-01,1227.0
14.L1.3060.A36MA8017,2026-01-01,520.0
14.L1.3060.A36MA8017,2026-02-01,465.0
14.L1.3060.A36MA8017,2026-03-01,500.0
14.L1.3060.A36MD9016,2025-12-01,720.0
14.L1.3060.A36MD9016,2026-01-01,510.0
14.L1.3060.A36MD9016,2026-02-01,444.0
14.L1.3060.A36MD9016,2026-03-01,421.0
14.L1.3060.A36MD9016D,2025-12-01,94.0
14.L1.3060.A36MD9016D,2026-01-01,83.0
14.L1.3060.A36MD9016D,2026-02-01,71.0
14.L1.3060.A36MD9016D,2026-03-01,72.0
14.L1.3060.A36MG9012,2025-12-01,890.0
14.L1.3060.A36MG9012,2026-01-01,1513.0
14.L1.3060.A36MG9012,2026-02-01,1509.0
14.L1.3060.A36MG9012,2026-03-01,1612.0
14.L1.3060.A36MG9012D,2025-12-01,300.0
14.L1.3060.A36MG9012D,2026-01-01,318.0
14.L1.3060.A36MG9012D,2026-02-01,313.0
14.L1.3060.A36MG9012D,2026-03-01,323.0
14.L1.3060.A36ML8012,2025-12-01,1446.0
14.L1.3060.A36ML8012,2026-01-01,151.0
14.L1.3060.A36ML8012,2026-02-01,98.0
14.L1.3060.A36ML8012,2026-03-01,151.0
14.L1.3060.A36ML8016,2025-12-01,760.0
14.L1.3060.A36ML8016,2026-01-01,766.0
14.L1.3060.A36ML8016,2026-02-01,711.0
14.L1.3060.A36ML8016,2026-03-01,687.0
14.L1.3060.A36MN9017,2025-12-01,729.0
14.L1.3060.A36MN9017,2026-01-01,697.0
14.L1.3060.A36MN9017,2026-02-01,693.0
14.L1.3060.A36MN9017,2026-03-01,700.0
14.L1.3060.A36MN9017D,2025-12-01,139.0
14.L1.3060.A36MN9017D,2026-01-01,148.0
14.L1.3060.A36MN9017D,2026-02-01,148.0
14.L1.3060.A36MN9017D,2026-03-01,168.0
14.L1.3060.A36PG8015,2025-12-01,1278.0
14.L1.3060.A36PG8015,2026-01-01,1063.0
14.L1.3060.A36PG8015,2026-02-01,873.0
14.L1.3060.A36PG8015,2026-03-01,905.0
14.L1.3060.A36PM9015,2025-12-01,878.0
14.L1.3060.A36PM9015,2026-01-01,942.0
14.L1.3060.A36PM9015,2026-02-01,892.0
14.L1.3060.A36PM9015,2026-03-01,927.0
14.L1.3060.A36PM9015D,2025-12-01,104.0
14.L1.3060.A36PM9015D,2026-01-01,131.0
14.L1.3060.A36PM9015D,2026-02-01,111.0
14.L1.3060.A36PM9015D,2026-03-01,107.0
14.L1.3060.A36PW8000,2025-12-01,4568.0
14.L1.3060.A36PW8000,2026-01-01,1044.0
14.L1.3060.A36PW8000,2026-02-01,679.0
14.L1.3060.A36PW8000,2026-03-01,1759.0
14.L1.3060.A36PW8000D,2025-12-01,218.0
14.L1.3060.A36PW8000D,2026-01-01,106.0
14.L1.3060.A36PW8000D,2026-02-01,88.0
14.L1.3060.A36PW8000D,2026-03-01,83.0
14.L1.3060.A36PW8000V,2025-12-01,280.0
14.L1.3060.A36PW8000V,2026-01-01,193.0
14.L1.3060.A36PW8000V,2026-02-01,203.0
14.L1.3060.A36PW8000V,2026-03-01,178.0
14.L1.3060.A36SG404,2025-12-01,364.0
14.L1.3060.A36SG404,2026-01-01,243.0
14.L1.3060.A36SG404,2026-02-01,224.0
14.L1.3060.A36SG404,2026-03-01,210.0
14.L1.3060.A36SG404D,2025-12-01,0.0
14.L1.3060.A36SG404D,2026-01-01,28.0
14.L1.3060.A36SG404D,2026-02-01,14.0
14.L1.3060.A36SG404D,2026-03-01,0.0
14.L1.3060.A36SG405,2025-12-01,50.0
14.L1.3060.A36SG405,2026-01-01,470.0
14.L1.3060.A36SG405,2026-02-01,515.0
14.L1.3060.A36SG405,2026-03-01,578.0
14.L1.3060.A36SW304,2025-12-01,380.0
14.L1.3060.A36SW304,2026-01-01,16.0
14.L1.3060.A36SW304,2026-02-01,10.0
14.L1.3060.A36SW304,2026-03-01,16.0
14.L1.3060.A36SW305,2025-12-01,356.0
14.L1.3060.A36SW305,2026-01-01,75.0
14.L1.3060.A36SW305,2026-02-01,32.0
14.L1.3060.A36SW305,2026-03-01,75.0
14.L1.3060.US36AG901,2025-12-01,106.0
14.L1.3060.US36AG901,2026-01-01,0.0
14.L1.3060.US36AG901,2026-02-01,16.0
14.L1.3060.US36AG901,2026-03-01,53.0
14.L1.3060.US36AG901D,2025-12-01,92.0
14.L1.3060.US36AG901D,2026-01-01,23.0
14.L1.3060.US36AG901D,2026-02-01,12.0
14.L1.3060.US36AG901D,2026-03-01,13.0
14.L1.3060.US36AW801,2025-12-01,458.0
14.L1.3060.US36AW801,2026-01-01,163.0
14.L1.3060.US36AW801,2026-02-01,102.0
14.L1.3060.US36AW801,2026-03-01,106.0
14.L1.3060.US36CB902,2025-12-01,35.0
14.L1.3060.US36CB902,2026-01-01,1.0
14.L1.3060.US36CB902,2026-02-01,1.0
14.L1.3060.US36CB902,2026-03-01,1.0
14.L1.3060.US36CG802,2025-12-01,164.0
14.L1.3060.US36CG802,2026-01-01,69.0
14.L1.3060.US36CG802,2026-02-01,75.0
14.L1.3060.US36CG802,2026-03-01,85.0
14.L1.3060.US36CN906,2025-12-01,42.0
14.L1.3060.US36CN906,2026-01-01,0.0
14.L1.3060.US36CN906,2026-02-01,0.0
14.L1.3060.US36CN906,2026-03-01,0.0
14.L1.3060.US36CN906D,2025-12-01,10.0
14.L1.3060.US36CN906D,2026-01-01,0.0
14.L1.3060.US36CN906D,2026-02-01,0.0
14.L1.3060.US36CN906D,2026-03-01,0.0
14.L1.3060.US36CW807,2025-12-01,370.0
14.L1.3060.US36CW807,2026-01-01,0.0
14.L1.3060.US36CW807,2026-02-01,55.0
14.L1.3060.US36CW807,2026-03-01,185.0
14.L1.3060.US36LB907,2025-12-01,154.0
14.L1.3060.US36LB907,2026-01-01,735.0
14.L1.3060.US36LB907,2026-02-01,813.0
14.L1.3060.US36LB907,2026-03-01,890.0
14.L1.3060.US36LB907D,2025-12-01,28.0
14.L1.3060.US36LB907D,2026-01-01,8.0
14.L1.3060.US36LB907D,2026-02-01,9.0
14.L1.3060.US36LB907D,2026-03-01,8.0
14.L1.3060.US36LG904,2025-12-01,11.0
14.L1.3060.US36LG904,2026-01-01,0.0
14.L1.3060.US36LG904,2026-02-01,0.0
14.L1.3060.US36LG904,2026-03-01,0.0
14.L1.4080.48800,2025-12-01,910.0
14.L1.4080.48800,2026-01-01,50.0
14.L1.4080.48800,2026-02-01,14.0
14.L1.4080.48800,2026-03-01,50.0
14.L1.4080.48807,2025-12-01,2.0
14.L1.4080.48807,2026-01-01,0.0
14.L1.4080.48807,2026-02-01,0.0
14.L1.4080.48807,2026-03-01,0.0
14.L1.4080.48907,2025-12-01,29.0
14.L1.4080.48907,2026-01-01,7.0
14.L1.4080.48907,2026-02-01,4.0
14.L1.4080.48907,2026-03-01,4.0
14.L1.4080.48907D,2025-12-01,6.0
14.L1.4080.48907D,2026-01-01,0.0
14.L1.4080.48907D,2026-02-01,0.0
14.L1.4080.48907D,2026-03-01,0.0
14.L1.60120.61184061,2025-12-01,14.0
14.L1.60120.61184061,2026-01-01,8.0
14.L1.60120.61184061,2026-02-01,9.0
14.L1.60120.61184061,2026-03-01,7.0
14.L1.6060.66181004,2025-12-01,323.0
14.L1.6060.66181004,2026-01-01,92.0
14.L1.6060.66181004,2026-02-01,99.0
14.L1.6060.66181004,2026-03-01,77.0
14.L1.6060.66182031,2025-12-01,44.0
14.L1.6060.66182031,2026-01-01,0.0
14.L1.6060.66182031,2026-02-01,0.0
14.L1.6060.66182031,2026-03-01,0.0
14.L1.6060.66282018,2025-12-01,300.0
14.L1.6060.66282018,2026-01-01,247.0
14.L1.6060.66282018,2026-02-01,285.0
14.L1.6060.66282018,2026-03-01,225.0
14.L1.6060.A66CB8052,2025-12-01,15.0
14.L1.6060.A66CB8052,2026-01-01,11.0
14.L1.6060.A66CB8052,2026-02-01,7.0
14.L1.6060.A66CB8052,2026-03-01,7.0
14.L1.6060.A66CG8051,2025-12-01,100.0
14.L1.6060.A66CG8051,2026-01-01,766.0
14.L1.6060.A66CG8051,2026-02-01,548.0
14.L1.6060.A66CG8051,2026-03-01,585.0
14.L1.6060.A66DT8053,2025-12-01,15.0
14.L1.6060.A66DT8053,2026-01-01,10.0
14.L1.6060.A66DT8053,2026-02-01,6.0
14.L1.6060.A66DT8053,2026-03-01,6.0
14.L1.6060.A66EB8058,2025-12-01,155.0
14.L1.6060.A66EB8058,2026-01-01,159.0
14.L1.6060.A66EB8058,2026-02-01,171.0
14.L1.6060.A66EB8058,2026-03-01,163.0
14.L1.6060.A66EG8057,2025-12-01,65.0
14.L1.6060.A66EG8057,2026-01-01,81.0
14.L1.6060.A66EG8057,2026-02-01,83.0
14.L1.6060.A66EG8057,2026-03-01,77.0
14.L1.6060.A66MD8061,2025-12-01,138.0
14.L1.6060.A66MD8061,2026-01-01,355.0
14.L1.6060.A66MD8061,2026-02-01,350.0
14.L1.6060.A66MD8061,2026-03-01,396.0
14.L1.6060.A66MG8054,2025-12-01,24.0
14.L1.6060.A66MG8054,2026-01-01,192.0
14.L1.6060.A66MG8054,2026-02-01,212.0
14.L1.6060.A66MG8054,2026-03-01,236.0
14.L1.6060.A66MW8056,2025-12-01,130.0
14.L1.6060.A66MW8056,2026-01-01,80.0
14.L1.6060.A66MW8056,2026-02-01,50.0
14.L1.6060.A66MW8056,2026-03-01,49.0
14.L1.6060.A66OW8055,2025-12-01,227.0
14.L1.6060.A66OW8055,2026-01-01,685.0
14.L1.6060.A66OW8055,2026-02-01,723.0
14.L1.6060.A66OW8055,2026-03-01,786.0
14.L1.6060.M66LD902,2025-12-01,12.0
14.L1.6060.M66LD902,2026-01-01,5.0
14.L1.6060.M66LD902,2026-02-01,4.0
14.L1.6060.M66LD902,2026-03-01,4.0
14.L1.80120.M81AG905,2025-12-01,10.0
14.L1.80120.M81AG905,2026-01-01,16.0
14.L1.80120.M81AG905,2026-02-01,18.0
14.L1.80120.M81AG905,2026-03-01,18.0
14.L1.80120.M81CB907,2025-12-01,4.0
14.L1.80120.M81CB907,2026-01-01,0.0
14.L1.80120.M81CB907,2026-02-01,0.0
14.L1.80120.M81CB907,2026-03-01,0.0
14.L1.80120.M81DT904,2025-12-01,0.0
14.L1.80120.M81DT904,2026-01-01,2.0
14.L1.80120.M81DT904,2026-02-01,2.0
14.L1.80120.M81DT904,2026-03-01,2.0
14.L1.80120.M81LD902,2025-12-01,6.0
14.L1.80120.M81LD902,2026-01-01,1.0
14.L1.80120.M81LD902,2026-02-01,1.0
14.L1.80120.M81LD902,2026-03-01,1.0
14.L1.80120.M81LG902,2025-12-01,0.0
14.L1.80120.M81LG902,2026-01-01,1.0
14.L1.80120.M81LG902,2026-02-01,1.0
14.L1.80120.M81LG902,2026-03-01,1.0
14.L1.80120.M81MW906,2025-12-01,12.0
14.L1.80120.M81MW906,2026-01-01,1.0
14.L1.80120.M81MW906,2026-02-01,1.0
14.L1.80120.M81MW906,2026-03-01,1.0
14.L1.8080.88181004,2025-12-01,112.0
14.L1.8080.88181004,2026-01-01,20.0
14.L1.8080.88181004,2026-02-01,11.0
14.L1.8080.88181004,2026-03-01,12.0
14.L1.8080.88282018,2025-12-01,36.0
14.L1.8080.88282018,2026-01-01,0.0
14.L1.8080.88282018,2026-02-01,5.0
14.L1.8080.88282018,2026-03-01,18.0
14.L1.8080.88283003,2025-12-01,40.0
14.L1.8080.88283003,2026-01-01,13.0
14.L1.8080.88283003,2026-02-01,15.0
14.L1.8080.88283003,2026-03-01,12.0
14.L1.8080.M88AG905,2025-12-01,0.0
14.L1.8080.M88AG905,2026-01-01,9.0
14.L1.8080.M88AG905,2026-02-01,10.0
14.L1.8080.M88AG905,2026-03-01,11.0
14.L1.8080.M88LD902,2025-12-01,45.0
14.L1.8080.M88LD902,2026-01-01,17.0
14.L1.8080.M88LD902,2026-02-01,18.0
14.L1.8080.M88LD902,2026-03-01,14.0
14.L1.8080.M88LG902,2025-12-01,25.0
14.L1.8080.M88LG902,2026-01-01,16.0
14.L1.8080.M88LG902,2026-02-01,15.0
14.L1.8080.M88LG902,2026-03-01,12.0
14.L1.8080.M88MW909,2025-12-01,79.0
14.L1.8080.M88MW909,2026-01-01,41.0
14.L1.8080.M88MW909,2026-02-01,23.0
14.L1.8080.M88MW909,2026-03-01,24.0
14.L1.8080.M88OW903,2025-12-01,16.0
14.L1.8080.M88OW903,2026-01-01,5.0
14.L1.8080.M88OW903,2026-02-01,6.0
14.L1.8080.M88OW903,2026-03-01,4.0
15.L1.3060.2912,2025-12-01,172.0
15.L1.3060.2912,2026-01-01,5.0
15.L1.3060.2912,2026-02-01,6.0
15.L1.3060.2912,2026-03-01,4.0
15.L1.3060.2913,2025-12-01,0.0
15.L1.3060.2913,2026-01-01,288.0
15.L1.3060.2913,2026-02-01,317.0
15.L1.3060.2913,2026-03-01,360.0
15.L1.6060.6601,2025-12-01,208.0
15.L1.6060.6601,2026-01-01,0.0
15.L1.6060.6601,2026-02-01,16.0
15.L1.6060.6601,2026-03-01,53.0
15.L1.6060.6602,2025-12-01,218.0
15.L1.6060.6602,2026-01-01,76.0
15.L1.6060.6602,2026-02-01,65.0
15.L1.6060.6602,2026-03-01,55.0
15.L1.6060.6604,2025-12-01,173.0
15.L1.6060.6604,2026-01-01,216.0
15.L1.6060.6604,2026-02-01,221.0
15.L1.6060.6604,2026-03-01,229.0
15.L1.6060.6605,2025-12-01,10.0
15.L1.6060.6605,2026-01-01,0.0
15.L1.6060.6605,2026-02-01,0.0
15.L1.6060.6605,2026-03-01,0.0
15.L1.6060.6606,2025-12-01,15.0
15.L1.6060.6606,2026-01-01,44.0
15.L1.6060.6606,2026-02-01,42.0
15.L1.6060.6606,2026-03-01,48.0
20.L1.100100.91110,2025-12-01,349.0
20.L1.100100.91110,2026-01-01,480.0
20.L1.100100.91110,2026-02-01,454.0
20.L1.100100.91110,2026-03-01,476.0
20.L1.100100.91111,2025-12-01,61.0
20.L1.100100.91111,2026-01-01,14.0
20.L1.100100.91111,2026-02-01,9.0
20.L1.100100.91111,2026-03-01,20.0
20.L1.100100.91112,2025-12-01,415.0
20.L1.100100.91112,2026-01-01,435.0
20.L1.100100.91112,2026-02-01,458.0
20.L1.100100.91112,2026-03-01,460.0
20.L1.100100.91113,2025-12-01,220.0
20.L1.100100.91113,2026-01-01,171.0
20.L1.100100.91113,2026-02-01,181.0
20.L1.100100.91113,2026-03-01,158.0
20.L1.100100.91120,2025-12-01,136.0
20.L1.100100.91120,2026-01-01,31.0
20.L1.100100.91120,2026-02-01,19.0
20.L1.100100.91120,2026-03-01,19.0
20.L1.100100.91121,2025-12-01,305.0
20.L1.100100.91121,2026-01-01,216.0
20.L1.100100.91121,2026-02-01,178.0
20.L1.100100.91121,2026-03-01,172.0
20.L1.100100.91122,2025-12-01,27.0
20.L1.100100.91122,2026-01-01,20.0
20.L1.100100.91122,2026-02-01,21.0
20.L1.100100.91122,2026-03-01,18.0
20.L1.100100.91123,2025-12-01,15.0
20.L1.100100.91123,2026-01-01,164.0
20.L1.100100.91123,2026-02-01,106.0
20.L1.100100.91123,2026-03-01,232.0
20.L1.1580.91151,2025-12-01,4800.0
20.L1.1580.91151,2026-01-01,4142.0
20.L1.1580.91151,2026-02-01,4189.0
20.L1.1580.91151,2026-03-01,4179.0
20.L1.1580.91152,2025-12-01,7427.0
20.L1.1580.91152,2026-01-01,6327.0
20.L1.1580.91152,2026-02-01,6629.0
20.L1.1580.91152,2026-03-01,6109.0
20.L1.1580.91153,2025-12-01,4679.0
20.L1.1580.91153,2026-01-01,4649.0
20.L1.1580.91153,2026-02-01,4398.0
20.L1.1580.91153,2026-03-01,4499.0
20.L1.1580.91154,2025-12-01,7400.0
20.L1.1580.91154,2026-01-01,6156.0
20.L1.1580.91154,2026-02-01,6344.0
20.L1.1580.91154,2026-03-01,6025.0
20.L1.1580.91181,2025-12-01,2925.0
20.L1.1580.91181,2026-01-01,1910.0
20.L1.1580.91181,2026-02-01,2021.0
20.L1.1580.91181,2026-03-01,1878.0
20.L1.1580.91182,2025-12-01,4907.0
20.L1.1580.91182,2026-01-01,4480.0
20.L1.1580.91182,2026-02-01,4928.0
20.L1.1580.91182,2026-03-01,4573.0
20.L1.1580.91183,2025-12-01,4674.0
20.L1.1580.91183,2026-01-01,5654.0
20.L1.1580.91183,2026-02-01,5623.0
20.L1.1580.91183,2026-03-01,5925.0
20.L1.1580.91184,2025-12-01,5664.0
20.L1.1580.91184,2026-01-01,5914.0
20.L1.1580.91184,2026-02-01,6286.0
20.L1.1580.91184,2026-03-01,6038.0
20.L1.3030.U81101,2025-12-01,2400.0
20.L1.3030.U81101,2026-01-01,2512.0
20.L1.3030.U81101,2026-02-01,2611.0
20.L1.3030.U81101,2026-03-01,2604.0
20.L1.3030.U81102,2025-12-01,2400.0
20.L1.3030.U81102,2026-01-01,427.0
20.L1.3030.U81102,2026-02-01,327.0
20.L1.3030.U81102,2026-03-01,1488.0
20.L1.3030.U81103,2025-12-01,2100.0
20.L1.3030.U81103,2026-01-01,2346.0
20.L1.3030.U81103,2026-02-01,2441.0
20.L1.3030.U81103,2026-03-01,2557.0
20.L1.3030.U81104,2025-12-01,2639.0
20.L1.3030.U81104,2026-01-01,2520.0
20.L1.3030.U81104,2026-02-01,2623.0
20.L1.3030.U81104,2026-03-01,2526.0
20.L1.3030.U81105,2025-12-01,2261.0
20.L1.3030.U81105,2026-01-01,1599.0
20.L1.3030.U81105,2026-02-01,1494.0
20.L1.3030.U81105,2026-03-01,1496.0
20.L1.3030.U81106,2025-12-01,1969.0
20.L1.3030.U81106,2026-01-01,278.0
20.L1.3030.U81106,2026-02-01,139.0
20.L1.3030.U81106,2026-03-01,236.0
20.L1.3030.U81107,2025-12-01,3500.0
20.L1.3030.U81107,2026-01-01,1180.0
20.L1.3030.U81107,2026-02-01,799.0
20.L1.3030.U81107,2026-03-01,1180.0
20.L1.3030.U81108,2025-12-01,2472.0
20.L1.3030.U81108,2026-01-01,1359.0
20.L1.3030.U81108,2026-02-01,834.0
20.L1.3030.U81108,2026-03-01,1359.0
20.L1.3030.U81109,2025-12-01,2584.0
20.L1.3030.U81109,2026-01-01,2508.0
20.L1.3030.U81109,2026-02-01,2555.0
20.L1.3030.U81109,2026-03-01,2514.0
20.L1.3030.U81110,2025-12-01,2802.0
20.L1.3030.U81110,2026-01-01,2481.0
20.L1.3030.U81110,2026-02-01,2397.0
20.L1.3030.U81110,2026-03-01,2319.0
20.L1.3030.U81111,2025-12-01,1225.0
20.L1.3030.U81111,2026-01-01,1217.0
20.L1.3030.U81111,2026-02-01,1267.0
20.L1.3030.U81111,2026-03-01,1329.0
20.L1.3030.U81112,2025-12-01,1795.0
20.L1.3030.U81112,2026-01-01,1396.0
20.L1.3030.U81112,2026-02-01,1298.0
20.L1.3030.U81112,2026-03-01,1275.0
20.L1.5050.35205,2025-12-01,0.0
20.L1.5050.35205,2026-01-01,0.0
20.L1.5050.35205,2026-02-01,0.0
20.L1.5050.35205,2026-03-01,1252.0
20.L1.5050.91501,2025-12-01,185.0
20.L1.5050.91501,2026-01-01,60.0
20.L1.5050.91501,2026-02-01,62.0
20.L1.5050.91501,2026-03-01,71.0
20.L1.5050.91502,2025-12-01,683.0
20.L1.5050.91502,2026-01-01,500.0
20.L1.5050.91502,2026-02-01,397.0
20.L1.5050.91502,2026-03-01,397.0
20.L1.5050.91503,2025-12-01,902.0
20.L1.5050.91503,2026-01-01,87.0
20.L1.5050.91503,2026-02-01,170.0
20.L1.5050.91503,2026-03-01,114.0
20.L1.5050.91505,2025-12-01,725.0
20.L1.5050.91505,2026-01-01,0.0
20.L1.5050.91505,2026-02-01,0.0
20.L1.5050.91505,2026-03-01,14.0
20.L1.5050.91506,2025-12-01,119.0
20.L1.5050.91506,2026-01-01,52.0
20.L1.5050.91506,2026-02-01,58.0
20.L1.5050.91506,2026-03-01,61.0
20.L1.5050.91507,2025-12-01,70.0
20.L1.5050.91507,2026-01-01,474.0
20.L1.5050.91507,2026-02-01,524.0
20.L1.5050.91507,2026-03-01,579.0
20.L1.5050.91508,2025-12-01,1800.0
20.L1.5050.91508,2026-01-01,1736.0
20.L1.5050.91508,2026-02-01,1750.0
20.L1.5050.91508,2026-03-01,1638.0
20.L1.6060.16001,2025-12-01,248.0
20.L1.6060.16001,2026-01-01,344.0
20.L1.6060.16001,2026-02-01,356.0
20.L1.6060.16001,2026-03-01,399.0
20.L1.6060.16003,2025-12-01,61.0
20.L1.6060.16003,2026-01-01,0.0
20.L1.6060.16003,2026-02-01,0.0
20.L1.6060.16003,2026-03-01,0.0
20.L1.6060.16004,2025-12-01,56.0
20.L1.6060.16004,2026-01-01,64.0
20.L1.6060.16004,2026-02-01,66.0
20.L1.6060.16004,2026-03-01,60.0
20.L1.6060.16105,2025-12-01,8.0
20.L1.6060.16105,2026-01-01,76.0
20.L1.6060.16105,2026-02-01,1.0
20.L1.6060.16105,2026-03-01,27.0
20.L1.6060.16114,2025-12-01,42.0
20.L1.6060.16114,2026-01-01,23.0
20.L1.6060.16114,2026-02-01,17.0
20.L1.6060.16114,2026-03-01,15.0
20.L1.6060.16117,2025-12-01,58.0
20.L1.6060.16117,2026-01-01,0.0
20.L1.6060.16117,2026-02-01,0.0
20.L1.6060.16117,2026-03-01,0.0
20.L1.6060.16405,2025-12-01,3.0
20.L1.6060.16405,2026-01-01,2.0
20.L1.6060.16405,2026-02-01,3.0
20.L1.6060.16405,2026-03-01,2.0
20.L1.6060.16901,2025-12-01,118.0
20.L1.6060.16901,2026-01-01,170.0
20.L1.6060.16901,2026-02-01,154.0
20.L1.6060.16901,2026-03-01,166.0
20.L1.6060.16902,2025-12-01,150.0
20.L1.6060.16902,2026-01-01,104.0
20.L1.6060.16902,2026-02-01,102.0
20.L1.6060.16902,2026-03-01,82.0
20.L1.6060.16903,2025-12-01,45.0
20.L1.6060.16903,2026-01-01,62.0
20.L1.6060.16903,2026-02-01,70.0
20.L1.6060.16903,2026-03-01,65.0
20.L1.6060.16904,2025-12-01,85.0
20.L1.6060.16904,2026-01-01,290.0
20.L1.6060.16904,2026-02-01,220.0
20.L1.6060.16904,2026-03-01,618.0
20.L1.6060.16905,2025-12-01,295.0
20.L1.6060.16905,2026-01-01,419.0
20.L1.6060.16905,2026-02-01,415.0
20.L1.6060.16905,2026-03-01,429.0
20.L1.6060.16906,2025-12-01,280.0
20.L1.6060.16906,2026-01-01,339.0
20.L1.6060.16906,2026-02-01,349.0
20.L1.6060.16906,2026-03-01,350.0
20.L1.6060.26004,2025-12-01,340.0
20.L1.6060.26004,2026-01-01,751.0
20.L1.6060.26004,2026-02-01,803.0
20.L1.6060.26004,2026-03-01,833.0
20.L1.6060.26006,2025-12-01,80.0
20.L1.6060.26006,2026-01-01,65.0
20.L1.6060.26006,2026-02-01,67.0
20.L1.6060.26006,2026-03-01,57.0
20.L1.6060.26101,2025-12-01,25.0
20.L1.6060.26101,2026-01-01,24.0
20.L1.6060.26101,2026-02-01,27.0
20.L1.6060.26101,2026-03-01,21.0
20.L1.6060.26107,2025-12-01,166.0
20.L1.6060.26107,2026-01-01,84.0
20.L1.6060.26107,2026-02-01,68.0
20.L1.6060.26107,2026-03-01,65.0
20.L1.6060.26112,2025-12-01,35.0
20.L1.6060.26112,2026-01-01,8.0
20.L1.6060.26112,2026-02-01,9.0
20.L1.6060.26112,2026-03-01,8.0
20.L1.6060.26400,2025-12-01,54.0
20.L1.6060.26400,2026-01-01,29.0
20.L1.6060.26400,2026-02-01,33.0
20.L1.6060.26400,2026-03-01,30.0
20.L1.6060.26901,2025-12-01,200.0
20.L1.6060.26901,2026-01-01,185.0
20.L1.6060.26901,2026-02-01,162.0
20.L1.6060.26901,2026-03-01,151.0
20.L1.6060.26902,2025-12-01,451.0
20.L1.6060.26902,2026-01-01,365.0
20.L1.6060.26902,2026-02-01,413.0
20.L1.6060.26902,2026-03-01,353.0
20.L1.6060.26903,2025-12-01,91.0
20.L1.6060.26903,2026-01-01,176.0
20.L1.6060.26903,2026-02-01,197.0
20.L1.6060.26903,2026-03-01,202.0
20.L1.6060.26904,2025-12-01,255.0
20.L1.6060.26904,2026-01-01,503.0
20.L1.6060.26904,2026-02-01,215.0
20.L1.6060.26904,2026-03-01,693.0
20.L1.6060.26905,2025-12-01,15.0
20.L1.6060.26905,2026-01-01,12.0
20.L1.6060.26905,2026-02-01,12.0
20.L1.6060.26905,2026-03-01,10.0
20.L1.6060.36001,2025-12-01,64.0
20.L1.6060.36001,2026-01-01,153.0
20.L1.6060.36001,2026-02-01,170.0
20.L1.6060.36001,2026-03-01,181.0
20.L1.6060.36002,2025-12-01,176.0
20.L1.6060.36002,2026-01-01,181.0
20.L1.6060.36002,2026-02-01,177.0
20.L1.6060.36002,2026-03-01,168.0
20.L1.6060.36004,2025-12-01,229.0
20.L1.6060.36004,2026-01-01,0.0
20.L1.6060.36004,2026-02-01,0.0
20.L1.6060.36004,2026-03-01,0.0
20.L1.6060.36005,2025-12-01,165.0
20.L1.6060.36005,2026-01-01,22.0
20.L1.6060.36005,2026-02-01,19.0
20.L1.6060.36005,2026-03-01,22.0
20.L1.6060.36006,2025-12-01,275.0
20.L1.6060.36006,2026-01-01,12.0
20.L1.6060.36006,2026-02-01,8.0
20.L1.6060.36006,2026-03-01,9.0
20.L1.6060.36903,2025-12-01,58.0
20.L1.6060.36903,2026-01-01,0.0
20.L1.6060.36903,2026-02-01,0.0
20.L1.6060.36903,2026-03-01,88.0
20.L1.6060.36905,2025-12-01,332.0
20.L1.6060.36905,2026-01-01,0.0
20.L1.6060.36905,2026-02-01,0.0
20.L1.6060.36905,2026-03-01,0.0
20.L1.6060.36906,2025-12-01,139.0
20.L1.6060.36906,2026-01-01,0.0
20.L1.6060.36906,2026-02-01,0.0
20.L1.6060.36906,2026-03-01,0.0
20.L1.6060.86301,2025-12-01,131.0
20.L1.6060.86301,2026-01-01,249.0
20.L1.6060.86301,2026-02-01,269.0
20.L1.6060.86301,2026-03-01,288.0
20.L1.6060.A16001,2025-12-01,1550.0
20.L1.6060.A16001,2026-01-01,1455.0
20.L1.6060.A16001,2026-02-01,1199.0
20.L1.6060.A16001,2026-03-01,1315.0
20.L1.6060.A16003,2025-12-01,15.0
20.L1.6060.A16003,2026-01-01,0.0
20.L1.6060.A16003,2026-02-01,0.0
20.L1.6060.A16003,2026-03-01,0.0
20.L1.6060.A16004,2025-12-01,417.0
20.L1.6060.A16004,2026-01-01,0.0
20.L1.6060.A16004,2026-02-01,0.0
20.L1.6060.A16004,2026-03-01,3.0
20.L1.6060.A16114,2025-12-01,16.0
20.L1.6060.A16114,2026-01-01,9.0
20.L1.6060.A16114,2026-02-01,10.0
20.L1.6060.A16114,2026-03-01,8.0
20.L1.6060.A16405,2025-12-01,1445.0
20.L1.6060.A16405,2026-01-01,1386.0
20.L1.6060.A16405,2026-02-01,1353.0
20.L1.6060.A16405,2026-03-01,1360.0
20.L1.6060.A16901,2025-12-01,1390.0
20.L1.6060.A16901,2026-01-01,2639.0
20.L1.6060.A16901,2026-02-01,2801.0
20.L1.6060.A16901,2026-03-01,2944.0
20.L1.6060.A16902,2025-12-01,1745.0
20.L1.6060.A16902,2026-01-01,2271.0
20.L1.6060.A16902,2026-02-01,2237.0
20.L1.6060.A16902,2026-03-01,2311.0
20.L1.6060.A16903,2025-12-01,261.0
20.L1.6060.A16903,2026-01-01,66.0
20.L1.6060.A16903,2026-02-01,43.0
20.L1.6060.A16903,2026-03-01,109.0
20.L1.6060.A16904,2025-12-01,1117.0
20.L1.6060.A16904,2026-01-01,1610.0
20.L1.6060.A16904,2026-02-01,1641.0
20.L1.6060.A16904,2026-03-01,1713.0
20.L1.6060.A16905,2025-12-01,483.0
20.L1.6060.A16905,2026-01-01,449.0
20.L1.6060.A16905,2026-02-01,470.0
20.L1.6060.A16905,2026-03-01,445.0
20.L1.6060.A16906,2025-12-01,890.0
20.L1.6060.A16906,2026-01-01,1127.0
20.L1.6060.A16906,2026-02-01,1214.0
20.L1.6060.A16906,2026-03-01,1200.0
20.L1.6060.A16910,2025-12-01,3100.0
20.L1.6060.A16910,2026-01-01,2729.0
20.L1.6060.A16910,2026-02-01,2697.0
20.L1.6060.A16910,2026-03-01,2680.0
20.L1.6060.A16911,2025-12-01,1090.0
20.L1.6060.A16911,2026-01-01,1967.0
20.L1.6060.A16911,2026-02-01,1923.0
20.L1.6060.A16911,2026-03-01,2109.0
20.L1.6060.A16912,2025-12-01,1000.0
20.L1.6060.A16912,2026-01-01,1962.0
20.L1.6060.A16912,2026-02-01,2144.0
20.L1.6060.A16912,2026-03-01,2257.0
20.L1.6060.A16913,2025-12-01,1333.0
20.L1.6060.A16913,2026-01-01,1588.0
20.L1.6060.A16913,2026-02-01,1629.0
20.L1.6060.A16913,2026-03-01,1696.0
20.L1.6060.A16914,2025-12-01,2982.0
20.L1.6060.A16914,2026-01-01,3554.0
20.L1.6060.A16914,2026-02-01,3524.0
20.L1.6060.A16914,2026-03-01,3660.0
20.L1.6060.A16915,2025-12-01,808.0
20.L1.6060.A16915,2026-01-01,1963.0
20.L1.6060.A16915,2026-02-01,2099.0
20.L1.6060.A16915,2026-03-01,2273.0
20.L1.6060.A26006,2025-12-01,242.0
20.L1.6060.A26006,2026-01-01,116.0
20.L1.6060.A26006,2026-02-01,97.0
20.L1.6060.A26006,2026-03-01,83.0
20.L1.6060.A26107,2025-12-01,101.0
20.L1.6060.A26107,2026-01-01,83.0
20.L1.6060.A26107,2026-02-01,58.0
20.L1.6060.A26107,2026-03-01,62.0
20.L1.6060.A26112,2025-12-01,3436.0
20.L1.6060.A26112,2026-01-01,4002.0
20.L1.6060.A26112,2026-02-01,3954.0
20.L1.6060.A26112,2026-03-01,4078.0
20.L1.6060.A26172,2025-12-01,1784.0
20.L1.6060.A26172,2026-01-01,3631.0
20.L1.6060.A26172,2026-02-01,3856.0
20.L1.6060.A26172,2026-03-01,4094.0
20.L1.6060.A26901,2025-12-01,735.0
20.L1.6060.A26901,2026-01-01,796.0
20.L1.6060.A26901,2026-02-01,794.0
20.L1.6060.A26901,2026-03-01,774.0
20.L1.6060.A26903,2025-12-01,500.0
20.L1.6060.A26903,2026-01-01,17.0
20.L1.6060.A26903,2026-02-01,12.0
20.L1.6060.A26903,2026-03-01,25.0
20.L1.6060.A26904,2025-12-01,666.0
20.L1.6060.A26904,2026-01-01,1303.0
20.L1.6060.A26904,2026-02-01,1334.0
20.L1.6060.A26904,2026-03-01,1480.0
20.L1.6060.A26905,2025-12-01,2194.0
20.L1.6060.A26905,2026-01-01,1969.0
20.L1.6060.A26905,2026-02-01,2046.0
20.L1.6060.A26905,2026-03-01,1918.0
20.L1.6060.A26913,2025-12-01,2617.0
20.L1.6060.A26913,2026-01-01,3569.0
20.L1.6060.A26913,2026-02-01,3718.0
20.L1.6060.A26913,2026-03-01,3820.0
20.L1.6060.A26914,2025-12-01,1755.0
20.L1.6060.A26914,2026-01-01,1948.0
20.L1.6060.A26914,2026-02-01,1953.0
20.L1.6060.A26914,2026-03-01,1923.0
20.L1.6060.A26915,2025-12-01,3597.0
20.L1.6060.A26915,2026-01-01,4965.0
20.L1.6060.A26915,2026-02-01,5035.0
20.L1.6060.A26915,2026-03-01,5246.0
20.L1.6060.A26916,2025-12-01,1475.0
20.L1.6060.A26916,2026-01-01,1839.0
20.L1.6060.A26916,2026-02-01,1784.0
20.L1.6060.A26916,2026-03-01,1851.0
20.L1.6060.A26917,2025-12-01,2452.0
20.L1.6060.A26917,2026-01-01,3076.0
20.L1.6060.A26917,2026-02-01,3122.0
20.L1.6060.A26917,2026-03-01,3248.0
20.L1.6060.A26918,2025-12-01,3242.0
20.L1.6060.A26918,2026-01-01,3840.0
20.L1.6060.A26918,2026-02-01,3587.0
20.L1.6060.A26918,2026-03-01,3796.0
20.L1.6060.A36003,2025-12-01,252.0
20.L1.6060.A36003,2026-01-01,2718.0
20.L1.6060.A36003,2026-02-01,1767.0
20.L1.6060.A36003,2026-03-01,2990.0
20.L1.6060.A36004,2025-12-01,150.0
20.L1.6060.A36004,2026-01-01,26.0
20.L1.6060.A36004,2026-02-01,25.0
20.L1.6060.A36004,2026-03-01,20.0
20.L1.6060.A36005,2025-12-01,2100.0
20.L1.6060.A36005,2026-01-01,2103.0
20.L1.6060.A36005,2026-02-01,1895.0
20.L1.6060.A36005,2026-03-01,2078.0
20.L1.6060.A36006,2025-12-01,138.0
20.L1.6060.A36006,2026-01-01,163.0
20.L1.6060.A36006,2026-02-01,181.0
20.L1.6060.A36006,2026-03-01,190.0
20.L1.6060.A36902,2025-12-01,1693.0
20.L1.6060.A36902,2026-01-01,1646.0
20.L1.6060.A36902,2026-02-01,1639.0
20.L1.6060.A36902,2026-03-01,1630.0
20.L1.6060.A36903,2025-12-01,404.0
20.L1.6060.A36903,2026-01-01,0.0
20.L1.6060.A36903,2026-02-01,0.0
20.L1.6060.A36903,2026-03-01,660.0
20.L1.6060.A36904,2025-12-01,142.0
20.L1.6060.A36904,2026-01-01,135.0
20.L1.6060.A36904,2026-02-01,150.0
20.L1.6060.A36904,2026-03-01,135.0
20.L1.6060.A36915,2025-12-01,935.0
20.L1.6060.A36915,2026-01-01,981.0
20.L1.6060.A36915,2026-02-01,981.0
20.L1.6060.A36915,2026-03-01,906.0
20.L1.6060.A36916,2025-12-01,1089.0
20.L1.6060.A36916,2026-01-01,1317.0
20.L1.6060.A36916,2026-02-01,1371.0
20.L1.6060.A36916,2026-03-01,1373.0
20.L1.6060.A36917,2025-12-01,1250.0
20.L1.6060.A36917,2026-01-01,1291.0
20.L1.6060.A36917,2026-02-01,1256.0
20.L1.6060.A36917,2026-03-01,1259.0
20.L1.6060.A36918,2025-12-01,986.0
20.L1.6060.A36918,2026-01-01,1101.0
20.L1.6060.A36918,2026-02-01,1089.0
20.L1.6060.A36918,2026-03-01,1111.0
20.L1.6060.A36919,2025-12-01,318.0
20.L1.6060.A36919,2026-01-01,394.0
20.L1.6060.A36919,2026-02-01,405.0
20.L1.6060.A36919,2026-03-01,442.0
20.L1.6060.A36920,2025-12-01,1623.0
20.L1.6060.A36920,2026-01-01,2375.0
20.L1.6060.A36920,2026-02-01,2563.0
20.L1.6060.A36920,2026-03-01,2594.0
20.L1.6060.A66101,2025-12-01,1097.0
20.L1.6060.A66101,2026-01-01,1180.0
20.L1.6060.A66101,2026-02-01,1248.0
20.L1.6060.A66101,2026-03-01,1297.0
20.L1.6060.A66102,2025-12-01,1620.0
20.L1.6060.A66102,2026-01-01,789.0
20.L1.6060.A66102,2026-02-01,510.0
20.L1.6060.A66102,2026-03-01,1114.0
20.L1.6060.A66103,2025-12-01,1467.0
20.L1.6060.A66103,2026-01-01,2144.0
20.L1.6060.A66103,2026-02-01,2201.0
20.L1.6060.A66103,2026-03-01,2318.0
20.L1.6060.A66104,2025-12-01,1989.0
20.L1.6060.A66104,2026-01-01,1056.0
20.L1.6060.A66104,2026-02-01,683.0
20.L1.6060.A66104,2026-03-01,1491.0
20.L1.6060.A66105,2025-12-01,2033.0
20.L1.6060.A66105,2026-01-01,1702.0
20.L1.6060.A66105,2026-02-01,1729.0
20.L1.6060.A66105,2026-03-01,1699.0
20.L1.6060.A66106,2025-12-01,1338.0
20.L1.6060.A66106,2026-01-01,1957.0
20.L1.6060.A66106,2026-02-01,1933.0
20.L1.6060.A66106,2026-03-01,2025.0
20.L1.6060.A86301,2025-12-01,402.0
20.L1.6060.A86301,2026-01-01,231.0
20.L1.6060.A86301,2026-02-01,149.0
20.L1.6060.A86301,2026-03-01,326.0
20.L1.6060.A89601,2025-12-01,1374.0
20.L1.6060.A89601,2026-01-01,1872.0
20.L1.6060.A89601,2026-02-01,1880.0
20.L1.6060.A89601,2026-03-01,1968.0
20.L1.6060.A89602,2025-12-01,1853.0
20.L1.6060.A89602,2026-01-01,2073.0
20.L1.6060.A89602,2026-02-01,2047.0
20.L1.6060.A89602,2026-03-01,2035.0
20.L1.6060.A89603,2025-12-01,1373.0
20.L1.6060.A89603,2026-01-01,1929.0
20.L1.6060.A89603,2026-02-01,2020.0
20.L1.6060.A89603,2026-03-01,2072.0
20.L1.6060.A89604,2025-12-01,2824.0
20.L1.6060.A89604,2026-01-01,3258.0
20.L1.6060.A89604,2026-02-01,3350.0
20.L1.6060.A89604,2026-03-01,3332.0
20.L1.6060.A89605,2025-12-01,1751.0
20.L1.6060.A89605,2026-01-01,1755.0
20.L1.6060.A89605,2026-02-01,1627.0
20.L1.6060.A89605,2026-03-01,1664.0
20.L1.6060.A89606,2025-12-01,2152.0
20.L1.6060.A89606,2026-01-01,2931.0
20.L1.6060.A89606,2026-02-01,2882.0
20.L1.6060.A89606,2026-03-01,2976.0
20.L1.6060.A89607,2025-12-01,1344.0
20.L1.6060.A89607,2026-01-01,2140.0
20.L1.6060.A89607,2026-02-01,2194.0
20.L1.6060.A89607,2026-03-01,2299.0
20.L1.6060.A89651,2025-12-01,689.0
20.L1.6060.A89651,2026-01-01,930.0
20.L1.6060.A89651,2026-02-01,992.0
20.L1.6060.A89651,2026-03-01,1038.0
20.L1.6060.A89652,2025-12-01,150.0
20.L1.6060.A89652,2026-01-01,131.0
20.L1.6060.A89652,2026-02-01,85.0
20.L1.6060.A89652,2026-03-01,95.0
20.L1.6060.A89653,2025-12-01,658.0
20.L1.6060.A89653,2026-01-01,68.0
20.L1.6060.A89653,2026-02-01,44.0
20.L1.6060.A89653,2026-03-01,95.0
20.L1.6060.A89654,2025-12-01,275.0
20.L1.6060.A89654,2026-01-01,213.0
20.L1.6060.A89654,2026-02-01,212.0
20.L1.6060.A89654,2026-03-01,205.0
20.L1.6060.A89655,2025-12-01,390.0
20.L1.6060.A89655,2026-01-01,354.0
20.L1.6060.A89655,2026-02-01,229.0
20.L1.6060.A89655,2026-03-01,500.0
20.L1.6060.A89656,2025-12-01,658.0
20.L1.6060.A89656,2026-01-01,346.0
20.L1.6060.A89656,2026-02-01,308.0
20.L1.6060.A89656,2026-03-01,293.0
20.L1.6060.A89657,2025-12-01,242.0
20.L1.6060.A89657,2026-01-01,325.0
20.L1.6060.A89657,2026-02-01,331.0
20.L1.6060.A89657,2026-03-01,334.0
20.L1.6060.A89658,2025-12-01,380.0
20.L1.6060.A89658,2026-01-01,479.0
20.L1.6060.A89658,2026-02-01,509.0
20.L1.6060.A89658,2026-03-01,552.0
20.L1.6060.A91661,2025-12-01,5297.0
20.L1.6060.A91661,2026-01-01,6299.0
20.L1.6060.A91661,2026-02-01,6416.0
20.L1.6060.A91661,2026-03-01,6590.0
20.L1.6060.A91662,2025-12-01,22900.0
20.L1.6060.A91662,2026-01-01,16051.0
20.L1.6060.A91662,2026-02-01,17163.0
20.L1.6060.A91662,2026-03-01,17969.0
20.L1.8080.18117,2025-12-01,56.0
20.L1.8080.18117,2026-01-01,59.0
20.L1.8080.18117,2026-02-01,65.0
20.L1.8080.18117,2026-03-01,65.0
20.L1.8080.18125,2025-12-01,16.0
20.L1.8080.18125,2026-01-01,5.0
20.L1.8080.18125,2026-02-01,6.0
20.L1.8080.18125,2026-03-01,4.0
20.L1.8080.18128,2025-12-01,110.0
20.L1.8080.18128,2026-01-01,93.0
20.L1.8080.18128,2026-02-01,68.0
20.L1.8080.18128,2026-03-01,62.0
20.L1.8080.18901,2025-12-01,995.0
20.L1.8080.18901,2026-01-01,1349.0
20.L1.8080.18901,2026-02-01,1356.0
20.L1.8080.18901,2026-03-01,1402.0
20.L1.8080.18902,2025-12-01,276.0
20.L1.8080.18902,2026-01-01,1122.0
20.L1.8080.18902,2026-02-01,729.0
20.L1.8080.18902,2026-03-01,1234.0
20.L1.8080.18903,2025-12-01,360.0
20.L1.8080.18903,2026-01-01,321.0
20.L1.8080.18903,2026-02-01,328.0
20.L1.8080.18903,2026-03-01,314.0
20.L1.8080.18904,2025-12-01,140.0
20.L1.8080.18904,2026-01-01,271.0
20.L1.8080.18904,2026-02-01,282.0
20.L1.8080.18904,2026-03-01,319.0
20.L1.8080.18905,2025-12-01,30.0
20.L1.8080.18905,2026-01-01,34.0
20.L1.8080.18905,2026-02-01,36.0
20.L1.8080.18905,2026-03-01,36.0
20.L1.8080.18906,2025-12-01,125.0
20.L1.8080.18906,2026-01-01,976.0
20.L1.8080.18906,2026-02-01,804.0
20.L1.8080.18906,2026-03-01,842.0
20.L1.8080.18910,2025-12-01,1286.0
20.L1.8080.18910,2026-01-01,0.0
20.L1.8080.18910,2026-02-01,0.0
20.L1.8080.18910,2026-03-01,15.0
20.L1.8080.18911,2025-12-01,909.0
20.L1.8080.18911,2026-01-01,1073.0
20.L1.8080.18911,2026-02-01,1116.0
20.L1.8080.18911,2026-03-01,1067.0
20.L1.8080.18912,2025-12-01,1029.0
20.L1.8080.18912,2026-01-01,994.0
20.L1.8080.18912,2026-02-01,1022.0
20.L1.8080.18912,2026-03-01,1026.0
20.L1.8080.18913,2025-12-01,567.0
20.L1.8080.18913,2026-01-01,565.0
20.L1.8080.18913,2026-02-01,545.0
20.L1.8080.18913,2026-03-01,560.0
20.L1.8080.18914,2025-12-01,950.0
20.L1.8080.18914,2026-01-01,738.0
20.L1.8080.18914,2026-02-01,747.0
20.L1.8080.18914,2026-03-01,790.0
20.L1.8080.18915,2025-12-01,834.0
20.L1.8080.18915,2026-01-01,761.0
20.L1.8080.18915,2026-02-01,776.0
20.L1.8080.18915,2026-03-01,771.0
20.L1.8080.28101,2025-12-01,278.0
20.L1.8080.28101,2026-01-01,108.0
20.L1.8080.28101,2026-02-01,96.0
20.L1.8080.28101,2026-03-01,85.0
20.L1.8080.28107,2025-12-01,118.0
20.L1.8080.28107,2026-01-01,12.0
20.L1.8080.28107,2026-02-01,11.0
20.L1.8080.28107,2026-03-01,10.0
20.L1.8080.28901,2025-12-01,486.0
20.L1.8080.28901,2026-01-01,0.0
20.L1.8080.28901,2026-02-01,0.0
20.L1.8080.28901,2026-03-01,1.0
20.L1.8080.28903,2025-12-01,750.0
20.L1.8080.28903,2026-01-01,128.0
20.L1.8080.28903,2026-02-01,83.0
20.L1.8080.28903,2026-03-01,128.0
20.L1.8080.28904,2025-12-01,130.0
20.L1.8080.28904,2026-01-01,471.0
20.L1.8080.28904,2026-02-01,492.0
20.L1.8080.28904,2026-03-01,550.0
20.L1.8080.28905,2025-12-01,609.0
20.L1.8080.28905,2026-01-01,556.0
20.L1.8080.28905,2026-02-01,560.0
20.L1.8080.28905,2026-03-01,522.0
20.L1.8080.28906,2025-12-01,8.0
20.L1.8080.28906,2026-01-01,33.0
20.L1.8080.28906,2026-02-01,36.0
20.L1.8080.28906,2026-03-01,39.0
20.L1.8080.28913,2025-12-01,2417.0
20.L1.8080.28913,2026-01-01,2397.0
20.L1.8080.28913,2026-02-01,2123.0
20.L1.8080.28913,2026-03-01,2247.0
20.L1.8080.28914,2025-12-01,736.0
20.L1.8080.28914,2026-01-01,1316.0
20.L1.8080.28914,2026-02-01,1290.0
20.L1.8080.28914,2026-03-01,1413.0
20.L1.8080.28915,2025-12-01,769.0
20.L1.8080.28915,2026-01-01,1321.0
20.L1.8080.28915,2026-02-01,1348.0
20.L1.8080.28915,2026-03-01,1473.0
20.L1.8080.28916,2025-12-01,993.0
20.L1.8080.28916,2026-01-01,1017.0
20.L1.8080.28916,2026-02-01,978.0
20.L1.8080.28916,2026-03-01,1022.0
20.L1.8080.28917,2025-12-01,1167.0
20.L1.8080.28917,2026-01-01,2594.0
20.L1.8080.28917,2026-02-01,2693.0
20.L1.8080.28917,2026-03-01,2921.0
20.L1.8080.28918,2025-12-01,1160.0
20.L1.8080.28918,2026-01-01,1208.0
20.L1.8080.28918,2026-02-01,1142.0
20.L1.8080.28918,2026-03-01,1162.0
20.L1.8080.38002,2025-12-01,1034.0
20.L1.8080.38002,2026-01-01,584.0
20.L1.8080.38002,2026-02-01,541.0
20.L1.8080.38002,2026-03-01,449.0
20.L1.8080.38003,2025-12-01,855.0
20.L1.8080.38003,2026-01-01,1384.0
20.L1.8080.38003,2026-02-01,1478.0
20.L1.8080.38003,2026-03-01,1573.0
20.L1.8080.38006,2025-12-01,260.0
20.L1.8080.38006,2026-01-01,132.0
20.L1.8080.38006,2026-02-01,131.0
20.L1.8080.38006,2026-03-01,105.0
20.L1.8080.38901,2025-12-01,808.0
20.L1.8080.38901,2026-01-01,681.0
20.L1.8080.38901,2026-02-01,660.0
20.L1.8080.38901,2026-03-01,631.0
20.L1.8080.38902,2025-12-01,710.0
20.L1.8080.38902,2026-01-01,594.0
20.L1.8080.38902,2026-02-01,533.0
20.L1.8080.38902,2026-03-01,575.0
20.L1.8080.38904,2025-12-01,172.0
20.L1.8080.38904,2026-01-01,292.0
20.L1.8080.38904,2026-02-01,290.0
20.L1.8080.38904,2026-03-01,311.0
20.L1.8080.38905,2025-12-01,739.0
20.L1.8080.38905,2026-01-01,585.0
20.L1.8080.38905,2026-02-01,612.0
20.L1.8080.38905,2026-03-01,640.0
20.L1.8080.38907,2025-12-01,157.0
20.L1.8080.38907,2026-01-01,79.0
20.L1.8080.38907,2026-02-01,88.0
20.L1.8080.38907,2026-03-01,79.0
20.L1.8080.38915,2025-12-01,678.0
20.L1.8080.38915,2026-01-01,375.0
20.L1.8080.38915,2026-02-01,407.0
20.L1.8080.38915,2026-03-01,403.0
20.L1.8080.38917,2025-12-01,592.0
20.L1.8080.38917,2026-01-01,266.0
20.L1.8080.38917,2026-02-01,193.0
20.L1.8080.38917,2026-03-01,214.0
20.L1.8080.38918,2025-12-01,622.0
20.L1.8080.38918,2026-01-01,720.0
20.L1.8080.38918,2026-02-01,718.0
20.L1.8080.38918,2026-03-01,730.0
20.L1.8080.38919,2025-12-01,376.0
20.L1.8080.38919,2026-01-01,271.0
20.L1.8080.38919,2026-02-01,238.0
20.L1.8080.38919,2026-03-01,224.0
20.L1.8080.38920,2025-12-01,1528.0
20.L1.8080.38920,2026-01-01,2639.0
20.L1.8080.38920,2026-02-01,2658.0
20.L1.8080.38920,2026-03-01,2843.0
20.L1.8080.68101,2025-12-01,989.0
20.L1.8080.68101,2026-01-01,1014.0
20.L1.8080.68101,2026-02-01,937.0
20.L1.8080.68101,2026-03-01,975.0
20.L1.8080.68102,2025-12-01,855.0
20.L1.8080.68102,2026-01-01,1091.0
20.L1.8080.68102,2026-02-01,1136.0
20.L1.8080.68102,2026-03-01,1182.0
20.L1.8080.68103,2025-12-01,475.0
20.L1.8080.68103,2026-01-01,428.0
20.L1.8080.68103,2026-02-01,424.0
20.L1.8080.68103,2026-03-01,436.0
20.L1.8080.68104,2025-12-01,1882.0
20.L1.8080.68104,2026-01-01,1936.0
20.L1.8080.68104,2026-02-01,2024.0
20.L1.8080.68104,2026-03-01,1996.0
20.L1.8080.68105,2025-12-01,718.0
20.L1.8080.68105,2026-01-01,1194.0
20.L1.8080.68105,2026-02-01,1253.0
20.L1.8080.68105,2026-03-01,1326.0
20.L1.8080.68106,2025-12-01,522.0
20.L1.8080.68106,2026-01-01,342.0
20.L1.8080.68106,2026-02-01,326.0
20.L1.8080.68106,2026-03-01,333.0
20.L1.8080.89801,2025-12-01,2047.0
20.L1.8080.89801,2026-01-01,3265.0
20.L1.8080.89801,2026-02-01,3432.0
20.L1.8080.89801,2026-03-01,3590.0
20.L1.8080.89802,2025-12-01,879.0
20.L1.8080.89802,2026-01-01,847.0
20.L1.8080.89802,2026-02-01,805.0
20.L1.8080.89802,2026-03-01,831.0
20.L1.8080.89803,2025-12-01,779.0
20.L1.8080.89803,2026-01-01,432.0
20.L1.8080.89803,2026-02-01,280.0
20.L1.8080.89803,2026-03-01,610.0
20.L1.8080.89804,2025-12-01,1525.0
20.L1.8080.89804,2026-01-01,672.0
20.L1.8080.89804,2026-02-01,435.0
20.L1.8080.89804,2026-03-01,948.0
20.L1.8080.89805,2025-12-01,1398.0
20.L1.8080.89805,2026-01-01,2960.0
20.L1.8080.89805,2026-02-01,2982.0
20.L1.8080.89805,2026-03-01,3247.0
20.L1.8080.89806,2025-12-01,879.0
20.L1.8080.89806,2026-01-01,1120.0
20.L1.8080.89806,2026-02-01,1179.0
20.L1.8080.89806,2026-03-01,1202.0
20.L1.8080.89807,2025-12-01,1977.0
20.L1.8080.89807,2026-01-01,2570.0
20.L1.8080.89807,2026-02-01,2614.0
20.L1.8080.89807,2026-03-01,2701.0
20.L1.8080.89851,2025-12-01,419.0
20.L1.8080.89851,2026-01-01,0.0
20.L1.8080.89851,2026-02-01,0.0
20.L1.8080.89851,2026-03-01,212.0
20.L1.8080.89852,2025-12-01,152.0
20.L1.8080.89852,2026-01-01,41.0
20.L1.8080.89852,2026-02-01,34.0
20.L1.8080.89852,2026-03-01,29.0
20.L1.8080.89853,2025-12-01,408.0
20.L1.8080.89853,2026-01-01,314.0
20.L1.8080.89853,2026-02-01,319.0
20.L1.8080.89853,2026-03-01,335.0
20.L1.8080.89854,2025-12-01,658.0
20.L1.8080.89854,2026-01-01,22.0
20.L1.8080.89854,2026-02-01,14.0
20.L1.8080.89854,2026-03-01,358.0
20.L1.8080.89855,2025-12-01,542.0
20.L1.8080.89855,2026-01-01,463.0
20.L1.8080.89855,2026-02-01,468.0
20.L1.8080.89855,2026-03-01,458.0
20.L1.8080.89856,2025-12-01,527.0
20.L1.8080.89856,2026-01-01,0.0
20.L1.8080.89856,2026-02-01,0.0
20.L1.8080.89856,2026-03-01,390.0
20.L1.8080.89857,2025-12-01,164.0
20.L1.8080.89857,2026-01-01,0.0
20.L1.8080.89857,2026-02-01,0.0
20.L1.8080.89857,2026-03-01,0.0
20.L1.8080.89858,2025-12-01,180.0
20.L1.8080.89858,2026-01-01,95.0
20.L1.8080.89858,2026-02-01,84.0
20.L1.8080.89858,2026-03-01,70.0
20.L1.8080.91851,2025-12-01,950.0
20.L1.8080.91851,2026-01-01,1011.0
20.L1.8080.91851,2026-02-01,978.0
20.L1.8080.91851,2026-03-01,990.0
20.L1.8080.91852,2025-12-01,606.0
20.L1.8080.91852,2026-01-01,844.0
20.L1.8080.91852,2026-02-01,882.0
20.L1.8080.91852,2026-03-01,898.0
20.L1.8080.91853,2025-12-01,1169.0
20.L1.8080.91853,2026-01-01,1103.0
20.L1.8080.91853,2026-02-01,1030.0
20.L1.8080.91853,2026-03-01,1059.0
20.L1.8080.91854,2025-12-01,891.0
20.L1.8080.91854,2026-01-01,752.0
20.L1.8080.91854,2026-02-01,709.0
20.L1.8080.91854,2026-03-01,699.0
20.L1.8080.91855,2025-12-01,1700.0
20.L1.8080.91855,2026-01-01,2037.0
20.L1.8080.91855,2026-02-01,2165.0
20.L1.8080.91855,2026-03-01,2199.0
20.L1.8080.91856,2025-12-01,1126.0
20.L1.8080.91856,2026-01-01,1784.0
20.L1.8080.91856,2026-02-01,1754.0
20.L1.8080.91856,2026-03-01,1877.0
20.L1.8080.91857,2025-12-01,668.0
20.L1.8080.91857,2026-01-01,1067.0
20.L1.8080.91857,2026-02-01,1110.0
20.L1.8080.91857,2026-03-01,1166.0
20.L1.8080.91858,2025-12-01,2856.0
20.L1.8080.91858,2026-01-01,3210.0
20.L1.8080.91858,2026-02-01,3241.0
20.L1.8080.91858,2026-03-01,3250.0
20.L1.8080.91859,2025-12-01,802.0
20.L1.8080.91859,2026-01-01,846.0
20.L1.8080.91859,2026-02-01,888.0
20.L1.8080.91859,2026-03-01,997.0
20.L1.8080.91860,2025-12-01,820.0
20.L1.8080.91860,2026-01-01,846.0
20.L1.8080.91860,2026-02-01,815.0
20.L1.8080.91860,2026-03-01,828.0
20.L1.8080.91861,2025-12-01,7394.0
20.L1.8080.91861,2026-01-01,7175.0
20.L1.8080.91861,2026-02-01,7035.0
20.L1.8080.91861,2026-03-01,7120.0
20.L1.8080.91862,2025-12-01,3631.0
20.L1.8080.91862,2026-01-01,4222.0
20.L1.8080.91862,2026-02-01,4327.0
20.L1.8080.91862,2026-03-01,4390.0
25.L1.3060.FP936601,2025-12-01,948.0
25.L1.3060.FP936601,2026-01-01,1243.0
25.L1.3060.FP936601,2026-02-01,1315.0
25.L1.3060.FP936601,2026-03-01,1295.0
25.L1.3060.FP936601D,2025-12-01,27.0
25.L1.3060.FP936601D,2026-01-01,147.0
25.L1.3060.FP936601D,2026-02-01,106.0
25.L1.3060.FP936601D,2026-03-01,113.0
25.L1.3060.FP936601V,2025-12-01,56.0
25.L1.3060.FP936601V,2026-01-01,83.0
25.L1.3060.FP936601V,2026-02-01,54.0
25.L1.3060.FP936601V,2026-03-01,117.0
25.L1.3060.FP936602,2025-12-01,1200.0
25.L1.3060.FP936602,2026-01-01,1361.0
25.L1.3060.FP936602,2026-02-01,1442.0
25.L1.3060.FP936602,2026-03-01,1356.0
25.L1.3060.FP936602D,2025-12-01,16.0
25.L1.3060.FP936602D,2026-01-01,0.0
25.L1.3060.FP936602D,2026-02-01,0.0
25.L1.3060.FP936602D,2026-03-01,0.0
25.L1.3060.FP936602V,2025-12-01,80.0
25.L1.3060.FP936602V,2026-01-01,108.0
25.L1.3060.FP936602V,2026-02-01,98.0
25.L1.3060.FP936602V,2026-03-01,109.0
25.L1.3060.FP936604,2025-12-01,4747.0
25.L1.3060.FP936604,2026-01-01,6588.0
25.L1.3060.FP936604,2026-02-01,7208.0
25.L1.3060.FP936604,2026-03-01,7144.0
25.L1.3060.FP936604D,2025-12-01,612.0
25.L1.3060.FP936604D,2026-01-01,686.0
25.L1.3060.FP936604D,2026-02-01,745.0
25.L1.3060.FP936604D,2026-03-01,746.0
25.L1.3060.FP936605,2025-12-01,2949.0
25.L1.3060.FP936605,2026-01-01,4329.0
25.L1.3060.FP936605,2026-02-01,4722.0
25.L1.3060.FP936605,2026-03-01,4739.0
25.L1.3060.FP936606,2025-12-01,2950.0
25.L1.3060.FP936606,2026-01-01,2619.0
25.L1.3060.FP936606,2026-02-01,1695.0
25.L1.3060.FP936606,2026-03-01,3698.0
25.L1.3060.FP936606D,2025-12-01,378.0
25.L1.3060.FP936606D,2026-01-01,594.0
25.L1.3060.FP936606D,2026-02-01,644.0
25.L1.3060.FP936606D,2026-03-01,655.0
25.L1.3060.FP936607,2025-12-01,1241.0
25.L1.3060.FP936607,2026-01-01,1962.0
25.L1.3060.FP936607,2026-02-01,2120.0
25.L1.3060.FP936607,2026-03-01,2201.0
25.L1.3060.FP936608,2025-12-01,1072.0
25.L1.3060.FP936608,2026-01-01,893.0
25.L1.3060.FP936608,2026-02-01,843.0
25.L1.3060.FP936608,2026-03-01,927.0
25.L1.3060.FP936608D,2025-12-01,0.0
25.L1.3060.FP936608D,2026-01-01,103.0
25.L1.3060.FP936608D,2026-02-01,67.0
25.L1.3060.FP936608D,2026-03-01,113.0
25.L1.3060.FP936608V,2025-12-01,142.0
25.L1.3060.FP936608V,2026-01-01,125.0
25.L1.3060.FP936608V,2026-02-01,123.0
25.L1.3060.FP936608V,2026-03-01,133.0
25.L1.3060.FP936609,2025-12-01,2050.0
25.L1.3060.FP936609,2026-01-01,2132.0
25.L1.3060.FP936609,2026-02-01,2038.0
25.L1.3060.FP936609,2026-03-01,2123.0
25.L1.3060.FP936609D,2025-12-01,2.0
25.L1.3060.FP936609D,2026-01-01,7.0
25.L1.3060.FP936609D,2026-02-01,4.0
25.L1.3060.FP936609D,2026-03-01,4.0
25.L1.3060.FP936609V,2025-12-01,79.0
25.L1.3060.FP936609V,2026-01-01,185.0
25.L1.3060.FP936609V,2026-02-01,149.0
25.L1.3060.FP936609V,2026-03-01,146.0
25.L1.3060.FP936610,2025-12-01,708.0
25.L1.3060.FP936610,2026-01-01,2299.0
25.L1.3060.FP936610,2026-02-01,2481.0
25.L1.3060.FP936610,2026-03-01,2731.0
25.L1.3060.FP936610D,2025-12-01,80.0
25.L1.3060.FP936610D,2026-01-01,434.0
25.L1.3060.FP936610D,2026-02-01,364.0
25.L1.3060.FP936610D,2026-03-01,380.0
25.L1.3060.FP936611,2025-12-01,1674.0
25.L1.3060.FP936611,2026-01-01,2093.0
25.L1.3060.FP936611,2026-02-01,2009.0
25.L1.3060.FP936611,2026-03-01,2073.0
25.L1.3060.FP936612,2025-12-01,4500.0
25.L1.3060.FP936612,2026-01-01,6057.0
25.L1.3060.FP936612,2026-02-01,6245.0
25.L1.3060.FP936612,2026-03-01,6417.0
25.L1.3060.FP936612D,2025-12-01,424.0
25.L1.3060.FP936612D,2026-01-01,894.0
25.L1.3060.FP936612D,2026-02-01,967.0
25.L1.3060.FP936612D,2026-03-01,1018.0
25.L1.3060.FP936613,2025-12-01,2960.0
25.L1.3060.FP936613,2026-01-01,4003.0
25.L1.3060.FP936613,2026-02-01,4289.0
25.L1.3060.FP936613,2026-03-01,4335.0
25.L1.4080.FP948601,2025-12-01,2971.0
25.L1.4080.FP948601,2026-01-01,476.0
25.L1.4080.FP948601,2026-02-01,309.0
25.L1.4080.FP948601,2026-03-01,1754.0
25.L1.4080.FP948601D,2025-12-01,69.0
25.L1.4080.FP948601D,2026-01-01,46.0
25.L1.4080.FP948601D,2026-02-01,52.0
25.L1.4080.FP948601D,2026-03-01,41.0
25.L1.4080.FP948601V,2025-12-01,223.0
25.L1.4080.FP948601V,2026-01-01,0.0
25.L1.4080.FP948601V,2026-02-01,0.0
25.L1.4080.FP948601V,2026-03-01,0.0
25.L1.4080.FP948602,2025-12-01,3740.0
25.L1.4080.FP948602,2026-01-01,4845.0
25.L1.4080.FP948602,2026-02-01,5145.0
25.L1.4080.FP948602,2026-03-01,5193.0
25.L1.4080.FP948602D,2025-12-01,33.0
25.L1.4080.FP948602D,2026-01-01,25.0
25.L1.4080.FP948602D,2026-02-01,19.0
25.L1.4080.FP948602D,2026-03-01,21.0
25.L1.4080.FP948602V,2025-12-01,232.0
25.L1.4080.FP948602V,2026-01-01,226.0
25.L1.4080.FP948602V,2026-02-01,231.0
25.L1.4080.FP948602V,2026-03-01,226.0
25.L1.4080.FP948603,2025-12-01,6363.0
25.L1.4080.FP948603,2026-01-01,6542.0
25.L1.4080.FP948603,2026-02-01,6653.0
25.L1.4080.FP948603,2026-03-01,6663.0
25.L1.4080.FP948603D,2025-12-01,161.0
25.L1.4080.FP948603D,2026-01-01,210.0
25.L1.4080.FP948603D,2026-02-01,236.0
25.L1.4080.FP948603D,2026-03-01,233.0
25.L1.4080.FP948603V,2025-12-01,329.0
25.L1.4080.FP948603V,2026-01-01,462.0
25.L1.4080.FP948603V,2026-02-01,458.0
25.L1.4080.FP948603V,2026-03-01,484.0
25.L1.4080.FP948604,2025-12-01,6380.0
25.L1.4080.FP948604,2026-01-01,4315.0
25.L1.4080.FP948604,2026-02-01,4490.0
25.L1.4080.FP948604,2026-03-01,4350.0
25.L1.4080.FP948604D,2025-12-01,108.0
25.L1.4080.FP948604D,2026-01-01,62.0
25.L1.4080.FP948604D,2026-02-01,62.0
25.L1.4080.FP948604D,2026-03-01,67.0
25.L1.4080.FP948604V,2025-12-01,444.0
25.L1.4080.FP948604V,2026-01-01,567.0
25.L1.4080.FP948604V,2026-02-01,590.0
25.L1.4080.FP948604V,2026-03-01,616.0
25.L1.6060.FP96600,2025-12-01,360.0
25.L1.6060.FP96600,2026-01-01,492.0
25.L1.6060.FP96600,2026-02-01,478.0
25.L1.6060.FP96600,2026-03-01,498.0
25.L1.6060.FP96601,2025-12-01,3896.0
25.L1.6060.FP96601,2026-01-01,364.0
25.L1.6060.FP96601,2026-02-01,222.0
25.L1.6060.FP96601,2026-03-01,485.0
25.L1.6060.FP96604,2025-12-01,1692.0
25.L1.6060.FP96604,2026-01-01,891.0
25.L1.6060.FP96604,2026-02-01,652.0
25.L1.6060.FP96604,2026-03-01,613.0
25.L1.6060.FP96606,2025-12-01,906.0
25.L1.6060.FP96606,2026-01-01,468.0
25.L1.6060.FP96606,2026-02-01,319.0
25.L1.6060.FP96606,2026-03-01,302.0
25.L1.6060.FP96607,2025-12-01,38.0
25.L1.6060.FP96607,2026-01-01,35.0
25.L1.6060.FP96607,2026-02-01,23.0
25.L1.6060.FP96607,2026-03-01,26.0
25.L1.6060.FP96608,2025-12-01,423.0
25.L1.6060.FP96608,2026-01-01,194.0
25.L1.6060.FP96608,2026-02-01,182.0
25.L1.6060.FP96608,2026-03-01,196.0
25.L1.6060.FP966602,2025-12-01,1936.0
25.L1.6060.FP966602,2026-01-01,1306.0
25.L1.6060.FP966602,2026-02-01,1325.0
25.L1.6060.FP966602,2026-03-01,1181.0
25.L1.6060.FP966605,2025-12-01,516.0
25.L1.6060.FP966605,2026-01-01,404.0
25.L1.6060.FP966605,2026-02-01,406.0
25.L1.6060.FP966605,2026-03-01,449.0
25.L1.6060.FP96666,2025-12-01,429.0
25.L1.6060.FP96666,2026-01-01,478.0
25.L1.6060.FP96666,2026-02-01,508.0
25.L1.6060.FP96666,2026-03-01,528.0
25.L1.6060.FPH966001,2025-12-01,1598.0
25.L1.6060.FPH966001,2026-01-01,993.0
25.L1.6060.FPH966001,2026-02-01,798.0
25.L1.6060.FPH966001,2026-03-01,764.0
25.L1.6060.FPU6006,2025-12-01,46.0
25.L1.6060.FPU6006,2026-01-01,0.0
25.L1.6060.FPU6006,2026-02-01,0.0
25.L1.6060.FPU6006,2026-03-01,0.0
25.L1.6060.FPU6007,2025-12-01,38.0
25.L1.6060.FPU6007,2026-01-01,0.0
25.L1.6060.FPU6007,2026-02-01,0.0
25.L1.6060.FPU6007,2026-03-01,0.0
25.L1.6060.FPU6010,2025-12-01,165.0
25.L1.6060.FPU6010,2026-01-01,0.0
25.L1.6060.FPU6010,2026-02-01,0.0
25.L1.6060.FPU6010,2026-03-01,1040.0
25.L1.6060.FPU6016,2025-12-01,125.0
25.L1.6060.FPU6016,2026-01-01,193.0
25.L1.6060.FPU6016,2026-02-01,179.0
25.L1.6060.FPU6016,2026-03-01,202.0
25.L1.6060.FPU6017,2025-12-01,215.0
25.L1.6060.FPU6017,2026-01-01,164.0
25.L1.6060.FPU6017,2026-02-01,106.0
25.L1.6060.FPU6017,2026-03-01,232.0
25.L1.6060.FPU966001,2025-12-01,1311.0
25.L1.6060.FPU966001,2026-01-01,934.0
25.L1.6060.FPU966001,2026-02-01,993.0
25.L1.6060.FPU966001,2026-03-01,857.0
25.L1.6060.FPU966002,2025-12-01,185.0
25.L1.6060.FPU966002,2026-01-01,0.0
25.L1.6060.FPU966002,2026-02-01,0.0
25.L1.6060.FPU966002,2026-03-01,0.0
25.L1.6060.FPU966003,2025-12-01,2775.0
25.L1.6060.FPU966003,2026-01-01,357.0
25.L1.6060.FPU966003,2026-02-01,231.0
25.L1.6060.FPU966003,2026-03-01,503.0
25.L1.6060.FPU966005,2025-12-01,1627.0
25.L1.6060.FPU966005,2026-01-01,1010.0
25.L1.6060.FPU966005,2026-02-01,994.0
25.L1.6060.FPU966005,2026-03-01,955.0
25.L1.6060.FPU966009,2025-12-01,741.0
25.L1.6060.FPU966009,2026-01-01,331.0
25.L1.6060.FPU966009,2026-02-01,214.0
25.L1.6060.FPU966009,2026-03-01,467.0
25.L1.6060.FPU966013,2025-12-01,519.0
25.L1.6060.FPU966013,2026-01-01,432.0
25.L1.6060.FPU966013,2026-02-01,318.0
25.L1.6060.FPU966013,2026-03-01,346.0
25.L1.8080.FP18600,2025-12-01,746.0
25.L1.8080.FP18600,2026-01-01,597.0
25.L1.8080.FP18600,2026-02-01,613.0
25.L1.8080.FP18600,2026-03-01,550.0
25.L1.8080.FP18601,2025-12-01,695.0
25.L1.8080.FP18601,2026-01-01,211.0
25.L1.8080.FP18601,2026-02-01,112.0
25.L1.8080.FP18601,2026-03-01,508.0
25.L1.8080.FP18604,2025-12-01,363.0
25.L1.8080.FP18604,2026-01-01,474.0
25.L1.8080.FP18604,2026-02-01,413.0
25.L1.8080.FP18604,2026-03-01,466.0
25.L1.8080.FP18606,2025-12-01,338.0
25.L1.8080.FP18606,2026-01-01,26.0
25.L1.8080.FP18606,2026-02-01,7.0
25.L1.8080.FP18606,2026-03-01,26.0
25.L1.8080.FP18607,2025-12-01,971.0
25.L1.8080.FP18607,2026-01-01,2.0
25.L1.8080.FP18607,2026-02-01,1.0
25.L1.8080.FP18607,2026-03-01,148.0
25.L1.8080.FP18608,2025-12-01,0.0
25.L1.8080.FP18608,2026-01-01,70.0
25.L1.8080.FP18608,2026-02-01,77.0
25.L1.8080.FP18608,2026-03-01,88.0
25.L1.8080.FP18666,2025-12-01,117.0
25.L1.8080.FP18666,2026-01-01,96.0
25.L1.8080.FP18666,2026-02-01,82.0
25.L1.8080.FP18666,2026-03-01,81.0
25.L1.8080.FPU188003,2025-12-01,935.0
25.L1.8080.FPU188003,2026-01-01,1070.0
25.L1.8080.FPU188003,2026-02-01,1105.0
25.L1.8080.FPU188003,2026-03-01,1167.0
25.L1.8080.FPU188005,2025-12-01,510.0
25.L1.8080.FPU188005,2026-01-01,107.0
25.L1.8080.FPU188005,2026-02-01,70.0
25.L1.8080.FPU188005,2026-03-01,219.0
25.L1.8080.FPU188011,2025-12-01,68.0
25.L1.8080.FPU188011,2026-01-01,32.0
25.L1.8080.FPU188011,2026-02-01,37.0
25.L1.8080.FPU188011,2026-03-01,28.0
25.L1.8080.FPU188013,2025-12-01,246.0
25.L1.8080.FPU188013,2026-01-01,271.0
25.L1.8080.FPU188013,2026-02-01,240.0
25.L1.8080.FPU188013,2026-03-01,246.0
25.L1.8080.FPU188017,2025-12-01,124.0
25.L1.8080.FPU188017,2026-01-01,304.0
25.L1.8080.FPU188017,2026-02-01,334.0
25.L1.8080.FPU188017,2026-03-01,365.0
25.L1.8080.FPU188033,2025-12-01,301.0
25.L1.8080.FPU188033,2026-01-01,201.0
25.L1.8080.FPU188033,2026-02-01,192.0
25.L1.8080.FPU188033,2026-03-01,163.0
25.L1.8080.FPU188035,2025-12-01,1390.0
25.L1.8080.FPU188035,2026-01-01,170.0
25.L1.8080.FPU188035,2026-02-01,97.0
25.L1.8080.FPU188035,2026-03-01,212.0
25.L2.6060.FP96666,2025-12-01,1345.0
25.L2.6060.FP96666,2026-01-01,0.0
25.L2.6060.FP96666,2026-02-01,0.0
25.L2.6060.FP96666,2026-03-01,176.0
25.L2.8080.FP18666,2025-12-01,229.0
25.L2.8080.FP18666,2026-01-01,0.0
25.L2.8080.FP18666,2026-02-01,0.0
25.L2.8080.FP18666,2026-03-01,0.0
29.L1.1580.FP15802,2025-12-01,127.0
29.L1.1580.FP15802,2026-01-01,0.0
29.L1.1580.FP15802,2026-02-01,0.0
29.L1.1580.FP15802,2026-03-01,0.0
29.L1.1580.FP15803,2025-12-01,37.0
29.L1.1580.FP15803,2026-01-01,0.0
29.L1.1580.FP15803,2026-02-01,0.0
29.L1.1580.FP15803,2026-03-01,0.0
29.L1.1580.FP15805,2025-12-01,19.0
29.L1.1580.FP15805,2026-01-01,0.0
29.L1.1580.FP15805,2026-02-01,0.0
29.L1.1580.FP15805,2026-03-01,0.0
29.L1.1580.FP15806,2025-12-01,105.0
29.L1.1580.FP15806,2026-01-01,32.0
29.L1.1580.FP15806,2026-02-01,37.0
29.L1.1580.FP15806,2026-03-01,28.0
29.L1.1580.FP15807,2025-12-01,45.0
29.L1.1580.FP15807,2026-01-01,46.0
29.L1.1580.FP15807,2026-02-01,52.0
29.L1.1580.FP15807,2026-03-01,47.0
29.L1.1580.FP15808,2025-12-01,4.0
29.L1.1580.FP15808,2026-01-01,0.0
29.L1.1580.FP15808,2026-02-01,0.0
29.L1.1580.FP15808,2026-03-01,0.0
29.L1.3030.F305,2025-12-01,134.0
29.L1.3030.F305,2026-01-01,85.0
29.L1.3030.F305,2026-02-01,67.0
29.L1.3030.F305,2026-03-01,59.0
29.L1.3030.F308,2025-12-01,147.0
29.L1.3030.F308,2026-01-01,175.0
29.L1.3030.F308,2026-02-01,167.0
29.L1.3030.F308,2026-03-01,177.0
29.L1.3030.F315,2025-12-01,42.0
29.L1.3030.F315,2026-01-01,14.0
29.L1.3030.F315,2026-02-01,17.0
29.L1.3030.F315,2026-03-01,13.0
29.L1.3030.FK301,2025-12-01,336.0
29.L1.3030.FK301,2026-01-01,0.0
29.L1.3030.FK301,2026-02-01,51.0
29.L1.3030.FK301,2026-03-01,170.0
29.L1.3030.FK302,2025-12-01,72.0
29.L1.3030.FK302,2026-01-01,0.0
29.L1.3030.FK302,2026-02-01,11.0
29.L1.3030.FK302,2026-03-01,36.0
29.L1.3030.FK304,2025-12-01,65.0
29.L1.3030.FK304,2026-01-01,110.0
29.L1.3030.FK304,2026-02-01,110.0
29.L1.3030.FK304,2026-03-01,116.0
29.L1.3030.FU81102,2025-12-01,5103.0
29.L1.3030.FU81102,2026-01-01,13469.0
29.L1.3030.FU81102,2026-02-01,11504.0
29.L1.3030.FU81102,2026-03-01,11895.0
29.L1.3030.FU81106,2025-12-01,5356.0
29.L1.3030.FU81106,2026-01-01,6426.0
29.L1.3030.FU81106,2026-02-01,5456.0
29.L1.3030.FU81106,2026-03-01,5880.0
29.L1.3030.FU81107,2025-12-01,1475.0
29.L1.3030.FU81107,2026-01-01,4516.0
29.L1.3030.FU81107,2026-02-01,3414.0
29.L1.3030.FU81107,2026-03-01,3615.0
29.L1.3030.FU81108,2025-12-01,761.0
29.L1.3030.FU81108,2026-01-01,1773.0
29.L1.3030.FU81108,2026-02-01,2141.0
29.L1.3030.FU81108,2026-03-01,2148.0
29.L1.3060.FC3604,2025-12-01,421.0
29.L1.3060.FC3604,2026-01-01,352.0
29.L1.3060.FC3604,2026-02-01,391.0
29.L1.3060.FC3604,2026-03-01,375.0
29.L1.3060.FC3604D,2025-12-01,31.0
29.L1.3060.FC3604D,2026-01-01,0.0
29.L1.3060.FC3604D,2026-02-01,0.0
29.L1.3060.FC3604D,2026-03-01,0.0
29.L1.3060.FC3605,2025-12-01,451.0
29.L1.3060.FC3605,2026-01-01,431.0
29.L1.3060.FC3605,2026-02-01,461.0
29.L1.3060.FC3605,2026-03-01,431.0
29.L1.3060.FC3606,2025-12-01,12.0
29.L1.3060.FC3606,2026-01-01,7.0
29.L1.3060.FC3606,2026-02-01,8.0
29.L1.3060.FC3606,2026-03-01,6.0
29.L1.3060.FC3606D,2025-12-01,54.0
29.L1.3060.FC3606D,2026-01-01,30.0
29.L1.3060.FC3606D,2026-02-01,35.0
29.L1.3060.FC3606D,2026-03-01,26.0
29.L1.3060.FC3606V,2025-12-01,51.0
29.L1.3060.FC3606V,2026-01-01,41.0
29.L1.3060.FC3606V,2026-02-01,48.0
29.L1.3060.FC3606V,2026-03-01,36.0
29.L1.3060.FC3610,2025-12-01,72.0
29.L1.3060.FC3610,2026-01-01,38.0
29.L1.3060.FC3610,2026-02-01,43.0
29.L1.3060.FC3610,2026-03-01,39.0
29.L1.3060.FC3610D,2025-12-01,14.0
29.L1.3060.FC3610D,2026-01-01,7.0
29.L1.3060.FC3610D,2026-02-01,8.0
29.L1.3060.FC3610D,2026-03-01,6.0
29.L1.3060.FC3610V,2025-12-01,12.0
29.L1.3060.FC3610V,2026-01-01,7.0
29.L1.3060.FC3610V,2026-02-01,8.0
29.L1.3060.FC3610V,2026-03-01,6.0
29.L1.3060.FC3618,2025-12-01,1120.0
29.L1.3060.FC3618,2026-01-01,1158.0
29.L1.3060.FC3618,2026-02-01,1301.0
29.L1.3060.FC3618,2026-03-01,1202.0
29.L1.3060.FC3618D,2025-12-01,38.0
29.L1.3060.FC3618D,2026-01-01,55.0
29.L1.3060.FC3618D,2026-02-01,58.0
29.L1.3060.FC3618D,2026-03-01,60.0
29.L1.3060.FC3619,2025-12-01,288.0
29.L1.3060.FC3619,2026-01-01,521.0
29.L1.3060.FC3619,2026-02-01,558.0
29.L1.3060.FC3619,2026-03-01,566.0
29.L1.3060.FC3622,2025-12-01,2952.0
29.L1.3060.FC3622,2026-01-01,3482.0
29.L1.3060.FC3622,2026-02-01,3551.0
29.L1.3060.FC3622,2026-03-01,3644.0
29.L1.3060.FC3622D,2025-12-01,79.0
29.L1.3060.FC3622D,2026-01-01,180.0
29.L1.3060.FC3622D,2026-02-01,184.0
29.L1.3060.FC3622D,2026-03-01,201.0
29.L1.3060.FC3622V,2025-12-01,390.0
29.L1.3060.FC3622V,2026-01-01,72.0
29.L1.3060.FC3622V,2026-02-01,47.0
29.L1.3060.FC3622V,2026-03-01,216.0
29.L1.3060.FC3623,2025-12-01,2728.0
29.L1.3060.FC3623,2026-01-01,2578.0
29.L1.3060.FC3623,2026-02-01,2477.0
29.L1.3060.FC3623,2026-03-01,2581.0
29.L1.3060.FC3623D,2025-12-01,68.0
29.L1.3060.FC3623D,2026-01-01,56.0
29.L1.3060.FC3623D,2026-02-01,64.0
29.L1.3060.FC3623D,2026-03-01,55.0
29.L1.3060.FC3623V,2025-12-01,275.0
29.L1.3060.FC3623V,2026-01-01,341.0
29.L1.3060.FC3623V,2026-02-01,362.0
29.L1.3060.FC3623V,2026-03-01,372.0
29.L1.3060.FC3624,2025-12-01,178.0
29.L1.3060.FC3624,2026-01-01,17.0
29.L1.3060.FC3624,2026-02-01,8.0
29.L1.3060.FC3624,2026-03-01,14.0
29.L1.3060.FC3624D,2025-12-01,17.0
29.L1.3060.FC3624D,2026-01-01,0.0
29.L1.3060.FC3624D,2026-02-01,0.0
29.L1.3060.FC3624D,2026-03-01,0.0
29.L1.3060.FC3624V,2025-12-01,128.0
29.L1.3060.FC3624V,2026-01-01,0.0
29.L1.3060.FC3624V,2026-02-01,0.0
29.L1.3060.FC3624V,2026-03-01,0.0
29.L1.3060.FC3625D,2025-12-01,0.0
29.L1.3060.FC3625D,2026-01-01,13.0
29.L1.3060.FC3625D,2026-02-01,14.0
29.L1.3060.FC3625D,2026-03-01,16.0
29.L1.3060.FC3636,2025-12-01,3715.0
29.L1.3060.FC3636,2026-01-01,3744.0
29.L1.3060.FC3636,2026-02-01,3880.0
29.L1.3060.FC3636,2026-03-01,3979.0
29.L1.3060.FC3636D,2025-12-01,432.0
29.L1.3060.FC3636D,2026-01-01,392.0
29.L1.3060.FC3636D,2026-02-01,417.0
29.L1.3060.FC3636D,2026-03-01,448.0
29.L1.3060.FC3637,2025-12-01,3200.0
29.L1.3060.FC3637,2026-01-01,3298.0
29.L1.3060.FC3637,2026-02-01,3368.0
29.L1.3060.FC3637,2026-03-01,3473.0
29.L1.3060.FC3638,2025-12-01,3200.0
29.L1.3060.FC3638,2026-01-01,3980.0
29.L1.3060.FC3638,2026-02-01,4151.0
29.L1.3060.FC3638,2026-03-01,4384.0
29.L1.3060.FC3638D,2025-12-01,750.0
29.L1.3060.FC3638D,2026-01-01,996.0
29.L1.3060.FC3638D,2026-02-01,1062.0
29.L1.3060.FC3638D,2026-03-01,1080.0
29.L1.3060.FC3639,2025-12-01,2727.0
29.L1.3060.FC3639,2026-01-01,3422.0
29.L1.3060.FC3639,2026-02-01,3550.0
29.L1.3060.FC3639,2026-03-01,3633.0
29.L1.3060.FC3640,2025-12-01,3514.0
29.L1.3060.FC3640,2026-01-01,3693.0
29.L1.3060.FC3640,2026-02-01,3772.0
29.L1.3060.FC3640,2026-03-01,3796.0
29.L1.3060.FC3640D,2025-12-01,526.0
29.L1.3060.FC3640D,2026-01-01,528.0
29.L1.3060.FC3640D,2026-02-01,508.0
29.L1.3060.FC3640D,2026-03-01,506.0
29.L1.3060.FC3641,2025-12-01,4083.0
29.L1.3060.FC3641,2026-01-01,4054.0
29.L1.3060.FC3641,2026-02-01,3754.0
29.L1.3060.FC3641,2026-03-01,3796.0
29.L1.3060.FC39002,2025-12-01,5681.0
29.L1.3060.FC39002,2026-01-01,6954.0
29.L1.3060.FC39002,2026-02-01,7064.0
29.L1.3060.FC39002,2026-03-01,7225.0
29.L1.3060.FC39002D,2025-12-01,938.0
29.L1.3060.FC39002D,2026-01-01,956.0
29.L1.3060.FC39002D,2026-02-01,945.0
29.L1.3060.FC39002D,2026-03-01,971.0
29.L1.3060.FC39003,2025-12-01,4042.0
29.L1.3060.FC39003,2026-01-01,4497.0
29.L1.3060.FC39003,2026-02-01,4541.0
29.L1.3060.FC39003,2026-03-01,4607.0
29.L1.3060.FC39004,2025-12-01,8703.0
29.L1.3060.FC39004,2026-01-01,8699.0
29.L1.3060.FC39004,2026-02-01,8497.0
29.L1.3060.FC39004,2026-03-01,8517.0
29.L1.3060.FC39004D,2025-12-01,1232.0
29.L1.3060.FC39004D,2026-01-01,1540.0
29.L1.3060.FC39004D,2026-02-01,1528.0
29.L1.3060.FC39004D,2026-03-01,1598.0
29.L1.3060.FC39005,2025-12-01,5467.0
29.L1.3060.FC39005,2026-01-01,7279.0
29.L1.3060.FC39005,2026-02-01,7110.0
29.L1.3060.FC39005,2026-03-01,7529.0
29.L1.3060.FC39006,2025-12-01,3908.0
29.L1.3060.FC39006,2026-01-01,2182.0
29.L1.3060.FC39006,2026-02-01,1412.0
29.L1.3060.FC39006,2026-03-01,3081.0
29.L1.3060.FC39006D,2025-12-01,569.0
29.L1.3060.FC39006D,2026-01-01,785.0
29.L1.3060.FC39006D,2026-02-01,796.0
29.L1.3060.FC39006D,2026-03-01,820.0
29.L1.3060.FC39007,2025-12-01,3806.0
29.L1.3060.FC39007,2026-01-01,4391.0
29.L1.3060.FC39007,2026-02-01,4518.0
29.L1.3060.FC39007,2026-03-01,4505.0
29.L1.3060.FC39008,2025-12-01,1222.0
29.L1.3060.FC39008,2026-01-01,2287.0
29.L1.3060.FC39008,2026-02-01,2374.0
29.L1.3060.FC39008,2026-03-01,2540.0
29.L1.3060.FC39008D,2025-12-01,349.0
29.L1.3060.FC39008D,2026-01-01,120.0
29.L1.3060.FC39008D,2026-02-01,78.0
29.L1.3060.FC39008D,2026-03-01,170.0
29.L1.3060.FC39009,2025-12-01,960.0
29.L1.3060.FC39009,2026-01-01,1263.0
29.L1.3060.FC39009,2026-02-01,1321.0
29.L1.3060.FC39009,2026-03-01,1375.0
29.L1.3060.FC39010,2025-12-01,4930.0
29.L1.3060.FC39010,2026-01-01,4728.0
29.L1.3060.FC39010,2026-02-01,4876.0
29.L1.3060.FC39010,2026-03-01,4622.0
29.L1.3060.FC39010D,2025-12-01,608.0
29.L1.3060.FC39010D,2026-01-01,594.0
29.L1.3060.FC39010D,2026-02-01,627.0
29.L1.3060.FC39010D,2026-03-01,590.0
29.L1.3060.FC39011,2025-12-01,4737.0
29.L1.3060.FC39011,2026-01-01,4801.0
29.L1.3060.FC39011,2026-02-01,4869.0
29.L1.3060.FC39011,2026-03-01,4745.0
29.L1.3060.FC39012,2025-12-01,1557.0
29.L1.3060.FC39012,2026-01-01,1300.0
29.L1.3060.FC39012,2026-02-01,1186.0
29.L1.3060.FC39012,2026-03-01,1177.0
29.L1.3060.FC39012D,2025-12-01,238.0
29.L1.3060.FC39012D,2026-01-01,141.0
29.L1.3060.FC39012D,2026-02-01,91.0
29.L1.3060.FC39012D,2026-03-01,199.0
29.L1.3060.FC39013,2025-12-01,875.0
29.L1.3060.FC39013,2026-01-01,875.0
29.L1.3060.FC39013,2026-02-01,812.0
29.L1.3060.FC39013,2026-03-01,831.0
29.L1.3060.FP3602,2025-12-01,360.0
29.L1.3060.FP3602,2026-01-01,1025.0
29.L1.3060.FP3602,2026-02-01,666.0
29.L1.3060.FP3602,2026-03-01,1128.0
29.L1.3060.FP3602D,2025-12-01,71.0
29.L1.3060.FP3602D,2026-01-01,10.0
29.L1.3060.FP3602D,2026-02-01,11.0
29.L1.3060.FP3602D,2026-03-01,8.0
29.L1.3060.FP3603,2025-12-01,34.0
29.L1.3060.FP3603,2026-01-01,242.0
29.L1.3060.FP3603,2026-02-01,260.0
29.L1.3060.FP3603,2026-03-01,294.0
29.L1.3060.FP3605,2025-12-01,0.0
29.L1.3060.FP3605,2026-01-01,2.0
29.L1.3060.FP3605,2026-02-01,2.0
29.L1.3060.FP3605,2026-03-01,2.0
29.L1.3060.FP3607,2025-12-01,0.0
29.L1.3060.FP3607,2026-01-01,2.0
29.L1.3060.FP3607,2026-02-01,2.0
29.L1.3060.FP3607,2026-03-01,2.0
29.L1.3060.FP3616,2025-12-01,22.0
29.L1.3060.FP3616,2026-01-01,10.0
29.L1.3060.FP3616,2026-02-01,7.0
29.L1.3060.FP3616,2026-03-01,6.0
29.L1.3060.FP3616D,2025-12-01,91.0
29.L1.3060.FP3616D,2026-01-01,54.0
29.L1.3060.FP3616D,2026-02-01,62.0
29.L1.3060.FP3616D,2026-03-01,47.0
29.L1.3060.FP3617,2025-12-01,89.0
29.L1.3060.FP3617,2026-01-01,49.0
29.L1.3060.FP3617,2026-02-01,51.0
29.L1.3060.FP3617,2026-03-01,40.0
29.L1.3060.FP3618,2025-12-01,271.0
29.L1.3060.FP3618,2026-01-01,57.0
29.L1.3060.FP3618,2026-02-01,29.0
29.L1.3060.FP3618,2026-03-01,32.0
29.L1.3060.FP3619,2025-12-01,243.0
29.L1.3060.FP3619,2026-01-01,108.0
29.L1.3060.FP3619,2026-02-01,112.0
29.L1.3060.FP3619,2026-03-01,104.0
29.L1.3060.FP936601,2025-12-01,55.0
29.L1.3060.FP936601,2026-01-01,46.0
29.L1.3060.FP936601,2026-02-01,47.0
29.L1.3060.FP936601,2026-03-01,37.0
29.L1.3060.FP936601V,2025-12-01,32.0
29.L1.3060.FP936601V,2026-01-01,42.0
29.L1.3060.FP936601V,2026-02-01,36.0
29.L1.3060.FP936601V,2026-03-01,36.0
29.L1.3060.FP936602,2025-12-01,80.0
29.L1.3060.FP936602,2026-01-01,125.0
29.L1.3060.FP936602,2026-02-01,110.0
29.L1.3060.FP936602,2026-03-01,124.0
29.L1.3060.FP936602D,2025-12-01,24.0
29.L1.3060.FP936602D,2026-01-01,47.0
29.L1.3060.FP936602D,2026-02-01,25.0
29.L1.3060.FP936602D,2026-03-01,27.0
29.L1.3060.FP936602V,2025-12-01,89.0
29.L1.3060.FP936602V,2026-01-01,27.0
29.L1.3060.FP936602V,2026-02-01,19.0
29.L1.3060.FP936602V,2026-03-01,21.0
29.L1.3060.FP936604,2025-12-01,25.0
29.L1.3060.FP936604,2026-01-01,21.0
29.L1.3060.FP936604,2026-02-01,12.0
29.L1.3060.FP936604,2026-03-01,13.0
29.L1.3060.FP936604D,2025-12-01,0.0
29.L1.3060.FP936604D,2026-01-01,6.0
29.L1.3060.FP936604D,2026-02-01,7.0
29.L1.3060.FP936604D,2026-03-01,8.0
29.L1.3060.FP936605,2025-12-01,10.0
29.L1.3060.FP936605,2026-01-01,0.0
29.L1.3060.FP936605,2026-02-01,29.0
29.L1.3060.FP936605,2026-03-01,102.0
29.L1.3060.FP936606,2025-12-01,30.0
29.L1.3060.FP936606,2026-01-01,70.0
29.L1.3060.FP936606,2026-02-01,77.0
29.L1.3060.FP936606,2026-03-01,83.0
29.L1.3060.FP936607,2025-12-01,90.0
29.L1.3060.FP936607,2026-01-01,62.0
29.L1.3060.FP936607,2026-02-01,70.0
29.L1.3060.FP936607,2026-03-01,67.0
29.L1.3060.FP936608D,2025-12-01,16.0
29.L1.3060.FP936608D,2026-01-01,14.0
29.L1.3060.FP936608D,2026-02-01,12.0
29.L1.3060.FP936608D,2026-03-01,13.0
29.L1.3060.FP936609,2025-12-01,330.0
29.L1.3060.FP936609,2026-01-01,234.0
29.L1.3060.FP936609,2026-02-01,234.0
29.L1.3060.FP936609,2026-03-01,187.0
29.L1.3060.FP936609D,2025-12-01,30.0
29.L1.3060.FP936609D,2026-01-01,54.0
29.L1.3060.FP936609D,2026-02-01,49.0
29.L1.3060.FP936609D,2026-03-01,52.0
29.L1.3060.FP936609V,2025-12-01,88.0
29.L1.3060.FP936609V,2026-01-01,46.0
29.L1.3060.FP936609V,2026-02-01,49.0
29.L1.3060.FP936609V,2026-03-01,38.0
29.L1.3060.FP936610D,2025-12-01,18.0
29.L1.3060.FP936610D,2026-01-01,158.0
29.L1.3060.FP936610D,2026-02-01,147.0
29.L1.3060.FP936610D,2026-03-01,153.0
29.L1.3060.FP936611,2025-12-01,200.0
29.L1.3060.FP936611,2026-01-01,0.0
29.L1.3060.FP936611,2026-02-01,43.0
29.L1.3060.FP936611,2026-03-01,142.0
29.L1.3060.FP936612,2025-12-01,2.0
29.L1.3060.FP936612,2026-01-01,0.0
29.L1.3060.FP936612,2026-02-01,0.0
29.L1.3060.FP936612,2026-03-01,0.0
29.L1.3060.FP936612D,2025-12-01,132.0
29.L1.3060.FP936612D,2026-01-01,1.0
29.L1.3060.FP936612D,2026-02-01,1.0
29.L1.3060.FP936612D,2026-03-01,1.0
29.L1.3060.FP936613,2025-12-01,1.0
29.L1.3060.FP936613,2026-01-01,1.0
29.L1.3060.FP936613,2026-02-01,1.0
29.L1.3060.FP936613,2026-03-01,1.0
29.L1.3060.FPH3621,2025-12-01,42.0
29.L1.3060.FPH3621,2026-01-01,34.0
29.L1.3060.FPH3621,2026-02-01,37.0
29.L1.3060.FPH3621,2026-03-01,42.0
29.L1.3060.FPH3623,2025-12-01,34.0
29.L1.3060.FPH3623,2026-01-01,0.0
29.L1.3060.FPH3623,2026-02-01,0.0
29.L1.3060.FPH3623,2026-03-01,0.0
29.L1.3060.FPH3625,2025-12-01,8.0
29.L1.3060.FPH3625,2026-01-01,664.0
29.L1.3060.FPH3625,2026-02-01,453.0
29.L1.3060.FPH3625,2026-03-01,489.0
29.L1.3060.FPH3625D,2025-12-01,26.0
29.L1.3060.FPH3625D,2026-01-01,8.0
29.L1.3060.FPH3625D,2026-02-01,9.0
29.L1.3060.FPH3625D,2026-03-01,7.0
29.L1.3060.FPH3625V,2025-12-01,4.0
29.L1.3060.FPH3625V,2026-01-01,466.0
29.L1.3060.FPH3625V,2026-02-01,513.0
29.L1.3060.FPH3625V,2026-03-01,582.0
29.L1.3060.FUSC3621,2025-12-01,8437.0
29.L1.3060.FUSC3621,2026-01-01,9159.0
29.L1.3060.FUSC3621,2026-02-01,9124.0
29.L1.3060.FUSC3621,2026-03-01,9274.0
29.L1.3060.FUSC3621D,2025-12-01,1350.0
29.L1.3060.FUSC3621D,2026-01-01,1316.0
29.L1.3060.FUSC3621D,2026-02-01,1270.0
29.L1.3060.FUSC3621D,2026-03-01,1282.0
29.L1.3060.FUSC3622,2025-12-01,4200.0
29.L1.3060.FUSC3622,2026-01-01,4420.0
29.L1.3060.FUSC3622,2026-02-01,4420.0
29.L1.3060.FUSC3622,2026-03-01,4385.0
29.L1.3060.FUSC3625,2025-12-01,4342.0
29.L1.3060.FUSC3625,2026-01-01,4744.0
29.L1.3060.FUSC3625,2026-02-01,4909.0
29.L1.3060.FUSC3625,2026-03-01,4925.0
29.L1.3060.FUSC3625D,2025-12-01,812.0
29.L1.3060.FUSC3625D,2026-01-01,997.0
29.L1.3060.FUSC3625D,2026-02-01,1038.0
29.L1.3060.FUSC3625D,2026-03-01,1051.0
29.L1.3060.FUSC3626,2025-12-01,3791.0
29.L1.3060.FUSC3626,2026-01-01,4018.0
29.L1.3060.FUSC3626,2026-02-01,4147.0
29.L1.3060.FUSC3626,2026-03-01,4140.0
29.L1.3060.FUSC3629,2025-12-01,9100.0
29.L1.3060.FUSC3629,2026-01-01,6403.0
29.L1.3060.FUSC3629,2026-02-01,6760.0
29.L1.3060.FUSC3629,2026-03-01,7125.0
29.L1.3060.FUSC3629D,2025-12-01,435.0
29.L1.3060.FUSC3629D,2026-01-01,647.0
29.L1.3060.FUSC3629D,2026-02-01,687.0
29.L1.3060.FUSC3629D,2026-03-01,710.0
29.L1.3060.FUSC3630,2025-12-01,2628.0
29.L1.3060.FUSC3630,2026-01-01,4855.0
29.L1.3060.FUSC3630,2026-02-01,5087.0
29.L1.3060.FUSC3630,2026-03-01,5474.0
29.L1.3060.FUSC3631,2025-12-01,4409.0
29.L1.3060.FUSC3631,2026-01-01,4438.0
29.L1.3060.FUSC3631,2026-02-01,4542.0
29.L1.3060.FUSC3631,2026-03-01,4691.0
29.L1.3060.FUSC3631D,2025-12-01,1072.0
29.L1.3060.FUSC3631D,2026-01-01,1186.0
29.L1.3060.FUSC3631D,2026-02-01,1265.0
29.L1.3060.FUSC3631D,2026-03-01,1253.0
29.L1.3060.FUSC3632,2025-12-01,3704.0
29.L1.3060.FUSC3632,2026-01-01,4959.0
29.L1.3060.FUSC3632,2026-02-01,5235.0
29.L1.3060.FUSC3632,2026-03-01,5346.0
29.L1.3060.FUSC3635,2025-12-01,920.0
29.L1.3060.FUSC3635,2026-01-01,2132.0
29.L1.3060.FUSC3635,2026-02-01,2201.0
29.L1.3060.FUSC3635,2026-03-01,2461.0
29.L1.3060.FUSC3635D,2025-12-01,290.0
29.L1.3060.FUSC3635D,2026-01-01,701.0
29.L1.3060.FUSC3635D,2026-02-01,745.0
29.L1.3060.FUSC3635D,2026-03-01,802.0
29.L1.3060.FUSC3636,2025-12-01,1488.0
29.L1.3060.FUSC3636,2026-01-01,3522.0
29.L1.3060.FUSC3636,2026-02-01,3736.0
29.L1.3060.FUSC3636,2026-03-01,4008.0
29.L1.3060.FUSC3637,2025-12-01,6300.0
29.L1.3060.FUSC3637,2026-01-01,6733.0
29.L1.3060.FUSC3637,2026-02-01,7028.0
29.L1.3060.FUSC3637,2026-03-01,6797.0
29.L1.3060.FUSC3637D,2025-12-01,899.0
29.L1.3060.FUSC3637D,2026-01-01,859.0
29.L1.3060.FUSC3637D,2026-02-01,894.0
29.L1.3060.FUSC3637D,2026-03-01,862.0
29.L1.3060.FUSC3638,2025-12-01,5110.0
29.L1.3060.FUSC3638,2026-01-01,4513.0
29.L1.3060.FUSC3638,2026-02-01,4553.0
29.L1.3060.FUSC3638,2026-03-01,4447.0
29.L1.3060.FUSC3639,2025-12-01,1637.0
29.L1.3060.FUSC3639,2026-01-01,1632.0
29.L1.3060.FUSC3639,2026-02-01,1521.0
29.L1.3060.FUSC3639,2026-03-01,1558.0
29.L1.3060.FUSC3639D,2025-12-01,512.0
29.L1.3060.FUSC3639D,2026-01-01,318.0
29.L1.3060.FUSC3639D,2026-02-01,350.0
29.L1.3060.FUSC3639D,2026-03-01,315.0
29.L1.3060.FUSC3640,2025-12-01,4648.0
29.L1.3060.FUSC3640,2026-01-01,4137.0
29.L1.3060.FUSC3640,2026-02-01,3984.0
29.L1.3060.FUSC3640,2026-03-01,3940.0
29.L1.3060.FUSC3641,2025-12-01,8092.0
29.L1.3060.FUSC3641,2026-01-01,8346.0
29.L1.3060.FUSC3641,2026-02-01,8499.0
29.L1.3060.FUSC3641,2026-03-01,8391.0
29.L1.3060.FUSC3641D,2025-12-01,285.0
29.L1.3060.FUSC3641D,2026-01-01,356.0
29.L1.3060.FUSC3641D,2026-02-01,358.0
29.L1.3060.FUSC3641D,2026-03-01,373.0
29.L1.3060.FUSC3641V,2025-12-01,1101.0
29.L1.3060.FUSC3641V,2026-01-01,1171.0
29.L1.3060.FUSC3641V,2026-02-01,1196.0
29.L1.3060.FUSC3641V,2026-03-01,1182.0
29.L1.3060.FUSC3642,2025-12-01,8069.0
29.L1.3060.FUSC3642,2026-01-01,10550.0
29.L1.3060.FUSC3642,2026-02-01,11007.0
29.L1.3060.FUSC3642,2026-03-01,11232.0
29.L1.3060.FUSC3642D,2025-12-01,363.0
29.L1.3060.FUSC3642D,2026-01-01,332.0
29.L1.3060.FUSC3642D,2026-02-01,371.0
29.L1.3060.FUSC3642D,2026-03-01,340.0
29.L1.3060.FUSC3642V,2025-12-01,1168.0
29.L1.3060.FUSC3642V,2026-01-01,1686.0
29.L1.3060.FUSC3642V,2026-02-01,1745.0
29.L1.3060.FUSC3642V,2026-03-01,1814.0
29.L1.3060.FUSC3643,2025-12-01,10599.0
29.L1.3060.FUSC3643,2026-01-01,12386.0
29.L1.3060.FUSC3643,2026-02-01,12643.0
29.L1.3060.FUSC3643,2026-03-01,12812.0
29.L1.3060.FUSC3643D,2025-12-01,260.0
29.L1.3060.FUSC3643D,2026-01-01,263.0
29.L1.3060.FUSC3643D,2026-02-01,275.0
29.L1.3060.FUSC3643D,2026-03-01,269.0
29.L1.3060.FUSC3643V,2025-12-01,1142.0
29.L1.3060.FUSC3643V,2026-01-01,1374.0
29.L1.3060.FUSC3643V,2026-02-01,1408.0
29.L1.3060.FUSC3643V,2026-03-01,1458.0
29.L1.3060.FUSC3644,2025-12-01,18100.0
29.L1.3060.FUSC3644,2026-01-01,14606.0
29.L1.3060.FUSC3644,2026-02-01,14632.0
29.L1.3060.FUSC3644,2026-03-01,15313.0
29.L1.3060.FUSC3644D,2025-12-01,385.0
29.L1.3060.FUSC3644D,2026-01-01,422.0
29.L1.3060.FUSC3644D,2026-02-01,392.0
29.L1.3060.FUSC3644D,2026-03-01,406.0
29.L1.3060.FUSC3644V,2025-12-01,1118.0
29.L1.3060.FUSC3644V,2026-01-01,1602.0
29.L1.3060.FUSC3644V,2026-02-01,1636.0
29.L1.3060.FUSC3644V,2026-03-01,1715.0
29.L1.3060.FUSM3645,2025-12-01,5599.0
29.L1.3060.FUSM3645,2026-01-01,7727.0
29.L1.3060.FUSM3645,2026-02-01,8029.0
29.L1.3060.FUSM3645,2026-03-01,8352.0
29.L1.3060.FUSM3645D,2025-12-01,406.0
29.L1.3060.FUSM3645D,2026-01-01,399.0
29.L1.3060.FUSM3645D,2026-02-01,396.0
29.L1.3060.FUSM3645D,2026-03-01,416.0
29.L1.3060.FUSM3646,2025-12-01,3856.0
29.L1.3060.FUSM3646,2026-01-01,5645.0
29.L1.3060.FUSM3646,2026-02-01,5844.0
29.L1.3060.FUSM3646,2026-03-01,6208.0
29.L1.3060.FUSM3647,2025-12-01,4722.0
29.L1.3060.FUSM3647,2026-01-01,5785.0
29.L1.3060.FUSM3647,2026-02-01,5937.0
29.L1.3060.FUSM3647,2026-03-01,6075.0
29.L1.3060.FUSM3647D,2025-12-01,279.0
29.L1.3060.FUSM3647D,2026-01-01,356.0
29.L1.3060.FUSM3647D,2026-02-01,384.0
29.L1.3060.FUSM3647D,2026-03-01,395.0
29.L1.3060.FUSM3648,2025-12-01,3814.0
29.L1.3060.FUSM3648,2026-01-01,4473.0
29.L1.3060.FUSM3648,2026-02-01,4642.0
29.L1.3060.FUSM3648,2026-03-01,4749.0
29.L1.3060.FUSM3649,2025-12-01,3405.0
29.L1.3060.FUSM3649,2026-01-01,2635.0
29.L1.3060.FUSM3649,2026-02-01,2669.0
29.L1.3060.FUSM3649,2026-03-01,2546.0
29.L1.3060.FUSM3649D,2025-12-01,220.0
29.L1.3060.FUSM3649D,2026-01-01,166.0
29.L1.3060.FUSM3649D,2026-02-01,157.0
29.L1.3060.FUSM3649D,2026-03-01,154.0
29.L1.3060.FUSM3650,2025-12-01,5017.0
29.L1.3060.FUSM3650,2026-01-01,5146.0
29.L1.3060.FUSM3650,2026-02-01,5244.0
29.L1.3060.FUSM3650,2026-03-01,5202.0
29.L1.3060.FUSM3651,2025-12-01,1604.0
29.L1.3060.FUSM3651,2026-01-01,1395.0
29.L1.3060.FUSM3651,2026-02-01,1281.0
29.L1.3060.FUSM3651,2026-03-01,1307.0
29.L1.3060.FUSM3651D,2025-12-01,124.0
29.L1.3060.FUSM3651D,2026-01-01,146.0
29.L1.3060.FUSM3651D,2026-02-01,145.0
29.L1.3060.FUSM3651D,2026-03-01,150.0
29.L1.3060.FUSM3652,2025-12-01,2785.0
29.L1.3060.FUSM3652,2026-01-01,2992.0
29.L1.3060.FUSM3652,2026-02-01,2943.0
29.L1.3060.FUSM3652,2026-03-01,2986.0
29.L1.4060.FX46202,2025-12-01,2767.0
29.L1.4060.FX46202,2026-01-01,8576.0
29.L1.4060.FX46202,2026-02-01,761.0
29.L1.4060.FX46202,2026-03-01,6615.0
29.L1.4060.FX46203,2025-12-01,86.0
29.L1.4060.FX46203,2026-01-01,0.0
29.L1.4060.FX46203,2026-02-01,0.0
29.L1.4060.FX46203,2026-03-01,0.0
29.L1.4060.FXK46250,2025-12-01,3100.0
29.L1.4060.FXK46250,2026-01-01,3118.0
29.L1.4060.FXK46250,2026-02-01,3141.0
29.L1.4060.FXK46250,2026-03-01,3000.0
29.L1.4060.FXK46251,2025-12-01,8717.0
29.L1.4060.FXK46251,2026-01-01,9994.0
29.L1.4060.FXK46251,2026-02-01,10363.0
29.L1.4060.FXK46251,2026-03-01,10340.0
29.L1.4060.FXK46254,2025-12-01,2363.0
29.L1.4060.FXK46254,2026-01-01,3411.0
29.L1.4060.FXK46254,2026-02-01,3635.0
29.L1.4060.FXK46254,2026-03-01,3695.0
29.L1.4060.FXK46255,2025-12-01,586.0
29.L1.4060.FXK46255,2026-01-01,715.0
29.L1.4060.FXK46255,2026-02-01,693.0
29.L1.4060.FXK46255,2026-03-01,730.0
29.L1.4060.FXK46256,2025-12-01,1700.0
29.L1.4060.FXK46256,2026-01-01,1559.0
29.L1.4060.FXK46256,2026-02-01,1630.0
29.L1.4060.FXK46256,2026-03-01,1568.0
29.L1.4060.FXK46258,2025-12-01,7044.0
29.L1.4060.FXK46258,2026-01-01,8433.0
29.L1.4060.FXK46258,2026-02-01,8415.0
29.L1.4060.FXK46258,2026-03-01,8654.0
29.L1.4060.FXU46001,2025-12-01,2809.0
29.L1.4060.FXU46001,2026-01-01,3831.0
29.L1.4060.FXU46001,2026-02-01,4224.0
29.L1.4060.FXU46001,2026-03-01,4206.0
29.L1.4060.FXU46002,2025-12-01,2851.0
29.L1.4060.FXU46002,2026-01-01,3237.0
29.L1.4060.FXU46002,2026-02-01,3296.0
29.L1.4060.FXU46002,2026-03-01,3342.0
29.L1.4060.FXU46003,2025-12-01,1847.0
29.L1.4060.FXU46003,2026-01-01,3014.0
29.L1.4060.FXU46003,2026-02-01,3191.0
29.L1.4060.FXU46003,2026-03-01,3311.0
29.L1.4080.FC4801,2025-12-01,240.0
29.L1.4080.FC4801,2026-01-01,322.0
29.L1.4080.FC4801,2026-02-01,278.0
29.L1.4080.FC4801,2026-03-01,301.0
29.L1.4080.FC4801V,2025-12-01,54.0
29.L1.4080.FC4801V,2026-01-01,46.0
29.L1.4080.FC4801V,2026-02-01,26.0
29.L1.4080.FC4801V,2026-03-01,27.0
29.L1.4080.FC4802,2025-12-01,966.0
29.L1.4080.FC4802,2026-01-01,1280.0
29.L1.4080.FC4802,2026-02-01,1231.0
29.L1.4080.FC4802,2026-03-01,1315.0
29.L1.4080.FC4802D,2025-12-01,21.0
29.L1.4080.FC4802D,2026-01-01,28.0
29.L1.4080.FC4802D,2026-02-01,23.0
29.L1.4080.FC4802D,2026-03-01,24.0
29.L1.4080.FC4802V,2025-12-01,290.0
29.L1.4080.FC4802V,2026-01-01,109.0
29.L1.4080.FC4802V,2026-02-01,92.0
29.L1.4080.FC4802V,2026-03-01,100.0
29.L1.4080.FC4803,2025-12-01,0.0
29.L1.4080.FC4803,2026-01-01,53.0
29.L1.4080.FC4803,2026-02-01,58.0
29.L1.4080.FC4803,2026-03-01,66.0
29.L1.4080.FC4804,2025-12-01,2487.0
29.L1.4080.FC4804,2026-01-01,2996.0
29.L1.4080.FC4804,2026-02-01,2816.0
29.L1.4080.FC4804,2026-03-01,2910.0
29.L1.4080.FC4804D,2025-12-01,158.0
29.L1.4080.FC4804D,2026-01-01,82.0
29.L1.4080.FC4804D,2026-02-01,91.0
29.L1.4080.FC4804D,2026-03-01,97.0
29.L1.4080.FC4804V,2025-12-01,464.0
29.L1.4080.FC4804V,2026-01-01,349.0
29.L1.4080.FC4804V,2026-02-01,325.0
29.L1.4080.FC4804V,2026-03-01,317.0
29.L1.4080.FC4805,2025-12-01,1244.0
29.L1.4080.FC4805,2026-01-01,1016.0
29.L1.4080.FC4805,2026-02-01,999.0
29.L1.4080.FC4805,2026-03-01,1131.0
29.L1.4080.FC4805D,2025-12-01,0.0
29.L1.4080.FC4805D,2026-01-01,6.0
29.L1.4080.FC4805D,2026-02-01,7.0
29.L1.4080.FC4805D,2026-03-01,8.0
29.L1.4080.FC4805V,2025-12-01,0.0
29.L1.4080.FC4805V,2026-01-01,72.0
29.L1.4080.FC4805V,2026-02-01,80.0
29.L1.4080.FC4805V,2026-03-01,91.0
29.L1.4080.FC4806,2025-12-01,2259.0
29.L1.4080.FC4806,2026-01-01,422.0
29.L1.4080.FC4806,2026-02-01,274.0
29.L1.4080.FC4806,2026-03-01,422.0
29.L1.4080.FC4806D,2025-12-01,105.0
29.L1.4080.FC4806D,2026-01-01,34.0
29.L1.4080.FC4806D,2026-02-01,25.0
29.L1.4080.FC4806D,2026-03-01,27.0
29.L1.4080.FC4806V,2025-12-01,256.0
29.L1.4080.FC4806V,2026-01-01,346.0
29.L1.4080.FC4806V,2026-02-01,343.0
29.L1.4080.FC4806V,2026-03-01,372.0
29.L1.4080.FC4808,2025-12-01,1864.0
29.L1.4080.FC4808,2026-01-01,3758.0
29.L1.4080.FC4808,2026-02-01,4065.0
29.L1.4080.FC4808,2026-03-01,4375.0
29.L1.4080.FC4808D,2025-12-01,61.0
29.L1.4080.FC4808D,2026-01-01,136.0
29.L1.4080.FC4808D,2026-02-01,134.0
29.L1.4080.FC4808D,2026-03-01,149.0
29.L1.4080.FC4808V,2025-12-01,247.0
29.L1.4080.FC4808V,2026-01-01,433.0
29.L1.4080.FC4808V,2026-02-01,454.0
29.L1.4080.FC4808V,2026-03-01,496.0
29.L1.4080.FC4809,2025-12-01,1839.0
29.L1.4080.FC4809,2026-01-01,1856.0
29.L1.4080.FC4809,2026-02-01,1909.0
29.L1.4080.FC4809,2026-03-01,1840.0
29.L1.4080.FC4809V,2025-12-01,148.0
29.L1.4080.FC4809V,2026-01-01,56.0
29.L1.4080.FC4809V,2026-02-01,65.0
29.L1.4080.FC4809V,2026-03-01,54.0
29.L1.4080.FP948601D,2025-12-01,22.0
29.L1.4080.FP948601D,2026-01-01,14.0
29.L1.4080.FP948601D,2026-02-01,14.0
29.L1.4080.FP948601D,2026-03-01,12.0
29.L1.4080.FP948601V,2025-12-01,51.0
29.L1.4080.FP948601V,2026-01-01,4.0
29.L1.4080.FP948601V,2026-02-01,3.0
29.L1.4080.FP948601V,2026-03-01,3.0
29.L1.4080.FP948602,2025-12-01,80.0
29.L1.4080.FP948602,2026-01-01,0.0
29.L1.4080.FP948602,2026-02-01,0.0
29.L1.4080.FP948602,2026-03-01,0.0
29.L1.4080.FP948602D,2025-12-01,37.0
29.L1.4080.FP948602D,2026-01-01,70.0
29.L1.4080.FP948602D,2026-02-01,73.0
29.L1.4080.FP948602D,2026-03-01,82.0
29.L1.4080.FP948603,2025-12-01,97.0
29.L1.4080.FP948603,2026-01-01,32.0
29.L1.4080.FP948603,2026-02-01,35.0
29.L1.4080.FP948603,2026-03-01,39.0
29.L1.4080.FP948603D,2025-12-01,30.0
29.L1.4080.FP948603D,2026-01-01,0.0
29.L1.4080.FP948603D,2026-02-01,0.0
29.L1.4080.FP948603D,2026-03-01,0.0
29.L1.4080.FP948603V,2025-12-01,76.0
29.L1.4080.FP948603V,2026-01-01,0.0
29.L1.4080.FP948603V,2026-02-01,0.0
29.L1.4080.FP948603V,2026-03-01,0.0
29.L1.4080.FP948604,2025-12-01,0.0
29.L1.4080.FP948604,2026-01-01,14.0
29.L1.4080.FP948604,2026-02-01,14.0
29.L1.4080.FP948604,2026-03-01,16.0
29.L1.4080.FP948604D,2025-12-01,10.0
29.L1.4080.FP948604D,2026-01-01,10.0
29.L1.4080.FP948604D,2026-02-01,10.0
29.L1.4080.FP948604D,2026-03-01,11.0
29.L1.4080.FP948604V,2025-12-01,0.0
29.L1.4080.FP948604V,2026-01-01,1.0
29.L1.4080.FP948604V,2026-02-01,1.0
29.L1.4080.FP948604V,2026-03-01,1.0
29.L1.5050.FC5001,2025-12-01,2800.0
29.L1.5050.FC5001,2026-01-01,810.0
29.L1.5050.FC5001,2026-02-01,651.0
29.L1.5050.FC5001,2026-03-01,621.0
29.L1.5050.FC5006,2025-12-01,1019.0
29.L1.5050.FC5006,2026-01-01,857.0
29.L1.5050.FC5006,2026-02-01,690.0
29.L1.5050.FC5006,2026-03-01,733.0
29.L1.5050.FCU5507,2025-12-01,1400.0
29.L1.5050.FCU5507,2026-01-01,1610.0
29.L1.5050.FCU5507,2026-02-01,1715.0
29.L1.5050.FCU5507,2026-03-01,1770.0
29.L1.5050.FCU5521,2025-12-01,3687.0
29.L1.5050.FCU5521,2026-01-01,3983.0
29.L1.5050.FCU5521,2026-02-01,4116.0
29.L1.5050.FCU5521,2026-03-01,4214.0
29.L1.5050.FCU5524,2025-12-01,5897.0
29.L1.5050.FCU5524,2026-01-01,7525.0
29.L1.5050.FCU5524,2026-02-01,7532.0
29.L1.5050.FCU5524,2026-03-01,7766.0
29.L1.6060.FP6604,2025-12-01,0.0
29.L1.6060.FP6604,2026-01-01,28.0
29.L1.6060.FP6604,2026-02-01,30.0
29.L1.6060.FP6604,2026-03-01,34.0
29.L1.6060.FP6605,2025-12-01,49.0
29.L1.6060.FP6605,2026-01-01,0.0
29.L1.6060.FP6605,2026-02-01,0.0
29.L1.6060.FP6605,2026-03-01,0.0
29.L1.6060.FP96600,2025-12-01,100.0
29.L1.6060.FP96600,2026-01-01,74.0
29.L1.6060.FP96600,2026-02-01,42.0
29.L1.6060.FP96600,2026-03-01,44.0
29.L1.6060.FP96604,2025-12-01,176.0
29.L1.6060.FP96604,2026-01-01,0.0
29.L1.6060.FP96604,2026-02-01,0.0
29.L1.6060.FP96604,2026-03-01,0.0
29.L1.6060.FP96606,2025-12-01,12.0
29.L1.6060.FP96606,2026-01-01,3.0
29.L1.6060.FP96606,2026-02-01,3.0
29.L1.6060.FP96606,2026-03-01,2.0
29.L1.6060.FP96666,2025-12-01,20.0
29.L1.6060.FP96666,2026-01-01,3.0
29.L1.6060.FP96666,2026-02-01,4.0
29.L1.6060.FP96666,2026-03-01,3.0
29.L1.6060.FPH6001,2025-12-01,38.0
29.L1.6060.FPH6001,2026-01-01,25.0
29.L1.6060.FPH6001,2026-02-01,25.0
29.L1.6060.FPH6001,2026-03-01,20.0
29.L1.6060.FPH966001,2025-12-01,40.0
29.L1.6060.FPH966001,2026-01-01,37.0
29.L1.6060.FPH966001,2026-02-01,43.0
29.L1.6060.FPH966001,2026-03-01,33.0
29.L1.6060.FPU6000,2025-12-01,135.0
29.L1.6060.FPU6000,2026-01-01,91.0
29.L1.6060.FPU6000,2026-02-01,89.0
29.L1.6060.FPU6000,2026-03-01,82.0
29.L1.6060.FPU6001,2025-12-01,0.0
29.L1.6060.FPU6001,2026-01-01,38.0
29.L1.6060.FPU6001,2026-02-01,42.0
29.L1.6060.FPU6001,2026-03-01,48.0
29.L1.6060.FPU6002,2025-12-01,18.0
29.L1.6060.FPU6002,2026-01-01,11.0
29.L1.6060.FPU6002,2026-02-01,7.0
29.L1.6060.FPU6002,2026-03-01,8.0
29.L1.6060.FPU6006,2025-12-01,110.0
29.L1.6060.FPU6006,2026-01-01,44.0
29.L1.6060.FPU6006,2026-02-01,40.0
29.L1.6060.FPU6006,2026-03-01,45.0
29.L1.6060.FPU6007,2025-12-01,60.0
29.L1.6060.FPU6007,2026-01-01,39.0
29.L1.6060.FPU6007,2026-02-01,25.0
29.L1.6060.FPU6007,2026-03-01,24.0
29.L1.6060.FPU6009,2025-12-01,41.0
29.L1.6060.FPU6009,2026-01-01,0.0
29.L1.6060.FPU6009,2026-02-01,0.0
29.L1.6060.FPU6009,2026-03-01,0.0
29.L1.6060.FPU6010,2025-12-01,200.0
29.L1.6060.FPU6010,2026-01-01,0.0
29.L1.6060.FPU6010,2026-02-01,0.0
29.L1.6060.FPU6010,2026-03-01,0.0
29.L1.6060.FPU6011,2025-12-01,322.0
29.L1.6060.FPU6011,2026-01-01,80.0
29.L1.6060.FPU6011,2026-02-01,46.0
29.L1.6060.FPU6011,2026-03-01,48.0
29.L1.6060.FPU6012,2025-12-01,71.0
29.L1.6060.FPU6012,2026-01-01,0.0
29.L1.6060.FPU6012,2026-02-01,8.0
29.L1.6060.FPU6012,2026-03-01,28.0
29.L1.6060.FPU6013,2025-12-01,52.0
29.L1.6060.FPU6013,2026-01-01,9.0
29.L1.6060.FPU6013,2026-02-01,10.0
29.L1.6060.FPU6013,2026-03-01,11.0
29.L1.6060.FPU6014,2025-12-01,85.0
29.L1.6060.FPU6014,2026-01-01,105.0
29.L1.6060.FPU6014,2026-02-01,100.0
29.L1.6060.FPU6014,2026-03-01,97.0
29.L1.6060.FPU6018,2025-12-01,10.0
29.L1.6060.FPU6018,2026-01-01,80.0
29.L1.6060.FPU6018,2026-02-01,88.0
29.L1.6060.FPU6018,2026-03-01,100.0
29.L1.6060.FPU966003,2025-12-01,8.0
29.L1.6060.FPU966003,2026-01-01,0.0
29.L1.6060.FPU966003,2026-02-01,0.0
29.L1.6060.FPU966003,2026-03-01,0.0
29.L1.6060.FPU966009,2025-12-01,18.0
29.L1.6060.FPU966009,2026-01-01,11.0
29.L1.6060.FPU966009,2026-02-01,7.0
29.L1.6060.FPU966009,2026-03-01,7.0
29.L1.8080.FP18604,2025-12-01,24.0
29.L1.8080.FP18604,2026-01-01,25.0
29.L1.8080.FP18604,2026-02-01,28.0
29.L1.8080.FP18604,2026-03-01,25.0
29.L1.8080.FP18607,2025-12-01,54.0
29.L1.8080.FP18607,2026-01-01,104.0
29.L1.8080.FP18607,2026-02-01,57.0
29.L1.8080.FP18607,2026-03-01,62.0
29.L1.8080.FP18608,2025-12-01,10.0
29.L1.8080.FP18608,2026-01-01,7.0
29.L1.8080.FP18608,2026-02-01,6.0
29.L1.8080.FP18608,2026-03-01,6.0
29.L1.8080.FP18666,2025-12-01,10.0
29.L1.8080.FP18666,2026-01-01,13.0
29.L1.8080.FP18666,2026-02-01,13.0
29.L1.8080.FP18666,2026-03-01,13.0
29.L1.8080.FPU188005,2025-12-01,5.0
29.L1.8080.FPU188005,2026-01-01,0.0
29.L1.8080.FPU188005,2026-02-01,0.0
29.L1.8080.FPU188005,2026-03-01,0.0
29.L1.8080.FPU188011,2025-12-01,0.0
29.L1.8080.FPU188011,2026-01-01,19.0
29.L1.8080.FPU188011,2026-02-01,22.0
29.L1.8080.FPU188011,2026-03-01,17.0
29.L1.8080.FPU188013,2025-12-01,0.0
29.L1.8080.FPU188013,2026-01-01,76.0
29.L1.8080.FPU188013,2026-02-01,1.0
29.L1.8080.FPU188013,2026-03-01,2.0
29.L1.8080.FPU188017,2025-12-01,40.0
29.L1.8080.FPU188017,2026-01-01,2.0
29.L1.8080.FPU188017,2026-02-01,2.0
29.L1.8080.FPU188017,2026-03-01,2.0
29.L1.8080.FPU188033,2025-12-01,32.0
29.L1.8080.FPU188033,2026-01-01,0.0
29.L1.8080.FPU188033,2026-02-01,20.0
29.L1.8080.FPU188033,2026-03-01,72.0
29.L1.8080.FPU8000,2025-12-01,6.0
29.L1.8080.FPU8000,2026-01-01,2.0
29.L1.8080.FPU8000,2026-02-01,2.0
29.L1.8080.FPU8000,2026-03-01,2.0
29.L1.8080.FPU8006,2025-12-01,5.0
29.L1.8080.FPU8006,2026-01-01,4.0
29.L1.8080.FPU8006,2026-02-01,5.0
29.L1.8080.FPU8006,2026-03-01,5.0
29.L1.8080.FPU8011,2025-12-01,13.0
29.L1.8080.FPU8011,2026-01-01,2.0
29.L1.8080.FPU8011,2026-02-01,3.0
29.L1.8080.FPU8011,2026-03-01,2.0
29.L1.8080.FPU8014,2025-12-01,0.0
29.L1.8080.FPU8014,2026-01-01,15.0
29.L1.8080.FPU8014,2026-02-01,0.0
29.L1.8080.FPU8014,2026-03-01,3.0
29.L1.8080.FPU8016,2025-12-01,0.0
29.L1.8080.FPU8016,2026-01-01,2.0
29.L1.8080.FPU8016,2026-02-01,2.0
29.L1.8080.FPU8016,2026-03-01,2.0
29.L1.8080.FPU8017,2025-12-01,42.0
29.L1.8080.FPU8017,2026-01-01,22.0
29.L1.8080.FPU8017,2026-02-01,26.0
29.L1.8080.FPU8017,2026-03-01,20.0
31.L1.LEO-100100-001,2025-12-01,37.0
31.L1.LEO-100100-001,2026-01-01,0.0
31.L1.LEO-100100-001,2026-02-01,0.0
31.L1.LEO-100100-001,2026-03-01,0.0
31.L1.LEO-100100-002,2025-12-01,10.0
31.L1.LEO-100100-002,2026-01-01,134.0
31.L1.LEO-100100-002,2026-02-01,146.0
31.L1.LEO-100100-002,2026-03-01,166.0
31.L1.LEO-100100-003,2025-12-01,142.0
31.L1.LEO-100100-003,2026-01-01,790.0
31.L1.LEO-100100-003,2026-02-01,514.0
31.L1.LEO-100100-003,2026-03-01,869.0
31.L1.LEO-100100-004,2025-12-01,124.0
31.L1.LEO-100100-004,2026-01-01,108.0
31.L1.LEO-100100-004,2026-02-01,103.0
31.L1.LEO-100100-004,2026-03-01,114.0
31.L1.LEO-100100-005,2025-12-01,66.0
31.L1.LEO-100100-005,2026-01-01,389.0
31.L1.LEO-100100-005,2026-02-01,410.0
31.L1.LEO-100100-005,2026-03-01,465.0
31.L1.LEO-100100-006,2025-12-01,2.0
31.L1.LEO-100100-006,2026-01-01,0.0
31.L1.LEO-100100-006,2026-02-01,0.0
31.L1.LEO-100100-006,2026-03-01,0.0
31.L1.LEO-100100-007,2025-12-01,108.0
31.L1.LEO-100100-007,2026-01-01,76.0
31.L1.LEO-100100-007,2026-02-01,64.0
31.L1.LEO-100100-007,2026-03-01,68.0
31.L1.LEO-100100-008,2025-12-01,91.0
31.L1.LEO-100100-008,2026-01-01,0.0
31.L1.LEO-100100-008,2026-02-01,43.0
31.L1.LEO-100100-008,2026-03-01,149.0
31.L1.LEO-100100-009,2025-12-01,7.0
31.L1.LEO-100100-009,2026-01-01,26.0
31.L1.LEO-100100-009,2026-02-01,17.0
31.L1.LEO-100100-009,2026-03-01,36.0
31.L1.LEO-100100-011,2025-12-01,64.0
31.L1.LEO-100100-011,2026-01-01,70.0
31.L1.LEO-100100-011,2026-02-01,64.0
31.L1.LEO-100100-011,2026-03-01,65.0
31.L1.LEO-100100-012,2025-12-01,1.0
31.L1.LEO-100100-012,2026-01-01,254.0
31.L1.LEO-100100-012,2026-02-01,165.0
31.L1.LEO-100100-012,2026-03-01,279.0
32.L1.ACC-080160-001,2025-12-01,36.0
32.L1.ACC-080160-001,2026-01-01,37.0
32.L1.ACC-080160-001,2026-02-01,42.0
32.L1.ACC-080160-001,2026-03-01,39.0
32.L1.ACC-080160-002,2025-12-01,0.0
32.L1.ACC-080160-002,2026-01-01,1.0
32.L1.ACC-080160-002,2026-02-01,1.0
32.L1.ACC-080160-002,2026-03-01,1.0
32.L1.ACC-080160-003,2025-12-01,64.0
32.L1.ACC-080160-003,2026-01-01,43.0
32.L1.ACC-080160-003,2026-02-01,35.0
32.L1.ACC-080160-003,2026-03-01,31.0
32.L1.ACC-080160-004,2025-12-01,45.0
32.L1.ACC-080160-004,2026-01-01,57.0
32.L1.ACC-080160-004,2026-02-01,61.0
32.L1.ACC-080160-004,2026-03-01,66.0
32.L1.ACC-120120-001,2025-12-01,27.0
32.L1.ACC-120120-001,2026-01-01,18.0
32.L1.ACC-120120-001,2026-02-01,11.0
32.L1.ACC-120120-001,2026-03-01,11.0
32.L1.ACC-120120-003,2025-12-01,41.0
32.L1.ACC-120120-003,2026-01-01,25.0
32.L1.ACC-120120-003,2026-02-01,25.0
32.L1.ACC-120120-003,2026-03-01,20.0
32.L1.ACC-120120-004,2025-12-01,7.0
32.L1.ACC-120120-004,2026-01-01,9.0
32.L1.ACC-120120-004,2026-02-01,10.0
32.L1.ACC-120120-004,2026-03-01,10.0
32.L1.ACC-120120-005,2025-12-01,20.0
32.L1.ACC-120120-005,2026-01-01,1.0
32.L1.ACC-120120-005,2026-02-01,1.0
32.L1.ACC-120120-005,2026-03-01,1.0
32.L1.ACC-120120-006,2025-12-01,0.0
32.L1.ACC-120120-006,2026-01-01,6.0
32.L1.ACC-120120-006,2026-02-01,7.0
32.L1.ACC-120120-006,2026-03-01,8.0
32.L1.ACC-120120-007,2025-12-01,5.0
32.L1.ACC-120120-007,2026-01-01,10.0
32.L1.ACC-120120-007,2026-02-01,6.0
32.L1.ACC-120120-007,2026-03-01,14.0
32.L1.ACC-120120-008,2025-12-01,29.0
32.L1.ACC-120120-008,2026-01-01,26.0
32.L1.ACC-120120-008,2026-02-01,17.0
32.L1.ACC-120120-008,2026-03-01,19.0
32.L1.ACC-120120-009,2025-12-01,12.0
32.L1.ACC-120120-009,2026-01-01,4.0
32.L1.ACC-120120-009,2026-02-01,2.0
32.L1.ACC-120120-009,2026-03-01,2.0
32.L1.ACC-120120-010,2025-12-01,20.0
32.L1.ACC-120120-010,2026-01-01,61.0
32.L1.ACC-120120-010,2026-02-01,59.0
32.L1.ACC-120120-010,2026-03-01,67.0
33.L1.ICO-020120-11002,2025-12-01,159.0
33.L1.ICO-020120-11002,2026-01-01,2.0
33.L1.ICO-020120-11002,2026-02-01,1.0
33.L1.ICO-020120-11002,2026-03-01,3.0
33.L1.ICO-020120-11005,2025-12-01,293.0
33.L1.ICO-020120-11005,2026-01-01,127.0
33.L1.ICO-020120-11005,2026-02-01,92.0
33.L1.ICO-020120-11005,2026-03-01,84.0
33.L1.ICO-020120-13001,2025-12-01,990.0
33.L1.ICO-020120-13001,2026-01-01,162.0
33.L1.ICO-020120-13001,2026-02-01,97.0
33.L1.ICO-020120-13001,2026-03-01,442.0
33.L1.ICO-020120-13003,2025-12-01,381.0
33.L1.ICO-020120-13003,2026-01-01,0.0
33.L1.ICO-020120-13003,2026-02-01,0.0
33.L1.ICO-020120-13003,2026-03-01,0.0
33.L1.ICO-020120-13004,2025-12-01,270.0
33.L1.ICO-020120-13004,2026-01-01,0.0
33.L1.ICO-020120-13004,2026-02-01,0.0
33.L1.ICO-020120-13004,2026-03-01,32.0
33.L1.ICO-060120-003,2025-12-01,0.0
33.L1.ICO-060120-003,2026-01-01,2.0
33.L1.ICO-060120-003,2026-02-01,2.0
33.L1.ICO-060120-003,2026-03-01,2.0
33.L1.ICO-060120-004,2025-12-01,37.0
33.L1.ICO-060120-004,2026-01-01,24.0
33.L1.ICO-060120-004,2026-02-01,13.0
33.L1.ICO-060120-004,2026-03-01,14.0
33.L1.ICO-060120-008,2025-12-01,30.0
33.L1.ICO-060120-008,2026-01-01,26.0
33.L1.ICO-060120-008,2026-02-01,27.0
33.L1.ICO-060120-008,2026-03-01,26.0
33.L1.ICO-060120-009,2025-12-01,0.0
33.L1.ICO-060120-009,2026-01-01,5.0
33.L1.ICO-060120-009,2026-02-01,0.0
33.L1.ICO-060120-009,2026-03-01,3.0
33.L1.ICO-080160-005,2025-12-01,48.0
33.L1.ICO-080160-005,2026-01-01,18.0
33.L1.ICO-080160-005,2026-02-01,20.0
33.L1.ICO-080160-005,2026-03-01,15.0
34.L1.ITA-060120-002,2025-12-01,26.0
34.L1.ITA-060120-002,2026-01-01,8.0
34.L1.ITA-060120-002,2026-02-01,8.0
34.L1.ITA-060120-002,2026-03-01,7.0
34.L1.ITA-060120-003,2025-12-01,7.0
34.L1.ITA-060120-003,2026-01-01,5.0
34.L1.ITA-060120-003,2026-02-01,3.0
34.L1.ITA-060120-003,2026-03-01,3.0
34.L1.ITA-060120-006,2025-12-01,13.0
34.L1.ITA-060120-006,2026-01-01,0.0
34.L1.ITA-060120-006,2026-02-01,0.0
34.L1.ITA-060120-006,2026-03-01,0.0
36.L1.3060.USC3601,2025-12-01,32.0
36.L1.3060.USC3601,2026-01-01,26.0
36.L1.3060.USC3601,2026-02-01,29.0
36.L1.3060.USC3601,2026-03-01,29.0
36.L1.3060.USC3601D,2025-12-01,57.0
36.L1.3060.USC3601D,2026-01-01,331.0
36.L1.3060.USC3601D,2026-02-01,361.0
36.L1.3060.USC3601D,2026-03-01,410.0
36.L1.3060.USC3601V,2025-12-01,25.0
36.L1.3060.USC3601V,2026-01-01,17.0
36.L1.3060.USC3601V,2026-02-01,18.0
36.L1.3060.USC3601V,2026-03-01,18.0
36.L1.3060.USC3602,2025-12-01,688.0
36.L1.3060.USC3602,2026-01-01,110.0
36.L1.3060.USC3602,2026-02-01,30.0
36.L1.3060.USC3602,2026-03-01,110.0
36.L1.3060.USC3602D,2025-12-01,420.0
36.L1.3060.USC3602D,2026-01-01,0.0
36.L1.3060.USC3602D,2026-02-01,0.0
36.L1.3060.USC3602D,2026-03-01,0.0
36.L1.3060.USC3602V,2025-12-01,360.0
36.L1.3060.USC3602V,2026-01-01,82.0
36.L1.3060.USC3602V,2026-02-01,60.0
36.L1.3060.USC3602V,2026-03-01,67.0
36.L1.3060.USC3603,2025-12-01,303.0
36.L1.3060.USC3603,2026-01-01,44.0
36.L1.3060.USC3603,2026-02-01,52.0
36.L1.3060.USC3603,2026-03-01,39.0
36.L1.3060.USC3603D,2025-12-01,273.0
36.L1.3060.USC3603D,2026-01-01,0.0
36.L1.3060.USC3603D,2026-02-01,0.0
36.L1.3060.USC3603D,2026-03-01,0.0
36.L1.3060.USC3603V,2025-12-01,288.0
36.L1.3060.USC3603V,2026-01-01,0.0
36.L1.3060.USC3603V,2026-02-01,0.0
36.L1.3060.USC3603V,2026-03-01,0.0
36.L1.3060.USC3604,2025-12-01,2.0
36.L1.3060.USC3604,2026-01-01,0.0
36.L1.3060.USC3604,2026-02-01,0.0
36.L1.3060.USC3604,2026-03-01,0.0
36.L1.3060.USC3604D,2025-12-01,0.0
36.L1.3060.USC3604D,2026-01-01,46.0
36.L1.3060.USC3604D,2026-02-01,50.0
36.L1.3060.USC3604D,2026-03-01,57.0
36.L1.3060.USC3604V,2025-12-01,0.0
36.L1.3060.USC3604V,2026-01-01,157.0
36.L1.3060.USC3604V,2026-02-01,173.0
36.L1.3060.USC3604V,2026-03-01,196.0
36.L1.3060.USC3621,2025-12-01,117.0
36.L1.3060.USC3621,2026-01-01,76.0
36.L1.3060.USC3621,2026-02-01,50.0
36.L1.3060.USC3621,2026-03-01,48.0
36.L1.3060.USC3623,2025-12-01,0.0
36.L1.3060.USC3623,2026-01-01,0.0
36.L1.3060.USC3623,2026-02-01,0.0
36.L1.3060.USC3623,2026-03-01,4.0
36.L1.3060.USC3631,2025-12-01,258.0
36.L1.3060.USC3631,2026-01-01,98.0
36.L1.3060.USC3631,2026-02-01,49.0
36.L1.3060.USC3631,2026-03-01,83.0
36.L1.3060.USC3631D,2025-12-01,22.0
36.L1.3060.USC3631D,2026-01-01,13.0
36.L1.3060.USC3631D,2026-02-01,15.0
36.L1.3060.USC3631D,2026-03-01,11.0
36.L1.3060.USC3632,2025-12-01,107.0
36.L1.3060.USC3632,2026-01-01,0.0
36.L1.3060.USC3632,2026-02-01,24.0
36.L1.3060.USC3632,2026-03-01,83.0
36.L1.3060.USC3633,2025-12-01,154.0
36.L1.3060.USC3633,2026-01-01,311.0
36.L1.3060.USC3633,2026-02-01,348.0
36.L1.3060.USC3633,2026-03-01,355.0
36.L1.3060.USC3633D,2025-12-01,30.0
36.L1.3060.USC3633D,2026-01-01,2.0
36.L1.3060.USC3633D,2026-02-01,3.0
36.L1.3060.USC3633D,2026-03-01,2.0
36.L1.3060.USC3634,2025-12-01,7.0
36.L1.3060.USC3634,2026-01-01,0.0
36.L1.3060.USC3634,2026-02-01,0.0
36.L1.3060.USC3634,2026-03-01,0.0
36.L1.3060.USC3635,2025-12-01,133.0
36.L1.3060.USC3635,2026-01-01,0.0
36.L1.3060.USC3635,2026-02-01,0.0
36.L1.3060.USC3635,2026-03-01,0.0
36.L1.3060.USC3635D,2025-12-01,24.0
36.L1.3060.USC3635D,2026-01-01,4.0
36.L1.3060.USC3635D,2026-02-01,2.0
36.L1.3060.USC3635D,2026-03-01,2.0
36.L1.3060.USC3639,2025-12-01,76.0
36.L1.3060.USC3639,2026-01-01,61.0
36.L1.3060.USC3639,2026-02-01,44.0
36.L1.3060.USC3639,2026-03-01,45.0
36.L1.3060.USC3639D,2025-12-01,80.0
36.L1.3060.USC3639D,2026-01-01,3.0
36.L1.3060.USC3639D,2026-02-01,3.0
36.L1.3060.USC3639D,2026-03-01,2.0
36.L1.3060.USC3640,2025-12-01,36.0
36.L1.3060.USC3640,2026-01-01,10.0
36.L1.3060.USC3640,2026-02-01,12.0
36.L1.3060.USC3640,2026-03-01,9.0
36.L1.3060.USC3641,2025-12-01,308.0
36.L1.3060.USC3641,2026-01-01,270.0
36.L1.3060.USC3641,2026-02-01,230.0
36.L1.3060.USC3641,2026-03-01,214.0
36.L1.3060.USC3641D,2025-12-01,37.0
36.L1.3060.USC3641D,2026-01-01,12.0
36.L1.3060.USC3641D,2026-02-01,13.0
36.L1.3060.USC3641D,2026-03-01,13.0
36.L1.3060.USC3642,2025-12-01,103.0
36.L1.3060.USC3642,2026-01-01,72.0
36.L1.3060.USC3642,2026-02-01,67.0
36.L1.3060.USC3642,2026-03-01,56.0
36.L1.3060.USC3645,2025-12-01,80.0
36.L1.3060.USC3645,2026-01-01,48.0
36.L1.3060.USC3645,2026-02-01,54.0
36.L1.3060.USC3645,2026-03-01,41.0
36.L1.3060.USC3645D,2025-12-01,18.0
36.L1.3060.USC3645D,2026-01-01,3.0
36.L1.3060.USC3645D,2026-02-01,4.0
36.L1.3060.USC3645D,2026-03-01,3.0
36.L1.3060.USC3647,2025-12-01,12.0
36.L1.3060.USC3647,2026-01-01,2.0
36.L1.3060.USC3647,2026-02-01,3.0
36.L1.3060.USC3647,2026-03-01,2.0
36.L1.3060.USC3647D,2025-12-01,128.0
36.L1.3060.USC3647D,2026-01-01,0.0
36.L1.3060.USC3647D,2026-02-01,0.0
36.L1.3060.USC3647D,2026-03-01,29.0
36.L1.3060.USC3648,2025-12-01,22.0
36.L1.3060.USC3648,2026-01-01,4.0
36.L1.3060.USC3648,2026-02-01,5.0
36.L1.3060.USC3648,2026-03-01,4.0
36.L1.3060.USC3649,2025-12-01,184.0
36.L1.3060.USC3649,2026-01-01,65.0
36.L1.3060.USC3649,2026-02-01,58.0
36.L1.3060.USC3649,2026-03-01,48.0
36.L1.3060.USC3649D,2025-12-01,228.0
36.L1.3060.USC3649D,2026-01-01,114.0
36.L1.3060.USC3649D,2026-02-01,128.0
36.L1.3060.USC3649D,2026-03-01,115.0
36.L1.3060.USC3650,2025-12-01,8.0
36.L1.3060.USC3650,2026-01-01,5.0
36.L1.3060.USC3650,2026-02-01,6.0
36.L1.3060.USC3650,2026-03-01,4.0
36.L1.3060.USC3651,2025-12-01,225.0
36.L1.3060.USC3651,2026-01-01,48.0
36.L1.3060.USC3651,2026-02-01,54.0
36.L1.3060.USC3651,2026-03-01,49.0
36.L1.3060.USC3651D,2025-12-01,48.0
36.L1.3060.USC3651D,2026-01-01,28.0
36.L1.3060.USC3651D,2026-02-01,22.0
36.L1.3060.USC3651D,2026-03-01,20.0
36.L1.3060.USC3652,2025-12-01,0.0
36.L1.3060.USC3652,2026-01-01,36.0
36.L1.3060.USC3652,2026-02-01,40.0
36.L1.3060.USC3652,2026-03-01,45.0
36.L1.6060.IP6003,2025-12-01,223.0
36.L1.6060.IP6003,2026-01-01,38.0
36.L1.6060.IP6003,2026-02-01,37.0
36.L1.6060.IP6003,2026-03-01,42.0
36.L1.8080.IP8001,2025-12-01,11.0
36.L1.8080.IP8001,2026-01-01,7.0
36.L1.8080.IP8001,2026-02-01,8.0
36.L1.8080.IP8001,2026-03-01,6.0
36.L1.8080.IP8002,2025-12-01,4.0
36.L1.8080.IP8002,2026-01-01,33.0
36.L1.8080.IP8002,2026-02-01,21.0
36.L1.8080.IP8002,2026-03-01,36.0
36.L1.8080.IP8003,2025-12-01,0.0
36.L1.8080.IP8003,2026-01-01,53.0
36.L1.8080.IP8003,2026-02-01,34.0
36.L1.8080.IP8003,2026-03-01,58.0
38.L1.3060.ICC3600,2025-12-01,2400.0
38.L1.3060.ICC3600,2026-01-01,2260.0
38.L1.3060.ICC3600,2026-02-01,2148.0
38.L1.3060.ICC3600,2026-03-01,2231.0
38.L1.3060.ICC3600D,2025-12-01,126.0
38.L1.3060.ICC3600D,2026-01-01,34.0
38.L1.3060.ICC3600D,2026-02-01,36.0
38.L1.3060.ICC3600D,2026-03-01,35.0
38.L1.3060.ICC3600V,2025-12-01,510.0
38.L1.3060.ICC3600V,2026-01-01,467.0
38.L1.3060.ICC3600V,2026-02-01,449.0
38.L1.3060.ICC3600V,2026-03-01,471.0
38.L1.3060.ICC3601,2025-12-01,3911.0
38.L1.3060.ICC3601,2026-01-01,2506.0
38.L1.3060.ICC3601,2026-02-01,2158.0
38.L1.3060.ICC3601,2026-03-01,1967.0
38.L1.3060.ICC3601D,2025-12-01,53.0
38.L1.3060.ICC3601D,2026-01-01,92.0
38.L1.3060.ICC3601D,2026-02-01,102.0
38.L1.3060.ICC3601D,2026-03-01,109.0
38.L1.3060.ICC3601V,2025-12-01,394.0
38.L1.3060.ICC3601V,2026-01-01,250.0
38.L1.3060.ICC3601V,2026-02-01,225.0
38.L1.3060.ICC3601V,2026-03-01,215.0
38.L1.3060.ICC3602,2025-12-01,4128.0
38.L1.3060.ICC3602,2026-01-01,2719.0
38.L1.3060.ICC3602,2026-02-01,2306.0
38.L1.3060.ICC3602,2026-03-01,2131.0
38.L1.3060.ICC3602D,2025-12-01,176.0
38.L1.3060.ICC3602D,2026-01-01,86.0
38.L1.3060.ICC3602D,2026-02-01,54.0
38.L1.3060.ICC3602D,2026-03-01,86.0
38.L1.3060.ICC3602V,2025-12-01,1016.0
38.L1.3060.ICC3602V,2026-01-01,561.0
38.L1.3060.ICC3602V,2026-02-01,447.0
38.L1.3060.ICC3602V,2026-03-01,406.0
38.L1.3060.ICC3603,2025-12-01,2400.0
38.L1.3060.ICC3603,2026-01-01,10.0
38.L1.3060.ICC3603,2026-02-01,5.0
38.L1.3060.ICC3603,2026-03-01,8.0
38.L1.3060.ICC3603D,2025-12-01,200.0
38.L1.3060.ICC3603D,2026-01-01,57.0
38.L1.3060.ICC3603D,2026-02-01,44.0
38.L1.3060.ICC3603D,2026-03-01,43.0
38.L1.3060.ICC3604,2025-12-01,1569.0
38.L1.3060.ICC3604,2026-01-01,113.0
38.L1.3060.ICC3604,2026-02-01,73.0
38.L1.3060.ICC3604,2026-03-01,113.0
38.L1.3060.ICC3605,2025-12-01,1446.0
38.L1.3060.ICC3605,2026-01-01,407.0
38.L1.3060.ICC3605,2026-02-01,265.0
38.L1.3060.ICC3605,2026-03-01,1221.0
38.L1.3060.ICC3605D,2025-12-01,375.0
38.L1.3060.ICC3605D,2026-01-01,46.0
38.L1.3060.ICC3605D,2026-02-01,36.0
38.L1.3060.ICC3605D,2026-03-01,37.0
38.L1.3060.ICC3606,2025-12-01,619.0
38.L1.3060.ICC3606,2026-01-01,524.0
38.L1.3060.ICC3606,2026-02-01,544.0
38.L1.3060.ICC3606,2026-03-01,531.0
38.L1.3060.ICC3607,2025-12-01,2108.0
38.L1.3060.ICC3607,2026-01-01,3532.0
38.L1.3060.ICC3607,2026-02-01,3630.0
38.L1.3060.ICC3607,2026-03-01,3319.0
38.L1.3060.ICC3607D,2025-12-01,155.0
38.L1.3060.ICC3607D,2026-01-01,70.0
38.L1.3060.ICC3607D,2026-02-01,67.0
38.L1.3060.ICC3607D,2026-03-01,76.0
38.L1.3060.ICC3608,2025-12-01,1989.0
38.L1.3060.ICC3608,2026-01-01,408.0
38.L1.3060.ICC3608,2026-02-01,307.0
38.L1.3060.ICC3608,2026-03-01,1398.0
38.L1.3060.KAI3600,2025-12-01,16919.0
38.L1.3060.KAI3600,2026-01-01,16586.0
38.L1.3060.KAI3600,2026-02-01,16843.0
38.L1.3060.KAI3600,2026-03-01,16277.0
38.L1.3060.KAI3600D,2025-12-01,283.0
38.L1.3060.KAI3600D,2026-01-01,141.0
38.L1.3060.KAI3600D,2026-02-01,85.0
38.L1.3060.KAI3600D,2026-03-01,90.0
38.L1.3060.KAI3600V,2025-12-01,2045.0
38.L1.3060.KAI3600V,2026-01-01,1975.0
38.L1.3060.KAI3600V,2026-02-01,1891.0
38.L1.3060.KAI3600V,2026-03-01,1854.0
38.L1.3060.KAI3601,2025-12-01,8352.0
38.L1.3060.KAI3601,2026-01-01,9794.0
38.L1.3060.KAI3601,2026-02-01,10089.0
38.L1.3060.KAI3601,2026-03-01,9941.0
38.L1.3060.KAI3601AD,2025-12-01,58.0
38.L1.3060.KAI3601AD,2026-01-01,105.0
38.L1.3060.KAI3601AD,2026-02-01,111.0
38.L1.3060.KAI3601AD,2026-03-01,120.0
38.L1.3060.KAI3601AV,2025-12-01,719.0
38.L1.3060.KAI3601AV,2026-01-01,743.0
38.L1.3060.KAI3601AV,2026-02-01,758.0
38.L1.3060.KAI3601AV,2026-03-01,726.0
38.L1.3060.KAI3601BD,2025-12-01,93.0
38.L1.3060.KAI3601BD,2026-01-01,169.0
38.L1.3060.KAI3601BD,2026-02-01,180.0
38.L1.3060.KAI3601BD,2026-03-01,166.0
38.L1.3060.KAI3601BV,2025-12-01,581.0
38.L1.3060.KAI3601BV,2026-01-01,926.0
38.L1.3060.KAI3601BV,2026-02-01,950.0
38.L1.3060.KAI3601BV,2026-03-01,994.0
38.L1.3060.KAI3603,2025-12-01,4600.0
38.L1.3060.KAI3603,2026-01-01,6215.0
38.L1.3060.KAI3603,2026-02-01,6180.0
38.L1.3060.KAI3603,2026-03-01,6358.0
38.L1.3060.KAI3603D,2025-12-01,793.0
38.L1.3060.KAI3603D,2026-01-01,870.0
38.L1.3060.KAI3603D,2026-02-01,890.0
38.L1.3060.KAI3603D,2026-03-01,878.0
38.L1.3060.KAI3604,2025-12-01,2796.0
38.L1.3060.KAI3604,2026-01-01,3037.0
38.L1.3060.KAI3604,2026-02-01,3167.0
38.L1.3060.KAI3604,2026-03-01,3156.0
38.L1.3060.KAI3605,2025-12-01,11400.0
38.L1.3060.KAI3605,2026-01-01,8022.0
38.L1.3060.KAI3605,2026-02-01,8686.0
38.L1.3060.KAI3605,2026-03-01,9033.0
38.L1.3060.KAI3605D,2025-12-01,410.0
38.L1.3060.KAI3605D,2026-01-01,555.0
38.L1.3060.KAI3605D,2026-02-01,584.0
38.L1.3060.KAI3605D,2026-03-01,589.0
38.L1.3060.KAI3606,2025-12-01,3024.0
38.L1.3060.KAI3606,2026-01-01,4309.0
38.L1.3060.KAI3606,2026-02-01,4562.0
38.L1.3060.KAI3606,2026-03-01,4673.0
38.L1.3060.KAI3607,2025-12-01,0.0
38.L1.3060.KAI3607,2026-01-01,646.0
38.L1.3060.KAI3607,2026-02-01,705.0
38.L1.3060.KAI3607,2026-03-01,601.0
38.L1.3060.KAI3607D,2025-12-01,276.0
38.L1.3060.KAI3607D,2026-01-01,227.0
38.L1.3060.KAI3607D,2026-02-01,249.0
38.L1.3060.KAI3607D,2026-03-01,229.0
38.L1.3060.KAI3608,2025-12-01,1716.0
38.L1.3060.KAI3608,2026-01-01,1680.0
38.L1.3060.KAI3608,2026-02-01,1743.0
38.L1.3060.KAI3608,2026-03-01,1732.0
38.L1.3060.UGC3600AD,2025-12-01,144.0
38.L1.3060.UGC3600AD,2026-01-01,0.0
38.L1.3060.UGC3600AD,2026-02-01,13.0
38.L1.3060.UGC3600AD,2026-03-01,45.0
38.L1.3060.UGC3600AV,2025-12-01,0.0
38.L1.3060.UGC3600AV,2026-01-01,17.0
38.L1.3060.UGC3600AV,2026-02-01,19.0
38.L1.3060.UGC3600AV,2026-03-01,21.0
38.L1.3060.UGC3600BV,2025-12-01,112.0
38.L1.3060.UGC3600BV,2026-01-01,34.0
38.L1.3060.UGC3600BV,2026-02-01,39.0
38.L1.3060.UGC3600BV,2026-03-01,30.0
38.L1.3060.UGC3602BV,2025-12-01,0.0
38.L1.3060.UGC3602BV,2026-01-01,582.0
38.L1.3060.UGC3602BV,2026-02-01,457.0
38.L1.3060.UGC3602BV,2026-03-01,485.0
38.L1.4080.UT481001D,2025-12-01,24.0
38.L1.4080.UT481001D,2026-01-01,213.0
38.L1.4080.UT481001D,2026-02-01,229.0
38.L1.4080.UT481001D,2026-03-01,259.0
38.L1.4080.UT481001T,2025-12-01,4312.0
38.L1.4080.UT481001T,2026-01-01,4760.0
38.L1.4080.UT481001T,2026-02-01,5026.0
38.L1.4080.UT481001T,2026-03-01,4946.0
38.L1.4080.UT481001V,2025-12-01,70.0
38.L1.4080.UT481001V,2026-01-01,294.0
38.L1.4080.UT481001V,2026-02-01,305.0
38.L1.4080.UT481001V,2026-03-01,344.0
38.L1.4080.UT481002D,2025-12-01,194.0
38.L1.4080.UT481002D,2026-01-01,0.0
38.L1.4080.UT481002D,2026-02-01,0.0
38.L1.4080.UT481002D,2026-03-01,0.0
38.L1.4080.UT481002V,2025-12-01,279.0
38.L1.4080.UT481002V,2026-01-01,222.0
38.L1.4080.UT481002V,2026-02-01,233.0
38.L1.4080.UT481002V,2026-03-01,214.0
38.L1.4080.UT481003D,2025-12-01,122.0
38.L1.4080.UT481003D,2026-01-01,121.0
38.L1.4080.UT481003D,2026-02-01,133.0
38.L1.4080.UT481003D,2026-03-01,127.0
38.L1.4080.UT481003V,2025-12-01,139.0
38.L1.4080.UT481003V,2026-01-01,346.0
38.L1.4080.UT481003V,2026-02-01,381.0
38.L1.4080.UT481003V,2026-03-01,403.0
38.L1.4080.UT481004D,2025-12-01,152.0
38.L1.4080.UT481004D,2026-01-01,0.0
38.L1.4080.UT481004D,2026-02-01,0.0
38.L1.4080.UT481004D,2026-03-01,0.0
38.L1.4080.UT481004T,2025-12-01,5641.0
38.L1.4080.UT481004T,2026-01-01,7441.0
38.L1.4080.UT481004T,2026-02-01,7452.0
38.L1.4080.UT481004T,2026-03-01,7856.0
38.L1.4080.UT481004V,2025-12-01,256.0
38.L1.4080.UT481004V,2026-01-01,304.0
38.L1.4080.UT481004V,2026-02-01,306.0
38.L1.4080.UT481004V,2026-03-01,315.0
38.L1.4080.UT481005D,2025-12-01,84.0
38.L1.4080.UT481005D,2026-01-01,238.0
38.L1.4080.UT481005D,2026-02-01,236.0
38.L1.4080.UT481005D,2026-03-01,267.0
38.L1.4080.UT481005V,2025-12-01,366.0
38.L1.4080.UT481005V,2026-01-01,322.0
38.L1.4080.UT481005V,2026-02-01,208.0
38.L1.4080.UT481005V,2026-03-01,454.0
38.L1.4080.UT481006D,2025-12-01,42.0
38.L1.4080.UT481006D,2026-01-01,15.0
38.L1.4080.UT481006D,2026-02-01,14.0
38.L1.4080.UT481006D,2026-03-01,12.0
38.L1.4080.UT481006V,2025-12-01,168.0
38.L1.4080.UT481006V,2026-01-01,181.0
38.L1.4080.UT481006V,2026-02-01,195.0
38.L1.4080.UT481006V,2026-03-01,191.0
38.L1.5050.SVICC501,2025-12-01,0.0
38.L1.5050.SVICC501,2026-01-01,340.0
38.L1.5050.SVICC501,2026-02-01,199.0
38.L1.5050.SVICC501,2026-03-01,905.0
38.L1.5050.SVICC502,2025-12-01,0.0
38.L1.5050.SVICC502,2026-01-01,724.0
38.L1.5050.SVICC502,2026-02-01,222.0
38.L1.5050.SVICC502,2026-03-01,1008.0
38.L1.5050.SVICC503,2025-12-01,661.0
38.L1.5050.SVICC503,2026-01-01,0.0
38.L1.5050.SVICC503,2026-02-01,0.0
38.L1.5050.SVICC503,2026-03-01,0.0
38.L1.5050.SVICC504,2025-12-01,1200.0
38.L1.5050.SVICC504,2026-01-01,4806.0
38.L1.5050.SVICC504,2026-02-01,941.0
38.L1.5050.SVICC504,2026-03-01,1593.0
38.L1.5050.SVICC505,2025-12-01,2800.0
38.L1.5050.SVICC505,2026-01-01,3042.0
38.L1.5050.SVICC505,2026-02-01,1591.0
38.L1.5050.SVICC505,2026-03-01,3304.0
38.L1.5050.SVICC506,2025-12-01,2100.0
38.L1.5050.SVICC506,2026-01-01,9861.0
38.L1.5050.SVICC506,2026-02-01,1877.0
38.L1.5050.SVICC506,2026-03-01,3176.0
38.L1.5050.SVICC507,2025-12-01,3900.0
38.L1.5050.SVICC507,2026-01-01,3613.0
38.L1.5050.SVICC507,2026-02-01,2059.0
38.L1.5050.SVICC507,2026-03-01,5182.0
38.L1.5050.SVICC508,2025-12-01,1500.0
38.L1.5050.SVICC508,2026-01-01,2569.0
38.L1.5050.SVICC508,2026-02-01,1095.0
38.L1.5050.SVICC508,2026-03-01,4976.0
38.L1.5050.SVICC509,2025-12-01,5900.0
38.L1.5050.SVICC509,2026-01-01,10183.0
38.L1.5050.SVICC509,2026-02-01,2995.0
38.L1.5050.SVICC509,2026-03-01,5069.0
38.L1.5050.SVKAI501,2025-12-01,9744.0
38.L1.5050.SVKAI501,2026-01-01,8556.0
38.L1.5050.SVKAI501,2026-02-01,8779.0
38.L1.5050.SVKAI501,2026-03-01,8486.0
38.L1.5050.SVKAI502,2025-12-01,1977.0
38.L1.5050.SVKAI502,2026-01-01,1374.0
38.L1.5050.SVKAI502,2026-02-01,1276.0
38.L1.5050.SVKAI502,2026-03-01,1317.0
38.L1.5050.SVKAI503,2025-12-01,3605.0
38.L1.5050.SVKAI503,2026-01-01,4069.0
38.L1.5050.SVKAI503,2026-02-01,4290.0
38.L1.5050.SVKAI503,2026-03-01,4236.0
38.L1.5050.SVKAI504,2025-12-01,6694.0
38.L1.5050.SVKAI504,2026-01-01,6694.0
38.L1.5050.SVKAI504,2026-02-01,6364.0
38.L1.5050.SVKAI504,2026-03-01,6516.0
38.L1.5050.SVKAI505,2025-12-01,6272.0
38.L1.5050.SVKAI505,2026-01-01,4757.0
38.L1.5050.SVKAI505,2026-02-01,4565.0
38.L1.5050.SVKAI505,2026-03-01,4764.0
38.L1.5050.SVKAI506,2025-12-01,12992.0
38.L1.5050.SVKAI506,2026-01-01,14456.0
38.L1.5050.SVKAI506,2026-02-01,13805.0
38.L1.5050.SVKAI506,2026-03-01,14257.0
38.L1.5050.SVKAI507,2025-12-01,3998.0
38.L1.5050.SVKAI507,2026-01-01,4272.0
38.L1.5050.SVKAI507,2026-02-01,4241.0
38.L1.5050.SVKAI507,2026-03-01,4382.0
38.L1.5050.SVUSC505,2025-12-01,1016.0
38.L1.5050.SVUSC505,2026-01-01,1992.0
38.L1.5050.SVUSC505,2026-02-01,1968.0
38.L1.5050.SVUSC505,2026-03-01,2105.0
38.L1.5050.SVUSC506,2025-12-01,2520.0
38.L1.5050.SVUSC506,2026-01-01,3249.0
38.L1.5050.SVUSC506,2026-02-01,3398.0
38.L1.5050.SVUSC506,2026-03-01,3412.0
38.L1.5050.SVUSC507,2025-12-01,3146.0
38.L1.5050.SVUSC507,2026-01-01,2916.0
38.L1.5050.SVUSC507,2026-02-01,2837.0
38.L1.5050.SVUSC507,2026-03-01,2890.0
38.L1.5050.SVUSC510,2025-12-01,1396.0
38.L1.5050.SVUSC510,2026-01-01,998.0
38.L1.5050.SVUSC510,2026-02-01,904.0
38.L1.5050.SVUSC510,2026-03-01,869.0
38.L1.5050.SVUSC511,2025-12-01,2070.0
38.L1.5050.SVUSC511,2026-01-01,2200.0
38.L1.5050.SVUSC511,2026-02-01,2327.0
38.L1.5050.SVUSC511,2026-03-01,2314.0
38.L1.5050.SVUSC512,2025-12-01,1797.0
38.L1.5050.SVUSC512,2026-01-01,2176.0
38.L1.5050.SVUSC512,2026-02-01,2189.0
38.L1.5050.SVUSC512,2026-03-01,2302.0
38.L1.5050.SVUSC513,2025-12-01,3486.0
38.L1.5050.SVUSC513,2026-01-01,3442.0
38.L1.5050.SVUSC513,2026-02-01,3314.0
38.L1.5050.SVUSC513,2026-03-01,3296.0
38.L1.5050.SVUSC514,2025-12-01,2100.0
38.L1.5050.SVUSC514,2026-01-01,2067.0
38.L1.5050.SVUSC514,2026-02-01,1833.0
38.L1.5050.SVUSC514,2026-03-01,1804.0
39.L1.3060.USGM3601,2025-12-01,254.0
39.L1.3060.USGM3601,2026-01-01,337.0
39.L1.3060.USGM3601,2026-02-01,356.0
39.L1.3060.USGM3601,2026-03-01,373.0
39.L1.3060.USGM3603,2025-12-01,357.0
39.L1.3060.USGM3603,2026-01-01,3411.0
39.L1.3060.USGM3603,2026-02-01,1089.0
39.L1.3060.USGM3603,2026-03-01,3318.0
39.L1.3060.USGM3604,2025-12-01,1111.0
39.L1.3060.USGM3604,2026-01-01,740.0
39.L1.3060.USGM3604,2026-02-01,739.0
39.L1.3060.USGM3604,2026-03-01,817.0
39.L1.3060.USGM3605,2025-12-01,38.0
39.L1.3060.USGM3605,2026-01-01,181.0
39.L1.3060.USGM3605,2026-02-01,195.0
39.L1.3060.USGM3605,2026-03-01,217.0
39.L1.3060.USGM3606,2025-12-01,900.0
39.L1.3060.USGM3606,2026-01-01,980.0
39.L1.3060.USGM3606,2026-02-01,979.0
39.L1.3060.USGM3606,2026-03-01,995.0
39.L1.3060.USGM3607,2025-12-01,216.0
39.L1.3060.USGM3607,2026-01-01,495.0
39.L1.3060.USGM3607,2026-02-01,516.0
39.L1.3060.USGM3607,2026-03-01,578.0
39.L1.3060.USGM3608,2025-12-01,32.0
39.L1.3060.USGM3608,2026-01-01,44.0
39.L1.3060.USGM3608,2026-02-01,46.0
39.L1.3060.USGM3608,2026-03-01,50.0
39.L1.3060.USGM3609,2025-12-01,1351.0
39.L1.3060.USGM3609,2026-01-01,1228.0
39.L1.3060.USGM3609,2026-02-01,1324.0
39.L1.3060.USGM3609,2026-03-01,1226.0
39.L1.3060.USGM3610,2025-12-01,601.0
39.L1.3060.USGM3610,2026-01-01,383.0
39.L1.3060.USGM3610,2026-02-01,371.0
39.L1.3060.USGM3610,2026-03-01,344.0
39.L1.3060.USGM3611,2025-12-01,38.0
39.L1.3060.USGM3611,2026-01-01,12.0
39.L1.3060.USGM3611,2026-02-01,9.0
39.L1.3060.USGM3611,2026-03-01,8.0
39.L1.3060.USGM3612,2025-12-01,435.0
39.L1.3060.USGM3612,2026-01-01,345.0
39.L1.3060.USGM3612,2026-02-01,295.0
39.L1.3060.USGM3612,2026-03-01,321.0
39.L1.3060.USGM3613,2025-12-01,4000.0
39.L1.3060.USGM3613,2026-01-01,3846.0
39.L1.3060.USGM3613,2026-02-01,3786.0
39.L1.3060.USGM3613,2026-03-01,3912.0
39.L1.3060.USGM3614,2025-12-01,3106.0
39.L1.3060.USGM3614,2026-01-01,2871.0
39.L1.3060.USGM3614,2026-02-01,2639.0
39.L1.3060.USGM3614,2026-03-01,2790.0
39.L1.3060.USGM3615,2025-12-01,3400.0
39.L1.3060.USGM3615,2026-01-01,10495.0
39.L1.3060.USGM3615,2026-02-01,8737.0
39.L1.3060.USGM3615,2026-03-01,9129.0
39.L1.3060.USGM3616,2025-12-01,4755.0
39.L1.3060.USGM3616,2026-01-01,9534.0
39.L1.3060.USGM3616,2026-02-01,8084.0
39.L1.3060.USGM3616,2026-03-01,8346.0
39.L1.3060.USGM3617,2025-12-01,5856.0
39.L1.3060.USGM3617,2026-01-01,11058.0
39.L1.3060.USGM3617,2026-02-01,9801.0
39.L1.3060.USGM3617,2026-03-01,10037.0
39.L1.3060.USGM3618,2025-12-01,2700.0
39.L1.3060.USGM3618,2026-01-01,3051.0
39.L1.3060.USGM3618,2026-02-01,3099.0
39.L1.3060.USGM3618,2026-03-01,3077.0
39.L1.3060.USGM3619,2025-12-01,4800.0
39.L1.3060.USGM3619,2026-01-01,4919.0
39.L1.3060.USGM3619,2026-02-01,5050.0
39.L1.3060.USGM3619,2026-03-01,5017.0
39.L1.3060.USGM3620,2025-12-01,14400.0
39.L1.3060.USGM3620,2026-01-01,11933.0
39.L1.3060.USGM3620,2026-02-01,11832.0
39.L1.3060.USGM3620,2026-03-01,12120.0
39.L1.4080.USG48003,2025-12-01,1500.0
39.L1.4080.USG48003,2026-01-01,2468.0
39.L1.4080.USG48003,2026-02-01,2730.0
39.L1.4080.USG48003,2026-03-01,2501.0
39.L1.4080.USG48004,2025-12-01,138.0
39.L1.4080.USG48004,2026-01-01,245.0
39.L1.4080.USG48004,2026-02-01,275.0
39.L1.4080.USG48004,2026-03-01,277.0
39.L1.4080.USG48005,2025-12-01,594.0
39.L1.4080.USG48005,2026-01-01,772.0
39.L1.4080.USG48005,2026-02-01,846.0
39.L1.4080.USG48005,2026-03-01,850.0
39.L1.4080.USG48006,2025-12-01,1539.0
39.L1.4080.USG48006,2026-01-01,1622.0
39.L1.4080.USG48006,2026-02-01,1550.0
39.L1.4080.USG48006,2026-03-01,1565.0
39.L1.4080.USG48007,2025-12-01,83.0
39.L1.4080.USG48007,2026-01-01,62.0
39.L1.4080.USG48007,2026-02-01,38.0
39.L1.4080.USG48007,2026-03-01,40.0
39.L1.4080.USG48008,2025-12-01,400.0
39.L1.4080.USG48008,2026-01-01,341.0
39.L1.4080.USG48008,2026-02-01,269.0
39.L1.4080.USG48008,2026-03-01,257.0
39.L1.4080.USG48009,2025-12-01,1963.0
39.L1.4080.USG48009,2026-01-01,12.0
39.L1.4080.USG48009,2026-02-01,63.0
39.L1.4080.USG48009,2026-03-01,285.0
39.L1.4080.USG48010,2025-12-01,164.0
39.L1.4080.USG48010,2026-01-01,0.0
39.L1.4080.USG48010,2026-02-01,0.0
39.L1.4080.USG48010,2026-03-01,0.0
39.L1.4080.USG48011,2025-12-01,955.0
39.L1.4080.USG48011,2026-01-01,0.0
39.L1.4080.USG48011,2026-02-01,0.0
39.L1.4080.USG48011,2026-03-01,4.0
39.L1.4080.USG48012,2025-12-01,477.0
39.L1.4080.USG48012,2026-01-01,0.0
39.L1.4080.USG48012,2026-02-01,0.0
39.L1.4080.USG48012,2026-03-01,96.0
39.L1.4080.USG48013,2025-12-01,253.0
39.L1.4080.USG48013,2026-01-01,173.0
39.L1.4080.USG48013,2026-02-01,164.0
39.L1.4080.USG48013,2026-03-01,185.0
39.L1.4080.USG48014,2025-12-01,416.0
39.L1.4080.USG48014,2026-01-01,300.0
39.L1.4080.USG48014,2026-02-01,242.0
39.L1.4080.USG48014,2026-03-01,253.0
39.L1.4080.USG48015,2025-12-01,180.0
39.L1.4080.USG48015,2026-01-01,0.0
39.L1.4080.USG48015,2026-02-01,27.0
39.L1.4080.USG48015,2026-03-01,90.0
39.L1.4080.USG48016,2025-12-01,4.0
39.L1.4080.USG48016,2026-01-01,0.0
39.L1.4080.USG48016,2026-02-01,6.0
39.L1.4080.USG48016,2026-03-01,23.0
39.L1.4080.USG48017,2025-12-01,2952.0
39.L1.4080.USG48017,2026-01-01,238.0
39.L1.4080.USG48017,2026-02-01,155.0
39.L1.4080.USG48017,2026-03-01,714.0
39.L1.6060.UGG6001,2025-12-01,2800.0
39.L1.6060.UGG6001,2026-01-01,2486.0
39.L1.6060.UGG6001,2026-02-01,2359.0
39.L1.6060.UGG6001,2026-03-01,2387.0
39.L1.6060.UGG6003,2025-12-01,1400.0
39.L1.6060.UGG6003,2026-01-01,1498.0
39.L1.6060.UGG6003,2026-02-01,1525.0
39.L1.6060.UGG6003,2026-03-01,1514.0
39.L1.6060.UGG6004,2025-12-01,3500.0
39.L1.6060.UGG6004,2026-01-01,2522.0
39.L1.6060.UGG6004,2026-02-01,2479.0
39.L1.6060.UGG6004,2026-03-01,2367.0
39.L1.6060.UGG6006,2025-12-01,1200.0
39.L1.6060.UGG6006,2026-01-01,973.0
39.L1.6060.UGG6006,2026-02-01,897.0
39.L1.6060.UGG6006,2026-03-01,845.0
39.L1.6060.UGG6007,2025-12-01,3200.0
39.L1.6060.UGG6007,2026-01-01,1071.0
39.L1.6060.UGG6007,2026-02-01,696.0
39.L1.6060.UGG6007,2026-03-01,1369.0
39.L1.6060.UGG6010,2025-12-01,2100.0
39.L1.6060.UGG6010,2026-01-01,1909.0
39.L1.6060.UGG6010,2026-02-01,1960.0
39.L1.6060.UGG6010,2026-03-01,1876.0
39.L1.6060.USGM6001,2025-12-01,650.0
39.L1.6060.USGM6001,2026-01-01,206.0
39.L1.6060.USGM6001,2026-02-01,234.0
39.L1.6060.USGM6001,2026-03-01,184.0
39.L1.6060.USGM6002,2025-12-01,2037.0
39.L1.6060.USGM6002,2026-01-01,2983.0
39.L1.6060.USGM6002,2026-02-01,2847.0
39.L1.6060.USGM6002,2026-03-01,3083.0
39.L1.6060.USGM6003,2025-12-01,2780.0
39.L1.6060.USGM6003,2026-01-01,3278.0
39.L1.6060.USGM6003,2026-02-01,3528.0
39.L1.6060.USGM6003,2026-03-01,3622.0
39.L1.6060.USGM6004,2025-12-01,3000.0
39.L1.6060.USGM6004,2026-01-01,1908.0
39.L1.6060.USGM6004,2026-02-01,1796.0
39.L1.6060.USGM6004,2026-03-01,1720.0
39.L1.6060.USGM6005,2025-12-01,2200.0
39.L1.6060.USGM6005,2026-01-01,2364.0
39.L1.6060.USGM6005,2026-02-01,2381.0
39.L1.6060.USGM6005,2026-03-01,2418.0
39.L1.6060.USGM6006,2025-12-01,2211.0
39.L1.6060.USGM6006,2026-01-01,2014.0
39.L1.6060.USGM6006,2026-02-01,1916.0
39.L1.6060.USGM6006,2026-03-01,1978.0
39.L1.6060.USGM6007,2025-12-01,2636.0
39.L1.6060.USGM6007,2026-01-01,3965.0
39.L1.6060.USGM6007,2026-02-01,4087.0
39.L1.6060.USGM6007,2026-03-01,4270.0
39.L1.6060.USGM6008,2025-12-01,4200.0
39.L1.6060.USGM6008,2026-01-01,2848.0
39.L1.6060.USGM6008,2026-02-01,2426.0
39.L1.6060.USGM6008,2026-03-01,2459.0
40.L1.3060.UGC3600,2025-12-01,46222.0
40.L1.3060.UGC3600,2026-01-01,55462.0
40.L1.3060.UGC3600,2026-02-01,56641.0
40.L1.3060.UGC3600,2026-03-01,57228.0
40.L1.3060.UGC3600AD,2025-12-01,86.0
40.L1.3060.UGC3600AD,2026-01-01,238.0
40.L1.3060.UGC3600AD,2026-02-01,251.0
40.L1.3060.UGC3600AD,2026-03-01,270.0
40.L1.3060.UGC3600AV,2025-12-01,2200.0
40.L1.3060.UGC3600AV,2026-01-01,2605.0
40.L1.3060.UGC3600AV,2026-02-01,2658.0
40.L1.3060.UGC3600AV,2026-03-01,2679.0
40.L1.3060.UGC3600BD,2025-12-01,158.0
40.L1.3060.UGC3600BD,2026-01-01,294.0
40.L1.3060.UGC3600BD,2026-02-01,318.0
40.L1.3060.UGC3600BD,2026-03-01,328.0
40.L1.3060.UGC3600BV,2025-12-01,1775.0
40.L1.3060.UGC3600BV,2026-01-01,2291.0
40.L1.3060.UGC3600BV,2026-02-01,2295.0
40.L1.3060.UGC3600BV,2026-03-01,2399.0
40.L1.3060.UGC3602,2025-12-01,34000.0
40.L1.3060.UGC3602,2026-01-01,36576.0
40.L1.3060.UGC3602,2026-02-01,37626.0
40.L1.3060.UGC3602,2026-03-01,37706.0
40.L1.3060.UGC3602AD,2025-12-01,259.0
40.L1.3060.UGC3602AD,2026-01-01,350.0
40.L1.3060.UGC3602AD,2026-02-01,362.0
40.L1.3060.UGC3602AD,2026-03-01,370.0
40.L1.3060.UGC3602AV,2025-12-01,2308.0
40.L1.3060.UGC3602AV,2026-01-01,2340.0
40.L1.3060.UGC3602AV,2026-02-01,2376.0
40.L1.3060.UGC3602AV,2026-03-01,2380.0
40.L1.3060.UGC3602BD,2025-12-01,261.0
40.L1.3060.UGC3602BD,2026-01-01,420.0
40.L1.3060.UGC3602BD,2026-02-01,434.0
40.L1.3060.UGC3602BD,2026-03-01,454.0
40.L1.3060.UGC3602BV,2025-12-01,3000.0
40.L1.3060.UGC3602BV,2026-01-01,3345.0
40.L1.3060.UGC3602BV,2026-02-01,3426.0
40.L1.3060.UGC3602BV,2026-03-01,3461.0
40.L1.3060.USC3601,2025-12-01,11929.0
40.L1.3060.USC3601,2026-01-01,12066.0
40.L1.3060.USC3601,2026-02-01,12812.0
40.L1.3060.USC3601,2026-03-01,12361.0
40.L1.3060.USC3601D,2025-12-01,350.0
40.L1.3060.USC3601D,2026-01-01,354.0
40.L1.3060.USC3601D,2026-02-01,376.0
40.L1.3060.USC3601D,2026-03-01,347.0
40.L1.3060.USC3601V,2025-12-01,1500.0
40.L1.3060.USC3601V,2026-01-01,1701.0
40.L1.3060.USC3601V,2026-02-01,1810.0
40.L1.3060.USC3601V,2026-03-01,1737.0
40.L1.3060.USC3602,2025-12-01,4324.0
40.L1.3060.USC3602,2026-01-01,4840.0
40.L1.3060.USC3602,2026-02-01,5198.0
40.L1.3060.USC3602,2026-03-01,5270.0
40.L1.3060.USC3602D,2025-12-01,74.0
40.L1.3060.USC3602D,2026-01-01,196.0
40.L1.3060.USC3602D,2026-02-01,220.0
40.L1.3060.USC3602D,2026-03-01,209.0
40.L1.3060.USC3602V,2025-12-01,530.0
40.L1.3060.USC3602V,2026-01-01,72.0
40.L1.3060.USC3602V,2026-02-01,47.0
40.L1.3060.USC3602V,2026-03-01,151.0
40.L1.3060.USC3603,2025-12-01,5581.0
40.L1.3060.USC3603,2026-01-01,6991.0
40.L1.3060.USC3603,2026-02-01,7302.0
40.L1.3060.USC3603,2026-03-01,7536.0
40.L1.3060.USC3603D,2025-12-01,368.0
40.L1.3060.USC3603D,2026-01-01,166.0
40.L1.3060.USC3603D,2026-02-01,167.0
40.L1.3060.USC3603D,2026-03-01,152.0
40.L1.3060.USC3603V,2025-12-01,866.0
40.L1.3060.USC3603V,2026-01-01,1120.0
40.L1.3060.USC3603V,2026-02-01,1164.0
40.L1.3060.USC3603V,2026-03-01,1195.0
40.L1.3060.USC3604V,2025-12-01,30.0
40.L1.3060.USC3604V,2026-01-01,26.0
40.L1.3060.USC3604V,2026-02-01,31.0
40.L1.3060.USC3604V,2026-03-01,23.0
41.L1.3060.M3101,2025-12-01,5573.0
41.L1.3060.M3101,2026-01-01,7671.0
41.L1.3060.M3101,2026-02-01,7373.0
41.L1.3060.M3101,2026-03-01,7947.0
41.L1.3060.M3102,2025-12-01,664.0
41.L1.3060.M3102,2026-01-01,986.0
41.L1.3060.M3102,2026-02-01,1011.0
41.L1.3060.M3102,2026-03-01,1068.0
41.L1.3060.M3103,2025-12-01,5712.0
41.L1.3060.M3103,2026-01-01,5991.0
41.L1.3060.M3103,2026-02-01,6151.0
41.L1.3060.M3103,2026-03-01,6172.0
41.L1.3060.M3104,2025-12-01,576.0
41.L1.3060.M3104,2026-01-01,672.0
41.L1.3060.M3104,2026-02-01,711.0
41.L1.3060.M3104,2026-03-01,714.0
41.L1.3060.M3105,2025-12-01,100.0
41.L1.3060.M3105,2026-01-01,1449.0
41.L1.3060.M3105,2026-02-01,0.0
41.L1.3060.M3105,2026-03-01,258.0
41.L1.3060.M3106,2025-12-01,164.0
41.L1.3060.M3106,2026-01-01,88.0
41.L1.3060.M3106,2026-02-01,84.0
41.L1.3060.M3106,2026-03-01,76.0
41.L1.3060.M3107,2025-12-01,31.0
41.L1.3060.M3107,2026-01-01,0.0
41.L1.3060.M3107,2026-02-01,0.0
41.L1.3060.M3107,2026-03-01,0.0
41.L1.3060.M3108,2025-12-01,76.0
41.L1.3060.M3108,2026-01-01,374.0
41.L1.3060.M3108,2026-02-01,187.0
41.L1.3060.M3108,2026-03-01,318.0
41.L1.3060.M3201,2025-12-01,136.0
41.L1.3060.M3201,2026-01-01,682.0
41.L1.3060.M3201,2026-02-01,734.0
41.L1.3060.M3201,2026-03-01,833.0
41.L1.3060.M3203,2025-12-01,182.0
41.L1.3060.M3203,2026-01-01,79.0
41.L1.3060.M3203,2026-02-01,70.0
41.L1.3060.M3203,2026-03-01,59.0
41.L1.3060.M3205,2025-12-01,49.0
41.L1.3060.M3205,2026-01-01,32.0
41.L1.3060.M3205,2026-02-01,29.0
41.L1.3060.M3205,2026-03-01,24.0
41.L1.3060.M3207,2025-12-01,6.0
41.L1.3060.M3207,2026-01-01,0.0
41.L1.3060.M3207,2026-02-01,0.0
41.L1.3060.M3207,2026-03-01,0.0
41.L1.3060.M3301,2025-12-01,14700.0
41.L1.3060.M3301,2026-01-01,8906.0
41.L1.3060.M3301,2026-02-01,5763.0
41.L1.3060.M3301,2026-03-01,12573.0
41.L1.3060.M3302,2025-12-01,1813.0
41.L1.3060.M3302,2026-01-01,1538.0
41.L1.3060.M3302,2026-02-01,1560.0
41.L1.3060.M3302,2026-03-01,1484.0
41.L1.3060.M3303,2025-12-01,21800.0
41.L1.3060.M3303,2026-01-01,11370.0
41.L1.3060.M3303,2026-02-01,7357.0
41.L1.3060.M3303,2026-03-01,16052.0
41.L1.3060.M3304,2025-12-01,1312.0
41.L1.3060.M3304,2026-01-01,1445.0
41.L1.3060.M3304,2026-02-01,935.0
41.L1.3060.M3304,2026-03-01,2040.0
41.L1.3060.M3305,2025-12-01,11506.0
41.L1.3060.M3305,2026-01-01,10231.0
41.L1.3060.M3305,2026-02-01,6620.0
41.L1.3060.M3305,2026-03-01,14443.0
41.L1.3060.M3306,2025-12-01,10200.0
41.L1.3060.M3306,2026-01-01,14242.0
41.L1.3060.M3306,2026-02-01,13532.0
41.L1.3060.M3306,2026-03-01,13083.0
41.L1.3060.M3307,2025-12-01,24100.0
41.L1.3060.M3307,2026-01-01,19660.0
41.L1.3060.M3307,2026-02-01,20862.0
41.L1.3060.M3307,2026-03-01,21144.0
41.L1.3060.M3308,2025-12-01,10582.0
41.L1.3060.M3308,2026-01-01,9400.0
41.L1.3060.M3308,2026-02-01,9152.0
41.L1.3060.M3308,2026-03-01,8871.0
41.L1.3060.M3401,2025-12-01,454.0
41.L1.3060.M3401,2026-01-01,494.0
41.L1.3060.M3401,2026-02-01,320.0
41.L1.3060.M3401,2026-03-01,697.0
41.L1.3060.M3403,2025-12-01,193.0
41.L1.3060.M3403,2026-01-01,575.0
41.L1.3060.M3403,2026-02-01,372.0
41.L1.3060.M3403,2026-03-01,812.0
41.L1.3060.M3405,2025-12-01,1691.0
41.L1.3060.M3405,2026-01-01,1377.0
41.L1.3060.M3405,2026-02-01,891.0
41.L1.3060.M3405,2026-03-01,1944.0
41.L1.3060.M3407,2025-12-01,1442.0
41.L1.3060.M3407,2026-01-01,1341.0
41.L1.3060.M3407,2026-02-01,868.0
41.L1.3060.M3407,2026-03-01,1893.0
41.L1.3060.MS361001T,2025-12-01,3086.0
41.L1.3060.MS361001T,2026-01-01,2907.0
41.L1.3060.MS361001T,2026-02-01,2998.0
41.L1.3060.MS361001T,2026-03-01,2805.0
41.L1.3060.MS361002D,2025-12-01,11.0
41.L1.3060.MS361002D,2026-01-01,5.0
41.L1.3060.MS361002D,2026-02-01,6.0
41.L1.3060.MS361002D,2026-03-01,4.0
41.L1.3060.MS361003V,2025-12-01,184.0
41.L1.3060.MS361003V,2026-01-01,32.0
41.L1.3060.MS361003V,2026-02-01,21.0
41.L1.3060.MS361003V,2026-03-01,136.0
41.L1.3060.MT361001T,2025-12-01,3587.0
41.L1.3060.MT361001T,2026-01-01,393.0
41.L1.3060.MT361001T,2026-02-01,660.0
41.L1.3060.MT361001T,2026-03-01,1439.0
41.L1.3060.MT361002D,2025-12-01,99.0
41.L1.3060.MT361002D,2026-01-01,66.0
41.L1.3060.MT361002D,2026-02-01,63.0
41.L1.3060.MT361002D,2026-03-01,59.0
41.L1.3060.MT361003V,2025-12-01,712.0
41.L1.3060.MT361003V,2026-01-01,75.0
41.L1.3060.MT361003V,2026-02-01,49.0
41.L1.3060.MT361003V,2026-03-01,378.0
41.L1.3060.S3101,2025-12-01,3589.0
41.L1.3060.S3101,2026-01-01,2968.0
41.L1.3060.S3101,2026-02-01,3225.0
41.L1.3060.S3101,2026-03-01,2858.0
41.L1.3060.S3102,2025-12-01,609.0
41.L1.3060.S3102,2026-01-01,84.0
41.L1.3060.S3102,2026-02-01,55.0
41.L1.3060.S3102,2026-03-01,250.0
41.L1.3060.S3103,2025-12-01,1748.0
41.L1.3060.S3103,2026-01-01,575.0
41.L1.3060.S3103,2026-02-01,374.0
41.L1.3060.S3103,2026-03-01,575.0
41.L1.3060.S3104,2025-12-01,350.0
41.L1.3060.S3104,2026-01-01,23.0
41.L1.3060.S3104,2026-02-01,15.0
41.L1.3060.S3104,2026-03-01,179.0
41.L1.3060.S3105,2025-12-01,283.0
41.L1.3060.S3105,2026-01-01,135.0
41.L1.3060.S3105,2026-02-01,157.0
41.L1.3060.S3105,2026-03-01,119.0
41.L1.3060.S3106,2025-12-01,288.0
41.L1.3060.S3106,2026-01-01,811.0
41.L1.3060.S3106,2026-02-01,902.0
41.L1.3060.S3106,2026-03-01,960.0
41.L1.3060.S3107,2025-12-01,160.0
41.L1.3060.S3107,2026-01-01,212.0
41.L1.3060.S3107,2026-02-01,181.0
41.L1.3060.S3107,2026-03-01,197.0
41.L1.3060.S3108,2025-12-01,282.0
41.L1.3060.S3108,2026-01-01,591.0
41.L1.3060.S3108,2026-02-01,623.0
41.L1.3060.S3108,2026-03-01,675.0
41.L1.3060.S3201,2025-12-01,134.0
41.L1.3060.S3201,2026-01-01,89.0
41.L1.3060.S3201,2026-02-01,90.0
41.L1.3060.S3201,2026-03-01,73.0
41.L1.3060.S3203,2025-12-01,94.0
41.L1.3060.S3203,2026-01-01,53.0
41.L1.3060.S3203,2026-02-01,59.0
41.L1.3060.S3203,2026-03-01,50.0
41.L1.3060.S3205,2025-12-01,71.0
41.L1.3060.S3205,2026-01-01,40.0
41.L1.3060.S3205,2026-02-01,46.0
41.L1.3060.S3205,2026-03-01,37.0
41.L1.3060.S3207,2025-12-01,120.0
41.L1.3060.S3207,2026-01-01,132.0
41.L1.3060.S3207,2026-02-01,134.0
41.L1.3060.S3207,2026-03-01,139.0
41.L1.3060.U3101,2025-12-01,1365.0
41.L1.3060.U3101,2026-01-01,2135.0
41.L1.3060.U3101,2026-02-01,2154.0
41.L1.3060.U3101,2026-03-01,2292.0
41.L1.3060.U3102,2025-12-01,163.0
41.L1.3060.U3102,2026-01-01,104.0
41.L1.3060.U3102,2026-02-01,68.0
41.L1.3060.U3102,2026-03-01,312.0
41.L1.3060.U3103,2025-12-01,5000.0
41.L1.3060.U3103,2026-01-01,891.0
41.L1.3060.U3103,2026-02-01,648.0
41.L1.3060.U3103,2026-03-01,2944.0
41.L1.3060.U3104,2025-12-01,800.0
41.L1.3060.U3104,2026-01-01,122.0
41.L1.3060.U3104,2026-02-01,84.0
41.L1.3060.U3104,2026-03-01,339.0
41.L1.3060.U3105,2025-12-01,1694.0
41.L1.3060.U3105,2026-01-01,1694.0
41.L1.3060.U3105,2026-02-01,1623.0
41.L1.3060.U3105,2026-03-01,1689.0
41.L1.3060.U3106,2025-12-01,1437.0
41.L1.3060.U3106,2026-01-01,280.0
41.L1.3060.U3106,2026-02-01,182.0
41.L1.3060.U3106,2026-03-01,592.0
41.L1.3060.U3107,2025-12-01,602.0
41.L1.3060.U3107,2026-01-01,663.0
41.L1.3060.U3107,2026-02-01,535.0
41.L1.3060.U3107,2026-03-01,561.0
41.L1.3060.U3108,2025-12-01,480.0
41.L1.3060.U3108,2026-01-01,328.0
41.L1.3060.U3108,2026-02-01,334.0
41.L1.3060.U3108,2026-03-01,362.0
41.L1.3060.U3201,2025-12-01,19.0
41.L1.3060.U3201,2026-01-01,59.0
41.L1.3060.U3201,2026-02-01,63.0
41.L1.3060.U3201,2026-03-01,72.0
41.L1.3060.U3203,2025-12-01,188.0
41.L1.3060.U3203,2026-01-01,205.0
41.L1.3060.U3203,2026-02-01,214.0
41.L1.3060.U3203,2026-03-01,208.0
41.L1.3060.U3205,2025-12-01,126.0
41.L1.3060.U3205,2026-01-01,86.0
41.L1.3060.U3205,2026-02-01,82.0
41.L1.3060.U3205,2026-03-01,77.0
41.L1.3060.U3207,2025-12-01,27.0
41.L1.3060.U3207,2026-01-01,17.0
41.L1.3060.U3207,2026-02-01,11.0
41.L1.3060.U3207,2026-03-01,23.0
41.L1.3060.U3301,2025-12-01,15585.0
41.L1.3060.U3301,2026-01-01,13667.0
41.L1.3060.U3301,2026-02-01,8843.0
41.L1.3060.U3301,2026-03-01,19294.0
41.L1.3060.U3302,2025-12-01,1787.0
41.L1.3060.U3302,2026-01-01,2015.0
41.L1.3060.U3302,2026-02-01,2050.0
41.L1.3060.U3302,2026-03-01,2071.0
41.L1.3060.U3303,2025-12-01,16970.0
41.L1.3060.U3303,2026-01-01,13415.0
41.L1.3060.U3303,2026-02-01,8680.0
41.L1.3060.U3303,2026-03-01,18938.0
41.L1.3060.U3304,2025-12-01,1432.0
41.L1.3060.U3304,2026-01-01,1336.0
41.L1.3060.U3304,2026-02-01,865.0
41.L1.3060.U3304,2026-03-01,1887.0
41.L1.3060.U3305,2025-12-01,25800.0
41.L1.3060.U3305,2026-01-01,12925.0
41.L1.3060.U3305,2026-02-01,8363.0
41.L1.3060.U3305,2026-03-01,18247.0
41.L1.3060.U3306,2025-12-01,13745.0
41.L1.3060.U3306,2026-01-01,9551.0
41.L1.3060.U3306,2026-02-01,6180.0
41.L1.3060.U3306,2026-03-01,13484.0
41.L1.3060.U3307,2025-12-01,21037.0
41.L1.3060.U3307,2026-01-01,19756.0
41.L1.3060.U3307,2026-02-01,12783.0
41.L1.3060.U3307,2026-03-01,27891.0
41.L1.3060.U3308,2025-12-01,16347.0
41.L1.3060.U3308,2026-01-01,13454.0
41.L1.3060.U3308,2026-02-01,8705.0
41.L1.3060.U3308,2026-03-01,18993.0
41.L1.3060.U3401,2025-12-01,670.0
41.L1.3060.U3401,2026-01-01,545.0
41.L1.3060.U3401,2026-02-01,575.0
41.L1.3060.U3401,2026-03-01,537.0
41.L1.3060.U3403,2025-12-01,1052.0
41.L1.3060.U3403,2026-01-01,898.0
41.L1.3060.U3403,2026-02-01,795.0
41.L1.3060.U3403,2026-03-01,816.0
41.L1.3060.U3405,2025-12-01,2043.0
41.L1.3060.U3405,2026-01-01,1978.0
41.L1.3060.U3405,2026-02-01,1280.0
41.L1.3060.U3405,2026-03-01,2793.0
41.L1.3060.U3407,2025-12-01,2791.0
41.L1.3060.U3407,2026-01-01,2568.0
41.L1.3060.U3407,2026-02-01,1662.0
41.L1.3060.U3407,2026-03-01,3626.0
41.L1.3060.UT361001T,2025-12-01,7812.0
41.L1.3060.UT361001T,2026-01-01,1502.0
41.L1.3060.UT361001T,2026-02-01,976.0
41.L1.3060.UT361001T,2026-03-01,4404.0
41.L1.3060.UT361002D,2025-12-01,141.0
41.L1.3060.UT361002D,2026-01-01,135.0
41.L1.3060.UT361002D,2026-02-01,110.0
41.L1.3060.UT361002D,2026-03-01,123.0
41.L1.3060.UT361003V,2025-12-01,929.0
41.L1.3060.UT361003V,2026-01-01,46.0
41.L1.3060.UT361003V,2026-02-01,30.0
41.L1.3060.UT361003V,2026-03-01,650.0
41.L1.4060.MS462001,2025-12-01,2048.0
41.L1.4060.MS462001,2026-01-01,3159.0
41.L1.4060.MS462001,2026-02-01,3306.0
41.L1.4060.MS462001,2026-03-01,3450.0
41.L1.4060.MS462002,2025-12-01,2352.0
41.L1.4060.MS462002,2026-01-01,2197.0
41.L1.4060.MS462002,2026-02-01,2272.0
41.L1.4060.MS462002,2026-03-01,2159.0
41.L1.4060.MS462003,2025-12-01,282.0
41.L1.4060.MS462003,2026-01-01,849.0
41.L1.4060.MS462003,2026-02-01,931.0
41.L1.4060.MS462003,2026-03-01,1004.0
41.L1.4060.MS462004,2025-12-01,1196.0
41.L1.4060.MS462004,2026-01-01,1338.0
41.L1.4060.MS462004,2026-02-01,1311.0
41.L1.4060.MS462004,2026-03-01,1346.0
41.L1.4060.MT462001,2025-12-01,1169.0
41.L1.4060.MT462001,2026-01-01,4391.0
41.L1.4060.MT462001,2026-02-01,2854.0
41.L1.4060.MT462001,2026-03-01,4830.0
41.L1.4060.MT462002,2025-12-01,4746.0
41.L1.4060.MT462002,2026-01-01,286.0
41.L1.4060.MT462002,2026-02-01,186.0
41.L1.4060.MT462002,2026-03-01,2198.0
41.L1.4060.MT462003,2025-12-01,1738.0
41.L1.4060.MT462003,2026-01-01,2729.0
41.L1.4060.MT462003,2026-02-01,2616.0
41.L1.4060.MT462003,2026-03-01,2801.0
41.L1.4060.MT462004,2025-12-01,2162.0
41.L1.4060.MT462004,2026-01-01,2907.0
41.L1.4060.MT462004,2026-02-01,2799.0
41.L1.4060.MT462004,2026-03-01,3023.0
41.L1.4080.M4101,2025-12-01,120.0
41.L1.4080.M4101,2026-01-01,85.0
41.L1.4080.M4101,2026-02-01,99.0
41.L1.4080.M4101,2026-03-01,75.0
41.L1.4080.M4102,2025-12-01,100.0
41.L1.4080.M4102,2026-01-01,94.0
41.L1.4080.M4102,2026-02-01,109.0
41.L1.4080.M4102,2026-03-01,83.0
41.L1.4080.M4103,2025-12-01,130.0
41.L1.4080.M4103,2026-01-01,0.0
41.L1.4080.M4103,2026-02-01,0.0
41.L1.4080.M4103,2026-03-01,0.0
41.L1.4080.M4104,2025-12-01,74.0
41.L1.4080.M4104,2026-01-01,0.0
41.L1.4080.M4104,2026-02-01,0.0
41.L1.4080.M4104,2026-03-01,0.0
41.L1.4080.M4201,2025-12-01,60.0
41.L1.4080.M4201,2026-01-01,18.0
41.L1.4080.M4201,2026-02-01,21.0
41.L1.4080.M4201,2026-03-01,16.0
41.L1.4080.MT483001,2025-12-01,10200.0
41.L1.4080.MT483001,2026-01-01,9770.0
41.L1.4080.MT483001,2026-02-01,9317.0
41.L1.4080.MT483001,2026-03-01,9546.0
41.L1.4080.MT483001D,2025-12-01,438.0
41.L1.4080.MT483001D,2026-01-01,266.0
41.L1.4080.MT483001D,2026-02-01,241.0
41.L1.4080.MT483001D,2026-03-01,224.0
41.L1.4080.MT483001V,2025-12-01,492.0
41.L1.4080.MT483001V,2026-01-01,1376.0
41.L1.4080.MT483001V,2026-02-01,894.0
41.L1.4080.MT483001V,2026-03-01,1514.0
41.L1.4080.MT483002B,2025-12-01,1162.0
41.L1.4080.MT483002B,2026-01-01,1663.0
41.L1.4080.MT483002B,2026-02-01,2070.0
41.L1.4080.MT483002B,2026-03-01,2056.0
41.L1.4080.MT483002D,2025-12-01,633.0
41.L1.4080.MT483002D,2026-01-01,643.0
41.L1.4080.MT483002D,2026-02-01,663.0
41.L1.4080.MT483002D,2026-03-01,645.0
41.L1.4080.MT483002W,2025-12-01,5108.0
41.L1.4080.MT483002W,2026-01-01,6396.0
41.L1.4080.MT483002W,2026-02-01,5957.0
41.L1.4080.MT483002W,2026-03-01,6010.0
41.L1.4080.S4101,2025-12-01,0.0
41.L1.4080.S4101,2026-01-01,81.0
41.L1.4080.S4101,2026-02-01,89.0
41.L1.4080.S4101,2026-03-01,101.0
41.L1.4080.S4106,2025-12-01,0.0
41.L1.4080.S4106,2026-01-01,27.0
41.L1.4080.S4106,2026-02-01,14.0
41.L1.4080.S4106,2026-03-01,23.0
41.L1.4080.S4108,2025-12-01,0.0
41.L1.4080.S4108,2026-01-01,9.0
41.L1.4080.S4108,2026-02-01,10.0
41.L1.4080.S4108,2026-03-01,11.0
41.L1.4080.S4109,2025-12-01,0.0
41.L1.4080.S4109,2026-01-01,20.0
41.L1.4080.S4109,2026-02-01,22.0
41.L1.4080.S4109,2026-03-01,25.0
41.L1.4080.S4204,2025-12-01,18.0
41.L1.4080.S4204,2026-01-01,5.0
41.L1.4080.S4204,2026-02-01,6.0
41.L1.4080.S4204,2026-03-01,4.0
41.L1.4080.S4208,2025-12-01,0.0
41.L1.4080.S4208,2026-01-01,1.0
41.L1.4080.S4208,2026-02-01,1.0
41.L1.4080.S4208,2026-03-01,1.0
41.L1.4080.U4101,2025-12-01,17.0
41.L1.4080.U4101,2026-01-01,25.0
41.L1.4080.U4101,2026-02-01,25.0
41.L1.4080.U4101,2026-03-01,28.0
41.L1.4080.U4102,2025-12-01,30.0
41.L1.4080.U4102,2026-01-01,60.0
41.L1.4080.U4102,2026-02-01,42.0
41.L1.4080.U4102,2026-03-01,47.0
41.L1.4080.U4103,2025-12-01,50.0
41.L1.4080.U4103,2026-01-01,0.0
41.L1.4080.U4103,2026-02-01,0.0
41.L1.4080.U4103,2026-03-01,0.0
41.L1.4080.U4104,2025-12-01,30.0
41.L1.4080.U4104,2026-01-01,17.0
41.L1.4080.U4104,2026-02-01,17.0
41.L1.4080.U4104,2026-03-01,14.0
41.L1.4080.U4201,2025-12-01,25.0
41.L1.4080.U4201,2026-01-01,45.0
41.L1.4080.U4201,2026-02-01,36.0
41.L1.4080.U4201,2026-03-01,40.0
41.L1.4080.U4203,2025-12-01,54.0
41.L1.4080.U4203,2026-01-01,0.0
41.L1.4080.U4203,2026-02-01,0.0
41.L1.4080.U4203,2026-03-01,0.0
41.L1.4080.UT483001,2025-12-01,5789.0
41.L1.4080.UT483001,2026-01-01,6186.0
41.L1.4080.UT483001,2026-02-01,5996.0
41.L1.4080.UT483001,2026-03-01,6055.0
41.L1.4080.UT483001D,2025-12-01,280.0
41.L1.4080.UT483001D,2026-01-01,287.0
41.L1.4080.UT483001D,2026-02-01,226.0
41.L1.4080.UT483001D,2026-03-01,246.0
41.L1.4080.UT483001V,2025-12-01,766.0
41.L1.4080.UT483001V,2026-01-01,752.0
41.L1.4080.UT483001V,2026-02-01,710.0
41.L1.4080.UT483001V,2026-03-01,718.0
41.L1.4080.UT483002B,2025-12-01,2092.0
41.L1.4080.UT483002B,2026-01-01,2508.0
41.L1.4080.UT483002B,2026-02-01,2296.0
41.L1.4080.UT483002B,2026-03-01,2431.0
41.L1.4080.UT483002D,2025-12-01,453.0
41.L1.4080.UT483002D,2026-01-01,576.0
41.L1.4080.UT483002D,2026-02-01,527.0
41.L1.4080.UT483002D,2026-03-01,566.0
41.L1.4080.UT483002W,2025-12-01,4370.0
41.L1.4080.UT483002W,2026-01-01,4863.0
41.L1.4080.UT483002W,2026-02-01,4639.0
41.L1.4080.UT483002W,2026-03-01,4742.0
41.L1.5050.91501,2025-12-01,8324.0
41.L1.5050.91501,2026-01-01,7220.0
41.L1.5050.91501,2026-02-01,7066.0
41.L1.5050.91501,2026-03-01,7013.0
41.L1.5050.91502,2025-12-01,4689.0
41.L1.5050.91502,2026-01-01,5107.0
41.L1.5050.91502,2026-02-01,5302.0
41.L1.5050.91502,2026-03-01,5344.0
41.L1.5050.91503,2025-12-01,7129.0
41.L1.5050.91503,2026-01-01,7628.0
41.L1.5050.91503,2026-02-01,7484.0
41.L1.5050.91503,2026-03-01,7562.0
41.L1.5050.91504,2025-12-01,7500.0
41.L1.5050.91504,2026-01-01,7392.0
41.L1.5050.91504,2026-02-01,7029.0
41.L1.5050.91504,2026-03-01,7102.0
41.L1.5050.91505,2025-12-01,7053.0
41.L1.5050.91505,2026-01-01,9217.0
41.L1.5050.91505,2026-02-01,9438.0
41.L1.5050.91505,2026-03-01,9665.0
41.L1.5050.91506,2025-12-01,6291.0
41.L1.5050.91506,2026-01-01,6385.0
41.L1.5050.91506,2026-02-01,6258.0
41.L1.5050.91506,2026-03-01,6423.0
41.L1.5050.91507,2025-12-01,5905.0
41.L1.5050.91507,2026-01-01,7667.0
41.L1.5050.91507,2026-02-01,7830.0
41.L1.5050.91507,2026-03-01,7995.0
41.L1.5050.91508,2025-12-01,3550.0
41.L1.5050.91508,2026-01-01,2788.0
41.L1.5050.91508,2026-02-01,2761.0
41.L1.5050.91508,2026-03-01,2584.0
41.L1.5050.M5102,2025-12-01,4704.0
41.L1.5050.M5102,2026-01-01,3993.0
41.L1.5050.M5102,2026-02-01,3837.0
41.L1.5050.M5102,2026-03-01,4090.0
41.L1.5050.M5103,2025-12-01,7314.0
41.L1.5050.M5103,2026-01-01,6300.0
41.L1.5050.M5103,2026-02-01,6434.0
41.L1.5050.M5103,2026-03-01,6439.0
41.L1.5050.M5104,2025-12-01,5300.0
41.L1.5050.M5104,2026-01-01,5030.0
41.L1.5050.M5104,2026-02-01,5141.0
41.L1.5050.M5104,2026-03-01,4832.0
41.L1.5050.M5105,2025-12-01,12691.0
41.L1.5050.M5105,2026-01-01,13094.0
41.L1.5050.M5105,2026-02-01,12928.0
41.L1.5050.M5105,2026-03-01,13374.0
41.L1.5050.M5151,2025-12-01,578.0
41.L1.5050.M5151,2026-01-01,774.0
41.L1.5050.M5151,2026-02-01,765.0
41.L1.5050.M5151,2026-03-01,848.0
41.L1.5050.M5152,2025-12-01,1142.0
41.L1.5050.M5152,2026-01-01,1840.0
41.L1.5050.M5152,2026-02-01,1954.0
41.L1.5050.M5152,2026-03-01,2039.0
41.L1.5050.M5153,2025-12-01,2610.0
41.L1.5050.M5153,2026-01-01,2040.0
41.L1.5050.M5153,2026-02-01,2030.0
41.L1.5050.M5153,2026-03-01,2219.0
41.L1.5050.M5154,2025-12-01,1075.0
41.L1.5050.M5154,2026-01-01,258.0
41.L1.5050.M5154,2026-02-01,168.0
41.L1.5050.M5154,2026-03-01,258.0
41.L1.5050.M5155,2025-12-01,4181.0
41.L1.5050.M5155,2026-01-01,5909.0
41.L1.5050.M5155,2026-02-01,6089.0
41.L1.5050.M5155,2026-03-01,6486.0
41.L1.5050.M5190,2025-12-01,40445.0
41.L1.5050.M5190,2026-01-01,40114.0
41.L1.5050.M5190,2026-02-01,37518.0
41.L1.5050.M5190,2026-03-01,38346.0
41.L1.5050.M5191,2025-12-01,3478.0
41.L1.5050.M5191,2026-01-01,3805.0
41.L1.5050.M5191,2026-02-01,3844.0
41.L1.5050.M5191,2026-03-01,3933.0
41.L1.5050.M5192,2025-12-01,5800.0
41.L1.5050.M5192,2026-01-01,5281.0
41.L1.5050.M5192,2026-02-01,4899.0
41.L1.5050.M5192,2026-03-01,4671.0
41.L1.5050.M5193,2025-12-01,3822.0
41.L1.5050.M5193,2026-01-01,4064.0
41.L1.5050.M5193,2026-02-01,3851.0
41.L1.5050.M5193,2026-03-01,3970.0
41.L1.5050.MS552001,2025-12-01,9400.0
41.L1.5050.MS552001,2026-01-01,13446.0
41.L1.5050.MS552001,2026-02-01,11309.0
41.L1.5050.MS552001,2026-03-01,11559.0
41.L1.5050.MS552002,2025-12-01,1866.0
41.L1.5050.MS552002,2026-01-01,1691.0
41.L1.5050.MS552002,2026-02-01,1519.0
41.L1.5050.MS552002,2026-03-01,1562.0
41.L1.5050.MS552003,2025-12-01,677.0
41.L1.5050.MS552003,2026-01-01,1956.0
41.L1.5050.MS552003,2026-02-01,2187.0
41.L1.5050.MS552003,2026-03-01,2218.0
41.L1.5050.MS552004,2025-12-01,1973.0
41.L1.5050.MS552004,2026-01-01,168.0
41.L1.5050.MS552004,2026-02-01,109.0
41.L1.5050.MS552004,2026-03-01,470.0
41.L1.5050.S5101,2025-12-01,1448.0
41.L1.5050.S5101,2026-01-01,1342.0
41.L1.5050.S5101,2026-02-01,1283.0
41.L1.5050.S5101,2026-03-01,1442.0
41.L1.5050.S5102,2025-12-01,19000.0
41.L1.5050.S5102,2026-01-01,20884.0
41.L1.5050.S5102,2026-02-01,20881.0
41.L1.5050.S5102,2026-03-01,20014.0
41.L1.5050.S5103,2025-12-01,3000.0
41.L1.5050.S5103,2026-01-01,6830.0
41.L1.5050.S5103,2026-02-01,6596.0
41.L1.5050.S5103,2026-03-01,6303.0
41.L1.5050.S5104,2025-12-01,4500.0
41.L1.5050.S5104,2026-01-01,5258.0
41.L1.5050.S5104,2026-02-01,5000.0
41.L1.5050.S5104,2026-03-01,4799.0
41.L1.5050.S5151,2025-12-01,1711.0
41.L1.5050.S5151,2026-01-01,1086.0
41.L1.5050.S5151,2026-02-01,1259.0
41.L1.5050.S5151,2026-03-01,1002.0
41.L1.5050.S5152,2025-12-01,1005.0
41.L1.5050.S5152,2026-01-01,634.0
41.L1.5050.S5152,2026-02-01,687.0
41.L1.5050.S5152,2026-03-01,580.0
41.L1.5050.S5153,2025-12-01,344.0
41.L1.5050.S5153,2026-01-01,0.0
41.L1.5050.S5153,2026-02-01,0.0
41.L1.5050.S5153,2026-03-01,1536.0
41.L1.5050.S5154,2025-12-01,550.0
41.L1.5050.S5154,2026-01-01,0.0
41.L1.5050.S5154,2026-02-01,0.0
41.L1.5050.S5154,2026-03-01,0.0
41.L1.5050.S5155,2025-12-01,970.0
41.L1.5050.S5155,2026-01-01,543.0
41.L1.5050.S5155,2026-02-01,616.0
41.L1.5050.S5155,2026-03-01,484.0
41.L1.5050.U5101,2025-12-01,7000.0
41.L1.5050.U5101,2026-01-01,7845.0
41.L1.5050.U5101,2026-02-01,8154.0
41.L1.5050.U5101,2026-03-01,8450.0
41.L1.5050.U5102,2025-12-01,5500.0
41.L1.5050.U5102,2026-01-01,5155.0
41.L1.5050.U5102,2026-02-01,4792.0
41.L1.5050.U5102,2026-03-01,4608.0
41.L1.5050.U5103,2025-12-01,19600.0
41.L1.5050.U5103,2026-01-01,14932.0
41.L1.5050.U5103,2026-02-01,14792.0
41.L1.5050.U5103,2026-03-01,15792.0
41.L1.5050.U5104,2025-12-01,3070.0
41.L1.5050.U5104,2026-01-01,2721.0
41.L1.5050.U5104,2026-02-01,2714.0
41.L1.5050.U5104,2026-03-01,2790.0
41.L1.5050.U5151,2025-12-01,1122.0
41.L1.5050.U5151,2026-01-01,1380.0
41.L1.5050.U5151,2026-02-01,1383.0
41.L1.5050.U5151,2026-03-01,1457.0
41.L1.5050.U5152,2025-12-01,1450.0
41.L1.5050.U5152,2026-01-01,792.0
41.L1.5050.U5152,2026-02-01,833.0
41.L1.5050.U5152,2026-03-01,712.0
41.L1.5050.U5153,2025-12-01,3501.0
41.L1.5050.U5153,2026-01-01,2749.0
41.L1.5050.U5153,2026-02-01,2742.0
41.L1.5050.U5153,2026-03-01,2494.0
41.L1.5050.U5154,2025-12-01,8000.0
41.L1.5050.U5154,2026-01-01,5204.0
41.L1.5050.U5154,2026-02-01,5253.0
41.L1.5050.U5154,2026-03-01,5784.0
41.L1.5050.U5155,2025-12-01,2255.0
41.L1.5050.U5155,2026-01-01,1764.0
41.L1.5050.U5155,2026-02-01,1597.0
41.L1.5050.U5155,2026-03-01,1578.0
41.L1.5050.UT552001,2025-12-01,30900.0
41.L1.5050.UT552001,2026-01-01,28318.0
41.L1.5050.UT552001,2026-02-01,27085.0
41.L1.5050.UT552001,2026-03-01,27834.0
41.L1.5050.UT552002,2025-12-01,3446.0
41.L1.5050.UT552002,2026-01-01,2764.0
41.L1.5050.UT552002,2026-02-01,2896.0
41.L1.5050.UT552002,2026-03-01,2686.0
41.L1.5050.UT552003,2025-12-01,1159.0
41.L1.5050.UT552003,2026-01-01,733.0
41.L1.5050.UT552003,2026-02-01,751.0
41.L1.5050.UT552003,2026-03-01,715.0
41.L1.5050.UT552004,2025-12-01,1232.0
41.L1.5050.UT552004,2026-01-01,955.0
41.L1.5050.UT552004,2026-02-01,618.0
41.L1.5050.UT552004,2026-03-01,1348.0
41.L1.6060.AM6151,2025-12-01,3991.0
41.L1.6060.AM6151,2026-01-01,3533.0
41.L1.6060.AM6151,2026-02-01,3612.0
41.L1.6060.AM6151,2026-03-01,3415.0
41.L1.6060.AM6153,2025-12-01,2043.0
41.L1.6060.AM6153,2026-01-01,2455.0
41.L1.6060.AM6153,2026-02-01,2619.0
41.L1.6060.AM6153,2026-03-01,2773.0
41.L1.6060.AM6154,2025-12-01,7845.0
41.L1.6060.AM6154,2026-01-01,8920.0
41.L1.6060.AM6154,2026-02-01,9362.0
41.L1.6060.AM6154,2026-03-01,9479.0
41.L1.6060.AM6155,2025-12-01,7206.0
41.L1.6060.AM6155,2026-01-01,6405.0
41.L1.6060.AM6155,2026-02-01,6596.0
41.L1.6060.AM6155,2026-03-01,6308.0
41.L1.6060.AM6156,2025-12-01,1376.0
41.L1.6060.AM6156,2026-01-01,1926.0
41.L1.6060.AM6156,2026-02-01,1848.0
41.L1.6060.AM6156,2026-03-01,1947.0
41.L1.6060.AM6157,2025-12-01,1195.0
41.L1.6060.AM6157,2026-01-01,1103.0
41.L1.6060.AM6157,2026-02-01,1044.0
41.L1.6060.AM6157,2026-03-01,1032.0
41.L1.6060.AS6152,2025-12-01,1898.0
41.L1.6060.AS6152,2026-01-01,1858.0
41.L1.6060.AS6152,2026-02-01,1906.0
41.L1.6060.AS6152,2026-03-01,1867.0
41.L1.6060.AS6154,2025-12-01,2828.0
41.L1.6060.AS6154,2026-01-01,2126.0
41.L1.6060.AS6154,2026-02-01,1376.0
41.L1.6060.AS6154,2026-03-01,3002.0
41.L1.6060.AU6151,2025-12-01,3692.0
41.L1.6060.AU6151,2026-01-01,3506.0
41.L1.6060.AU6151,2026-02-01,3462.0
41.L1.6060.AU6151,2026-03-01,3521.0
41.L1.6060.AU6152,2025-12-01,1704.0
41.L1.6060.AU6152,2026-01-01,1994.0
41.L1.6060.AU6152,2026-02-01,1976.0
41.L1.6060.AU6152,2026-03-01,2009.0
41.L1.6060.AU6153,2025-12-01,5282.0
41.L1.6060.AU6153,2026-01-01,3798.0
41.L1.6060.AU6153,2026-02-01,3529.0
41.L1.6060.AU6153,2026-03-01,3232.0
41.L1.6060.AU6154,2025-12-01,5665.0
41.L1.6060.AU6154,2026-01-01,5034.0
41.L1.6060.AU6154,2026-02-01,5204.0
41.L1.6060.AU6154,2026-03-01,4982.0
41.L1.6060.AU6155,2025-12-01,3051.0
41.L1.6060.AU6155,2026-01-01,2638.0
41.L1.6060.AU6155,2026-02-01,2566.0
41.L1.6060.AU6155,2026-03-01,2521.0
41.L1.6060.AU6156,2025-12-01,1165.0
41.L1.6060.AU6156,2026-01-01,809.0
41.L1.6060.AU6156,2026-02-01,786.0
41.L1.6060.AU6156,2026-03-01,770.0
41.L1.6060.AU6158,2025-12-01,2201.0
41.L1.6060.AU6158,2026-01-01,1753.0
41.L1.6060.AU6158,2026-02-01,1867.0
41.L1.6060.AU6158,2026-03-01,1780.0
41.L1.6060.M6101,2025-12-01,1300.0
41.L1.6060.M6101,2026-01-01,108.0
41.L1.6060.M6101,2026-02-01,118.0
41.L1.6060.M6101,2026-03-01,108.0
41.L1.6060.M6102,2025-12-01,1476.0
41.L1.6060.M6102,2026-01-01,1088.0
41.L1.6060.M6102,2026-02-01,941.0
41.L1.6060.M6102,2026-03-01,966.0
41.L1.6060.M6103,2025-12-01,1576.0
41.L1.6060.M6103,2026-01-01,1623.0
41.L1.6060.M6103,2026-02-01,1667.0
41.L1.6060.M6103,2026-03-01,1646.0
41.L1.6060.M6105,2025-12-01,500.0
41.L1.6060.M6105,2026-01-01,179.0
41.L1.6060.M6105,2026-02-01,116.0
41.L1.6060.M6105,2026-03-01,197.0
41.L1.6060.M6106,2025-12-01,1400.0
41.L1.6060.M6106,2026-01-01,1953.0
41.L1.6060.M6106,2026-02-01,1934.0
41.L1.6060.M6106,2026-03-01,2057.0
41.L1.6060.M6151,2025-12-01,200.0
41.L1.6060.M6151,2026-01-01,411.0
41.L1.6060.M6151,2026-02-01,206.0
41.L1.6060.M6151,2026-03-01,349.0
41.L1.6060.M6152,2025-12-01,2800.0
41.L1.6060.M6152,2026-01-01,1524.0
41.L1.6060.M6152,2026-02-01,1346.0
41.L1.6060.M6152,2026-03-01,1252.0
41.L1.6060.M6153,2025-12-01,698.0
41.L1.6060.M6153,2026-01-01,408.0
41.L1.6060.M6153,2026-02-01,330.0
41.L1.6060.M6153,2026-03-01,299.0
41.L1.6060.M6154,2025-12-01,318.0
41.L1.6060.M6154,2026-01-01,191.0
41.L1.6060.M6154,2026-02-01,125.0
41.L1.6060.M6154,2026-03-01,120.0
41.L1.6060.M6155,2025-12-01,369.0
41.L1.6060.M6155,2026-01-01,75.0
41.L1.6060.M6155,2026-02-01,38.0
41.L1.6060.M6155,2026-03-01,64.0
41.L1.6060.M6156,2025-12-01,1384.0
41.L1.6060.M6156,2026-01-01,588.0
41.L1.6060.M6156,2026-02-01,540.0
41.L1.6060.M6156,2026-03-01,467.0
41.L1.6060.M6157,2025-12-01,906.0
41.L1.6060.M6157,2026-01-01,698.0
41.L1.6060.M6157,2026-02-01,749.0
41.L1.6060.M6157,2026-03-01,726.0
41.L1.6060.MS663001,2025-12-01,3933.0
41.L1.6060.MS663001,2026-01-01,2866.0
41.L1.6060.MS663001,2026-02-01,3053.0
41.L1.6060.MS663001,2026-03-01,2848.0
41.L1.6060.MS663002,2025-12-01,7803.0
41.L1.6060.MS663002,2026-01-01,5875.0
41.L1.6060.MS663002,2026-02-01,6023.0
41.L1.6060.MS663002,2026-03-01,5813.0
41.L1.6060.MS663003,2025-12-01,3208.0
41.L1.6060.MS663003,2026-01-01,2502.0
41.L1.6060.MS663003,2026-02-01,2480.0
41.L1.6060.MS663003,2026-03-01,2375.0
41.L1.6060.MS663004,2025-12-01,9238.0
41.L1.6060.MS663004,2026-01-01,8371.0
41.L1.6060.MS663004,2026-02-01,8601.0
41.L1.6060.MS663004,2026-03-01,8379.0
41.L1.6060.MS663005,2025-12-01,2393.0
41.L1.6060.MS663005,2026-01-01,2117.0
41.L1.6060.MS663005,2026-02-01,2232.0
41.L1.6060.MS663005,2026-03-01,2132.0
41.L1.6060.MT663001,2025-12-01,5907.0
41.L1.6060.MT663001,2026-01-01,8422.0
41.L1.6060.MT663001,2026-02-01,8562.0
41.L1.6060.MT663001,2026-03-01,8984.0
41.L1.6060.MT663002,2025-12-01,11199.0
41.L1.6060.MT663002,2026-01-01,12017.0
41.L1.6060.MT663002,2026-02-01,12418.0
41.L1.6060.MT663002,2026-03-01,12430.0
41.L1.6060.MT663003,2025-12-01,6514.0
41.L1.6060.MT663003,2026-01-01,4719.0
41.L1.6060.MT663003,2026-02-01,3054.0
41.L1.6060.MT663003,2026-03-01,6663.0
41.L1.6060.MT663004,2025-12-01,15100.0
41.L1.6060.MT663004,2026-01-01,11373.0
41.L1.6060.MT663004,2026-02-01,11396.0
41.L1.6060.MT663004,2026-03-01,12122.0
41.L1.6060.MT663005,2025-12-01,1805.0
41.L1.6060.MT663005,2026-01-01,2430.0
41.L1.6060.MT663005,2026-02-01,2454.0
41.L1.6060.MT663005,2026-03-01,2581.0
41.L1.6060.S6101,2025-12-01,282.0
41.L1.6060.S6101,2026-01-01,24.0
41.L1.6060.S6101,2026-02-01,12.0
41.L1.6060.S6101,2026-03-01,20.0
41.L1.6060.S6102,2025-12-01,591.0
41.L1.6060.S6102,2026-01-01,615.0
41.L1.6060.S6102,2026-02-01,642.0
41.L1.6060.S6102,2026-03-01,662.0
41.L1.6060.S6103,2025-12-01,304.0
41.L1.6060.S6103,2026-01-01,344.0
41.L1.6060.S6103,2026-02-01,341.0
41.L1.6060.S6103,2026-03-01,354.0
41.L1.6060.S6104,2025-12-01,775.0
41.L1.6060.S6104,2026-01-01,465.0
41.L1.6060.S6104,2026-02-01,452.0
41.L1.6060.S6104,2026-03-01,481.0
41.L1.6060.S6151,2025-12-01,773.0
41.L1.6060.S6151,2026-01-01,1037.0
41.L1.6060.S6151,2026-02-01,1128.0
41.L1.6060.S6151,2026-03-01,1162.0
41.L1.6060.S6152,2025-12-01,187.0
41.L1.6060.S6152,2026-01-01,171.0
41.L1.6060.S6152,2026-02-01,161.0
41.L1.6060.S6152,2026-03-01,154.0
41.L1.6060.S6154,2025-12-01,260.0
41.L1.6060.S6154,2026-01-01,0.0
41.L1.6060.S6154,2026-02-01,0.0
41.L1.6060.S6154,2026-03-01,0.0
41.L1.6060.S6155,2025-12-01,1198.0
41.L1.6060.S6155,2026-01-01,735.0
41.L1.6060.S6155,2026-02-01,476.0
41.L1.6060.S6155,2026-03-01,1038.0
41.L1.6060.S6156,2025-12-01,121.0
41.L1.6060.S6156,2026-01-01,60.0
41.L1.6060.S6156,2026-02-01,66.0
41.L1.6060.S6156,2026-03-01,55.0
41.L1.6060.S6157,2025-12-01,762.0
41.L1.6060.S6157,2026-01-01,720.0
41.L1.6060.S6157,2026-02-01,593.0
41.L1.6060.S6157,2026-03-01,616.0
41.L1.6060.U6101,2025-12-01,1150.0
41.L1.6060.U6101,2026-01-01,1363.0
41.L1.6060.U6101,2026-02-01,1454.0
41.L1.6060.U6101,2026-03-01,1481.0
41.L1.6060.U6102,2025-12-01,550.0
41.L1.6060.U6102,2026-01-01,863.0
41.L1.6060.U6102,2026-02-01,924.0
41.L1.6060.U6102,2026-03-01,966.0
41.L1.6060.U6103,2025-12-01,412.0
41.L1.6060.U6103,2026-01-01,243.0
41.L1.6060.U6103,2026-02-01,266.0
41.L1.6060.U6103,2026-03-01,264.0
41.L1.6060.U6104,2025-12-01,1700.0
41.L1.6060.U6104,2026-01-01,1072.0
41.L1.6060.U6104,2026-02-01,981.0
41.L1.6060.U6104,2026-03-01,815.0
41.L1.6060.U6105,2025-12-01,380.0
41.L1.6060.U6105,2026-01-01,25.0
41.L1.6060.U6105,2026-02-01,82.0
41.L1.6060.U6105,2026-03-01,261.0
41.L1.6060.U6151,2025-12-01,300.0
41.L1.6060.U6151,2026-01-01,254.0
41.L1.6060.U6151,2026-02-01,190.0
41.L1.6060.U6151,2026-03-01,186.0
41.L1.6060.U6152,2025-12-01,350.0
41.L1.6060.U6152,2026-01-01,53.0
41.L1.6060.U6152,2026-02-01,34.0
41.L1.6060.U6152,2026-03-01,105.0
41.L1.6060.U6153,2025-12-01,500.0
41.L1.6060.U6153,2026-01-01,0.0
41.L1.6060.U6153,2026-02-01,0.0
41.L1.6060.U6153,2026-03-01,0.0
41.L1.6060.U6154,2025-12-01,100.0
41.L1.6060.U6154,2026-01-01,32.0
41.L1.6060.U6154,2026-02-01,32.0
41.L1.6060.U6154,2026-03-01,26.0
41.L1.6060.U6155,2025-12-01,800.0
41.L1.6060.U6155,2026-01-01,818.0
41.L1.6060.U6155,2026-02-01,851.0
41.L1.6060.U6155,2026-03-01,830.0
41.L1.6060.U6156,2025-12-01,973.0
41.L1.6060.U6156,2026-01-01,772.0
41.L1.6060.U6156,2026-02-01,787.0
41.L1.6060.U6156,2026-03-01,769.0
41.L1.6060.U6157,2025-12-01,672.0
41.L1.6060.U6157,2026-01-01,904.0
41.L1.6060.U6157,2026-02-01,934.0
41.L1.6060.U6157,2026-03-01,983.0
41.L1.6060.U6158,2025-12-01,990.0
41.L1.6060.U6158,2026-01-01,571.0
41.L1.6060.U6158,2026-02-01,474.0
41.L1.6060.U6158,2026-03-01,424.0
41.L1.6060.UT663001,2025-12-01,17000.0
41.L1.6060.UT663001,2026-01-01,10536.0
41.L1.6060.UT663001,2026-02-01,6818.0
41.L1.6060.UT663001,2026-03-01,14875.0
41.L1.6060.UT663002,2025-12-01,9000.0
41.L1.6060.UT663002,2026-01-01,5861.0
41.L1.6060.UT663002,2026-02-01,6589.0
41.L1.6060.UT663002,2026-03-01,6609.0
41.L1.6060.UT663003,2025-12-01,2738.0
41.L1.6060.UT663003,2026-01-01,5314.0
41.L1.6060.UT663003,2026-02-01,4656.0
41.L1.6060.UT663003,2026-03-01,4776.0
41.L1.6060.UT663004,2025-12-01,13062.0
41.L1.6060.UT663004,2026-01-01,10576.0
41.L1.6060.UT663004,2026-02-01,6843.0
41.L1.6060.UT663004,2026-03-01,14930.0
41.L1.6060.UT663005,2025-12-01,1030.0
41.L1.6060.UT663005,2026-01-01,3245.0
41.L1.6060.UT663005,2026-02-01,3251.0
41.L1.6060.UT663005,2026-03-01,3321.0
41.L1.8080.MS883001,2025-12-01,1590.0
41.L1.8080.MS883001,2026-01-01,1500.0
41.L1.8080.MS883001,2026-02-01,1590.0
41.L1.8080.MS883001,2026-03-01,1512.0
41.L1.8080.MS883002,2025-12-01,3206.0
41.L1.8080.MS883002,2026-01-01,3861.0
41.L1.8080.MS883002,2026-02-01,3534.0
41.L1.8080.MS883002,2026-03-01,3547.0
41.L1.8080.MS883003,2025-12-01,635.0
41.L1.8080.MS883003,2026-01-01,545.0
41.L1.8080.MS883003,2026-02-01,560.0
41.L1.8080.MS883003,2026-03-01,528.0
41.L1.8080.MS883004,2025-12-01,1468.0
41.L1.8080.MS883004,2026-01-01,2443.0
41.L1.8080.MS883004,2026-02-01,1588.0
41.L1.8080.MS883004,2026-03-01,2687.0
41.L1.8080.MS883006,2025-12-01,706.0
41.L1.8080.MS883006,2026-01-01,1380.0
41.L1.8080.MS883006,2026-02-01,1169.0
41.L1.8080.MS883006,2026-03-01,1203.0
41.L1.8080.MT883001,2025-12-01,1877.0
41.L1.8080.MT883001,2026-01-01,3755.0
41.L1.8080.MT883001,2026-02-01,3630.0
41.L1.8080.MT883001,2026-03-01,3694.0
41.L1.8080.MT883002,2025-12-01,2826.0
41.L1.8080.MT883002,2026-01-01,5608.0
41.L1.8080.MT883002,2026-02-01,4806.0
41.L1.8080.MT883002,2026-03-01,4951.0
41.L1.8080.MT883003,2025-12-01,1098.0
41.L1.8080.MT883003,2026-01-01,1001.0
41.L1.8080.MT883003,2026-02-01,648.0
41.L1.8080.MT883003,2026-03-01,1413.0
41.L1.8080.MT883004,2025-12-01,3340.0
41.L1.8080.MT883004,2026-01-01,3071.0
41.L1.8080.MT883004,2026-02-01,1987.0
41.L1.8080.MT883004,2026-03-01,4336.0
41.L1.8080.MT883006,2025-12-01,1373.0
41.L1.8080.MT883006,2026-01-01,1928.0
41.L1.8080.MT883006,2026-02-01,2002.0
41.L1.8080.MT883006,2026-03-01,2076.0
41.L1.8080.UT883001,2025-12-01,2857.0
41.L1.8080.UT883001,2026-01-01,2680.0
41.L1.8080.UT883001,2026-02-01,1734.0
41.L1.8080.UT883001,2026-03-01,3784.0
41.L1.8080.UT883002,2025-12-01,1837.0
41.L1.8080.UT883002,2026-01-01,3593.0
41.L1.8080.UT883002,2026-02-01,3342.0
41.L1.8080.UT883002,2026-03-01,3410.0
41.L1.8080.UT883003,2025-12-01,1301.0
41.L1.8080.UT883003,2026-01-01,1808.0
41.L1.8080.UT883003,2026-02-01,1611.0
41.L1.8080.UT883003,2026-03-01,1636.0
41.L1.8080.UT883004,2025-12-01,2652.0
41.L1.8080.UT883004,2026-01-01,2157.0
41.L1.8080.UT883004,2026-02-01,1396.0
41.L1.8080.UT883004,2026-03-01,3046.0
41.L1.8080.UT883006,2025-12-01,737.0
41.L1.8080.UT883006,2026-01-01,875.0
41.L1.8080.UT883006,2026-02-01,566.0
41.L1.8080.UT883006,2026-03-01,1235.0
46.L1.4080.USC4804,2025-12-01,0.0
46.L1.4080.USC4804,2026-01-01,0.0
46.L1.4080.USC4804,2026-02-01,0.0
46.L1.4080.USC4804,2026-03-01,1.0
46.L1.4080.USC4806,2025-12-01,250.0
46.L1.4080.USC4806,2026-01-01,0.0
46.L1.4080.USC4806,2026-02-01,0.0
46.L1.4080.USC4806,2026-03-01,0.0
46.L1.4080.USC4806D,2025-12-01,0.0
46.L1.4080.USC4806D,2026-01-01,6.0
46.L1.4080.USC4806D,2026-02-01,7.0
46.L1.4080.USC4806D,2026-03-01,8.0
46.L1.4080.USC4806V,2025-12-01,12.0
46.L1.4080.USC4806V,2026-01-01,24.0
46.L1.4080.USC4806V,2026-02-01,22.0
46.L1.4080.USC4806V,2026-03-01,25.0
46.L1.4080.USC4808,2025-12-01,336.0
46.L1.4080.USC4808,2026-01-01,0.0
46.L1.4080.USC4808,2026-02-01,0.0
46.L1.4080.USC4808,2026-03-01,50.0
46.L1.4080.USC4808V,2025-12-01,0.0
46.L1.4080.USC4808V,2026-01-01,2.0
46.L1.4080.USC4808V,2026-02-01,2.0
46.L1.4080.USC4808V,2026-03-01,2.0
46.L1.4080.USC4809,2025-12-01,400.0
46.L1.4080.USC4809,2026-01-01,153.0
46.L1.4080.USC4809,2026-02-01,107.0
46.L1.4080.USC4809,2026-03-01,99.0
46.L1.4080.USC4809D,2025-12-01,4.0
46.L1.4080.USC4809D,2026-01-01,2.0
46.L1.4080.USC4809D,2026-02-01,3.0
46.L1.4080.USC4809D,2026-03-01,2.0
47.L1.3060.FP936601,2025-12-01,2948.0
47.L1.3060.FP936601,2026-01-01,176.0
47.L1.3060.FP936601,2026-02-01,89.0
47.L1.3060.FP936601,2026-03-01,194.0
47.L1.3060.FP936601D,2025-12-01,53.0
47.L1.3060.FP936601D,2026-01-01,33.0
47.L1.3060.FP936601D,2026-02-01,30.0
47.L1.3060.FP936601D,2026-03-01,26.0
47.L1.3060.FP936601V,2025-12-01,200.0
47.L1.3060.FP936601V,2026-01-01,116.0
47.L1.3060.FP936601V,2026-02-01,128.0
47.L1.3060.FP936601V,2026-03-01,99.0
47.L1.3060.FP936604,2025-12-01,183.0
47.L1.3060.FP936604,2026-01-01,0.0
47.L1.3060.FP936604,2026-02-01,0.0
47.L1.3060.FP936604,2026-03-01,40.0
47.L1.3060.FP936604D,2025-12-01,0.0
47.L1.3060.FP936604D,2026-01-01,36.0
47.L1.3060.FP936604D,2026-02-01,39.0
47.L1.3060.FP936604D,2026-03-01,44.0
47.L1.3060.FP936605,2025-12-01,178.0
47.L1.3060.FP936605,2026-01-01,115.0
47.L1.3060.FP936605,2026-02-01,75.0
47.L1.3060.FP936605,2026-03-01,204.0
47.L1.3060.FP936606,2025-12-01,482.0
47.L1.3060.FP936606,2026-01-01,0.0
47.L1.3060.FP936606,2026-02-01,0.0
47.L1.3060.FP936606,2026-03-01,770.0
47.L1.3060.FP936606D,2025-12-01,515.0
47.L1.3060.FP936606D,2026-01-01,41.0
47.L1.3060.FP936606D,2026-02-01,27.0
47.L1.3060.FP936606D,2026-03-01,58.0
47.L1.3060.FP936607,2025-12-01,1391.0
47.L1.3060.FP936607,2026-01-01,0.0
47.L1.3060.FP936607,2026-02-01,0.0
47.L1.3060.FP936607,2026-03-01,527.0
47.L1.3060.FP936608,2025-12-01,258.0
47.L1.3060.FP936608,2026-01-01,352.0
47.L1.3060.FP936608,2026-02-01,377.0
47.L1.3060.FP936608,2026-03-01,374.0
47.L1.3060.FP936608V,2025-12-01,8.0
47.L1.3060.FP936608V,2026-01-01,45.0
47.L1.3060.FP936608V,2026-02-01,50.0
47.L1.3060.FP936608V,2026-03-01,54.0
47.L1.3060.FP936610,2025-12-01,521.0
47.L1.3060.FP936610,2026-01-01,326.0
47.L1.3060.FP936610,2026-02-01,337.0
47.L1.3060.FP936610,2026-03-01,313.0
47.L1.3060.FP936610D,2025-12-01,0.0
47.L1.3060.FP936610D,2026-01-01,4.0
47.L1.3060.FP936610D,2026-02-01,4.0
47.L1.3060.FP936610D,2026-03-01,5.0
47.L1.3060.FP936611,2025-12-01,511.0
47.L1.3060.FP936611,2026-01-01,214.0
47.L1.3060.FP936611,2026-02-01,138.0
47.L1.3060.FP936611,2026-03-01,302.0
47.L1.3060.FP936612,2025-12-01,38.0
47.L1.3060.FP936612,2026-01-01,189.0
47.L1.3060.FP936612,2026-02-01,94.0
47.L1.3060.FP936612,2026-03-01,161.0
47.L1.3060.FP936612D,2025-12-01,2.0
47.L1.3060.FP936612D,2026-01-01,3.0
47.L1.3060.FP936612D,2026-02-01,4.0
47.L1.3060.FP936612D,2026-03-01,4.0
47.L1.4080.FP948601D,2025-12-01,52.0
47.L1.4080.FP948601D,2026-01-01,31.0
47.L1.4080.FP948601D,2026-02-01,36.0
47.L1.4080.FP948601D,2026-03-01,27.0
47.L1.4080.FP948602,2025-12-01,355.0
47.L1.4080.FP948602,2026-01-01,0.0
47.L1.4080.FP948602,2026-02-01,0.0
47.L1.4080.FP948602,2026-03-01,0.0
47.L1.4080.FP948602V,2025-12-01,66.0
47.L1.4080.FP948602V,2026-01-01,46.0
47.L1.4080.FP948602V,2026-02-01,36.0
47.L1.4080.FP948602V,2026-03-01,35.0
47.L1.4080.FP948603,2025-12-01,64.0
47.L1.4080.FP948603,2026-01-01,0.0
47.L1.4080.FP948603,2026-02-01,0.0
47.L1.4080.FP948603,2026-03-01,15.0
47.L1.4080.FP948603D,2025-12-01,62.0
47.L1.4080.FP948603D,2026-01-01,0.0
47.L1.4080.FP948603D,2026-02-01,0.0
47.L1.4080.FP948603D,2026-03-01,0.0
47.L1.4080.FP948603V,2025-12-01,116.0
47.L1.4080.FP948603V,2026-01-01,0.0
47.L1.4080.FP948603V,2026-02-01,0.0
47.L1.4080.FP948603V,2026-03-01,0.0
47.L1.4080.FP948604,2025-12-01,124.0
47.L1.4080.FP948604,2026-01-01,0.0
47.L1.4080.FP948604,2026-02-01,0.0
47.L1.4080.FP948604,2026-03-01,0.0
47.L1.4080.FP948604D,2025-12-01,9.0
47.L1.4080.FP948604D,2026-01-01,0.0
47.L1.4080.FP948604D,2026-02-01,0.0
47.L1.4080.FP948604D,2026-03-01,0.0
47.L1.4080.FP948604V,2025-12-01,0.0
47.L1.4080.FP948604V,2026-01-01,1.0
47.L1.4080.FP948604V,2026-02-01,1.0
47.L1.4080.FP948604V,2026-03-01,1.0
47.L1.6060.AFP96600,2025-12-01,588.0
47.L1.6060.AFP96600,2026-01-01,608.0
47.L1.6060.AFP96600,2026-02-01,599.0
47.L1.6060.AFP96600,2026-03-01,582.0
47.L1.6060.AFP96604,2025-12-01,172.0
47.L1.6060.AFP96604,2026-01-01,157.0
47.L1.6060.AFP96604,2026-02-01,158.0
47.L1.6060.AFP96604,2026-03-01,168.0
47.L1.6060.AFP96607,2025-12-01,0.0
47.L1.6060.AFP96607,2026-01-01,110.0
47.L1.6060.AFP96607,2026-02-01,121.0
47.L1.6060.AFP96607,2026-03-01,137.0
47.L1.6060.AFP966602,2025-12-01,428.0
47.L1.6060.AFP966602,2026-01-01,240.0
47.L1.6060.AFP966602,2026-02-01,155.0
47.L1.6060.AFP966602,2026-03-01,339.0
47.L1.6060.AFP966605,2025-12-01,125.0
47.L1.6060.AFP966605,2026-01-01,104.0
47.L1.6060.AFP966605,2026-02-01,112.0
47.L1.6060.AFP966605,2026-03-01,100.0
47.L1.6060.AFP96666,2025-12-01,856.0
47.L1.6060.AFP96666,2026-01-01,729.0
47.L1.6060.AFP96666,2026-02-01,736.0
47.L1.6060.AFP96666,2026-03-01,736.0
47.L1.6060.AFPH966001,2025-12-01,252.0
47.L1.6060.AFPH966001,2026-01-01,199.0
47.L1.6060.AFPH966001,2026-02-01,229.0
47.L1.6060.AFPH966001,2026-03-01,193.0
47.L1.6060.AFPU966005,2025-12-01,52.0
47.L1.6060.AFPU966005,2026-01-01,981.0
47.L1.6060.AFPU966005,2026-02-01,722.0
47.L1.6060.AFPU966005,2026-03-01,769.0
47.L1.6060.AFPU966009,2025-12-01,824.0
47.L1.6060.AFPU966009,2026-01-01,1200.0
47.L1.6060.AFPU966009,2026-02-01,1269.0
47.L1.6060.AFPU966009,2026-03-01,1277.0
47.L1.6060.FP96600,2025-12-01,591.0
47.L1.6060.FP96600,2026-01-01,391.0
47.L1.6060.FP96600,2026-02-01,368.0
47.L1.6060.FP96600,2026-03-01,326.0
47.L1.6060.FP966605,2025-12-01,92.0
47.L1.6060.FP966605,2026-01-01,56.0
47.L1.6060.FP966605,2026-02-01,63.0
47.L1.6060.FP966605,2026-03-01,48.0
47.L1.6060.FPU6666,2025-12-01,54.0
47.L1.6060.FPU6666,2026-01-01,26.0
47.L1.6060.FPU6666,2026-02-01,15.0
47.L1.6060.FPU6666,2026-03-01,16.0
47.L1.6060.FPU966002,2025-12-01,643.0
47.L1.6060.FPU966002,2026-01-01,0.0
47.L1.6060.FPU966002,2026-02-01,0.0
47.L1.6060.FPU966002,2026-03-01,0.0
47.L1.6060.FPU966003,2025-12-01,587.0
47.L1.6060.FPU966003,2026-01-01,0.0
47.L1.6060.FPU966003,2026-02-01,0.0
47.L1.6060.FPU966003,2026-03-01,27.0
47.L1.6060.FPU966009,2025-12-01,85.0
47.L1.6060.FPU966009,2026-01-01,70.0
47.L1.6060.FPU966009,2026-02-01,68.0
47.L1.6060.FPU966009,2026-03-01,65.0
47.L1.6060.MECO633,2025-12-01,161.0
47.L1.6060.MECO633,2026-01-01,132.0
47.L1.6060.MECO633,2026-02-01,85.0
47.L1.6060.MECO633,2026-03-01,186.0
47.L1.8080.FP18600,2025-12-01,553.0
47.L1.8080.FP18600,2026-01-01,1334.0
47.L1.8080.FP18600,2026-02-01,1411.0
47.L1.8080.FP18600,2026-03-01,1512.0
47.L1.8080.FP18666,2025-12-01,720.0
47.L1.8080.FP18666,2026-01-01,524.0
47.L1.8080.FP18666,2026-02-01,339.0
47.L1.8080.FP18666,2026-03-01,740.0
47.L1.8080.FPU188011,2025-12-01,370.0
47.L1.8080.FPU188011,2026-01-01,237.0
47.L1.8080.FPU188011,2026-02-01,143.0
47.L1.8080.FPU188011,2026-03-01,143.0
47.L1.8080.FPU188013,2025-12-01,156.0
47.L1.8080.FPU188013,2026-01-01,9.0
47.L1.8080.FPU188013,2026-02-01,6.0
47.L1.8080.FPU188013,2026-03-01,13.0
47.L1.8080.FPU188033,2025-12-01,171.0
47.L1.8080.FPU188033,2026-01-01,361.0
47.L1.8080.FPU188033,2026-02-01,276.0
47.L1.8080.FPU188033,2026-03-01,294.0
47.L1.8080.FPU188035,2025-12-01,175.0
47.L1.8080.FPU188035,2026-01-01,4.0
47.L1.8080.FPU188035,2026-02-01,5.0
47.L1.8080.FPU188035,2026-03-01,4.0
47.L1.8080.FPU8003,2025-12-01,750.0
47.L1.8080.FPU8003,2026-01-01,1040.0
47.L1.8080.FPU8003,2026-02-01,1024.0
47.L1.8080.FPU8003,2026-03-01,1111.0
47.L1.8080.FPU8017,2025-12-01,430.0
47.L1.8080.FPU8017,2026-01-01,469.0
47.L1.8080.FPU8017,2026-02-01,459.0
47.L1.8080.FPU8017,2026-03-01,470.0
47.L2.8080.CTN8002DB,2025-12-01,23.0
47.L2.8080.CTN8002DB,2026-01-01,102.0
47.L2.8080.CTN8002DB,2026-02-01,84.0
47.L2.8080.CTN8002DB,2026-03-01,88.0
