fsku,actual_t10,wma_t10,ma3_t10,acc_wma_t10,acc_ma3_t10,actual_t11,wma_t11,ma3_t11,acc_wma_t11,acc_ma3_t11,actual_t12,final_t12,ma3_t12,acc_final_t12,acc_ma3_t12,actual_t1,final_t1,ma3_t1,acc_final_t1,acc_ma3_t1,final_t2,final_t3,actual_t1_num
03.L1.3060.68414,0.0,133.0,133.0,,,0.0,133.0,133.0,,,0,0,0.0,,,0,0,0.0,,,0,0,0
03.L1.3060.68416,0.0,0.0,0.0,,,0.0,0.0,0.0,,,0,0,0.0,,,0,0,0.0,,,0,0,0
03.L1.6060.8000,45.0,17.0,17.0,38.51851851851852,38.51851851851852,0.0,32.0,32.0,,,53,39,21.0,73.58490566037736,40.25157232704403,62,36,33.0,58.06451612903225,52.68817204301075,34,38,62
05.L1.3060.KAG36900,2442.0,3405.0,3405.0,60.55146055146054,60.55146055146054,1555.0,2512.0,2512.0,38.456591639871384,38.456591639871384,4867,1838,1879.0,37.76453667557017,38.60694472981303,6514,3388,2955.0,52.01105311636476,45.35871456350424,3465,3722,6514
05.L1.3060.KAG36900D,60.0,16.0,16.0,27.222222222222214,27.222222222222214,192.0,34.0,34.0,17.53472222222222,17.53472222222222,300,117,89.0,39.0,29.77777777777777,443,443,184.0,100.0,41.534988713318285,375,388,443
05.L1.3060.KAG36900V,41.0,316.0,316.0,0.0,0.0,336.0,268.0,268.0,79.76190476190477,79.76190476190477,178,209,174.0,82.58426966292134,97.56554307116104,411,198,185.0,48.17518248175182,45.01216545012166,220,205,411
05.L1.3060.KAG36901,3900.0,2916.0,2916.0,74.77777777777779,74.77777777777779,1204.0,3449.0,3449.0,0.0,0.0,2537,2518,2945.0,99.25108395743003,83.93115227959534,3708,2410,2547.0,64.99460625674219,68.68932038834951,2207,2334,3708
05.L1.3060.KAG36901D,37.0,73.0,73.0,1.8018018018018167,1.8018018018018167,5.0,40.0,40.0,0.0,0.0,104,28,37.0,26.923076923076927,35.897435897435905,264,264,49.0,100.0,18.434343434343425,190,204,264
05.L1.3060.KAG36901V,362.0,201.0,201.0,55.432780847145494,55.432780847145494,222.0,257.0,257.0,84.0840840840841,84.0840840840841,278,275,287.0,98.92086330935251,96.76258992805755,363,278,287.0,76.5840220385675,79.15518824609732,267,272,363
05.L1.3060.KAG36902,1247.0,1313.0,1313.0,94.6805666933975,94.6805666933975,607.0,1389.0,1389.0,0.0,0.0,1439,908,1001.0,63.09937456567061,69.58536020384527,1246,1151,1098.0,92.37560192616372,88.0952380952381,1129,1198,1246
05.L1.3060.KAG36902D,163.0,82.0,82.0,50.10224948875256,50.10224948875256,106.0,121.0,121.0,85.84905660377359,85.84905660377359,36,128,134.0,0.0,0.0,139,82,102.0,58.992805755395686,73.14148681055157,73,68,139
05.L1.3060.KAG36903,782.0,865.0,865.0,89.42881500426259,89.42881500426259,592.0,839.0,839.0,58.220720720720706,58.220720720720706,901,709,756.0,78.69034406215316,83.86977432482426,1313,784,758.0,59.71058644325971,57.755775577557756,781,806,1313
05.L1.3060.KAG36904,4294.0,1655.0,1655.0,38.54991460953268,38.54991460953268,1426.0,2840.0,2840.0,0.8415147265077194,0.8415147265077194,2283,2349,2486.0,97.10906701708278,91.12279164841584,1720,2428,2668.0,58.83720930232559,44.903100775193806,2184,2277,1720
05.L1.3060.KAG36904D,618.0,161.0,161.0,25.997842502696866,25.997842502696866,162.0,334.0,334.0,0.0,0.0,230,297,310.0,70.86956521739131,65.07246376811595,337,287,337.0,85.16320474777447,99.90108803165182,245,255,337
05.L1.3060.KAG36905,1458.0,1088.0,1088.0,74.62277091906722,74.62277091906722,2602.0,1241.0,1241.0,47.706892134255696,47.706892134255696,1905,1856,1550.0,97.42782152230971,81.36482939632546,1407,2025,1988.0,56.07675906183369,58.68277659322436,2104,2040,1407
05.L1.3060.KAG36906,2560.0,1288.0,1288.0,50.32552083333333,50.32552083333333,2249.0,1395.0,1395.0,62.02756780791463,62.02756780791463,5112,2089,1931.0,40.86463223787168,37.773865414710485,2543,3743,3307.0,52.81163979551711,69.95674400314589,3855,4073,2543
05.L1.3060.KAG36906D,318.0,201.0,201.0,63.102725366876314,63.102725366876314,301.0,192.0,192.0,63.67663344407531,63.67663344407531,464,276,257.0,59.48275862068966,55.45977011494252,221,386,361.0,25.339366515837103,36.651583710407245,392,405,221
05.L1.3060.KAG36907,1548.0,659.0,659.0,42.549526270456504,42.549526270456504,457.0,888.0,888.0,5.616338439095547,5.616338439095547,1795,769,796.0,42.84122562674094,44.326833797585884,2034,1344,1267.0,66.07669616519173,62.27466404457556,1302,1413,2034
05.L1.3060.USG36000,23685.0,19344.0,19344.0,81.67194426852437,81.67194426852437,23088.0,20079.0,20079.0,86.96725571725572,86.96725571725572,21410,21485,20316.0,99.64969640354975,94.89179511131869,10710,22368,22728.0,0.0,0.0,22225,22105,10710
05.L1.3060.USG36000AD,187.0,87.0,87.0,46.34581105169341,46.34581105169341,188.0,124.0,124.0,65.78014184397163,65.78014184397163,504,165,149.0,32.738095238095234,29.62962962962964,110,346,293.0,0.0,0.0,362,386,110
05.L1.3060.USG36000AV,813.0,484.0,484.0,59.53259532595325,59.53259532595325,995.0,472.0,472.0,47.47068676716917,47.47068676716917,1065,766,643.0,71.92488262910798,60.375586854460096,301,994,958.0,0.0,0.0,1016,1019,301
05.L1.3060.USG36000BD,226.0,172.0,172.0,75.95870206489676,75.95870206489676,210.0,131.0,131.0,62.22222222222222,62.22222222222222,398,188,171.0,47.23618090452262,42.88107202680067,42,307,278.0,0.0,0.0,315,329,42
05.L1.3060.USG36000BV,590.0,701.0,701.0,81.12994350282486,81.12994350282486,663.0,681.0,681.0,97.2347913524384,97.2347913524384,1363,645,645.0,47.322083639031554,47.322083639031554,936,998,872.0,93.37606837606837,93.16239316239316,1040,1092,936
05.L1.3060.USG36001,4233.0,381.0,381.0,9.000708717221828,9.000708717221828,4382.0,1792.0,1792.0,40.894568690095845,40.894568690095845,4331,3944,3100.0,91.06441930270147,71.58469945355192,4387,3668,4315.0,83.61066788237976,98.3663855330142,2373,5178,4387
05.L1.3060.USG36001D,6.0,12.0,12.0,0.0,0.0,97.0,14.0,14.0,14.432989690721653,14.432989690721653,272,60,34.0,22.058823529411764,12.622549019607842,26,166,125.0,0.0,0.0,184,196,26
05.L1.3060.USG36001V,674.0,38.0,38.0,5.637982195845693,5.637982195845693,1067.0,263.0,263.0,24.617307091533903,24.617307091533903,542,847,596.0,43.72693726937269,89.97539975399754,260,726,761.0,0.0,0.0,739,696,260
05.L1.3060.USG36002,761.0,228.0,228.0,29.960578186596585,29.960578186596585,2989.0,482.0,482.0,16.11464257834281,16.11464257834281,2102,2056,1364.0,97.8116079923882,64.89058039961941,1871,2100,1951.0,87.7605558524853,95.74202743630856,2278,2189,1871
05.L1.3060.USG36002D,92.0,0.0,0.0,0.0,0.0,100.0,31.0,31.0,30.666666666666675,30.666666666666675,140,90,64.0,64.28571428571428,45.714285714285715,155,155,111.0,100.0,71.3978494623656,145,148,155
05.L1.3060.USG36002V,47.0,28.0,28.0,58.865248226950364,58.865248226950364,30.0,43.0,43.0,55.55555555555555,55.55555555555555,324,37,42.0,11.419753086419748,12.860082304526754,335,335,134.0,100.0,39.9004975124378,301,314,335
05.L1.3060.USG36003,1190.0,378.0,378.0,31.79271708683473,31.79271708683473,8422.0,775.0,775.0,9.202089764901444,9.202089764901444,1449,5492,3476.0,0.0,0.0,3029,3489,3687.0,84.81346979201057,78.27665896335424,3864,3268,3029
05.L1.3060.USG36003D,197.0,26.0,26.0,13.367174280879867,13.367174280879867,191.0,92.0,92.0,48.167539267015705,48.167539267015705,221,176,136.0,79.63800904977376,61.38763197586727,187,207,203.0,89.3048128342246,91.44385026737967,208,210,187
05.L1.3060.USG36004,1449.0,590.0,590.0,40.717736369910284,40.717736369910284,3579.0,1073.0,1073.0,29.98044146409612,29.98044146409612,1313,2641,1872.0,0.0,57.451129728357444,1215,2020,2114.0,33.744855967078195,26.03566529492457,2120,1929,1215
05.L1.3060.USG36005,2166.0,1107.0,1107.0,51.12342259156664,51.12342259156664,2700.0,1829.0,1829.0,67.75308641975309,67.75308641975309,3979,2524,2471.0,63.43302337270671,62.0926530954176,3074,3233,2948.0,94.82758620689656,95.9119496855346,3350,3441,3074
05.L1.3060.USG36005D,37.0,12.0,12.0,31.53153153153152,31.53153153153152,145.0,24.0,24.0,16.551724137931036,16.551724137931036,134,130,69.0,97.01492537313433,51.243781094527364,188,188,105.0,100.0,56.02836879432624,168,170,188
05.L1.3060.USG36006,1745.0,346.0,346.0,19.847182425978982,19.847182425978982,9391.0,928.0,928.0,9.881801725055904,9.881801725055904,1607,6218,3911.0,0.0,0.0,1545,3970,4248.0,0.0,0.0,4345,3685,1545
05.L1.3060.USG36007,2611.0,537.0,537.0,20.566832631175792,20.566832631175792,1984.0,1407.0,1407.0,70.93413978494623,70.93413978494623,2713,2350,1838.0,86.61997788426096,67.76016709669493,976,2071,2436.0,0.0,0.0,1340,2923,976
05.L1.3060.USG36007D,366.0,119.0,119.0,32.513661202185794,32.513661202185794,162.0,241.0,241.0,51.23456790123457,51.23456790123457,134,214,248.0,40.29850746268657,14.925373134328357,114,188,221.0,35.08771929824561,6.432748538011701,121,265,114
05.L1.3060.USG36008,979.0,728.0,728.0,74.39564181137214,74.39564181137214,1870.0,1055.0,1055.0,56.39928698752228,56.39928698752228,3156,1683,1248.0,53.326996197718636,39.533164343050274,1427,1701,2002.0,80.79887876664331,59.72903527213267,1101,2402,1427
05.L1.3060.USG36009,2917.0,326.0,326.0,11.164438349902861,11.164438349902861,1882.0,1298.0,1298.0,68.96918172157281,68.96918172157281,3218,2625,1836.0,81.57240522063394,57.064429252123475,2802,2271,2672.0,81.04925053533191,95.37235308113253,1470,3207,2802
05.L1.3060.USG36009D,578.0,38.0,38.0,6.57439446366782,6.57439446366782,246.0,231.0,231.0,93.76693766937669,93.76693766937669,136,332,313.0,0.0,0.0,561,561,320.0,100.0,57.04099821746881,365,617,561
05.L1.3060.USG36010,2248.0,163.0,163.0,7.236061684460249,7.236061684460249,1623.0,912.0,912.0,56.19223659889094,56.19223659889094,3357,2023,1407.0,60.26213881441764,41.902492304637086,1904,2048,2409.0,92.43697478991596,73.4593837535014,1325,2891,1904
05.L1.6060.686001,1159.0,2299.0,2299.0,1.66810468794939,1.66810468794939,551.0,1884.0,1884.0,0.0,0.0,501,750,1215.0,50.29940119760479,0.0,1190,648,737.0,54.45378151260505,61.9327731092437,584,587,1190
05.L1.6060.686002,568.0,1088.0,1088.0,8.50938967136149,8.50938967136149,140.0,879.0,879.0,0.0,0.0,658,494,658.0,75.07598784194529,99.94934143870313,1835,485,455.0,26.430517711171664,24.813805631244325,468,511,1835
05.L1.6060.686003,2392.0,3489.0,3489.0,54.13879598662208,54.13879598662208,2168.0,2437.0,2437.0,87.59225092250922,87.59225092250922,2522,2157,2112.0,85.52735923869945,83.756278086175,2152,2390,2361.0,88.94052044609666,90.30359355638167,2385,2414,2152
05.L1.6060.686004,995.0,3945.0,3945.0,0.0,0.0,2763.0,2313.0,2313.0,83.71335504885994,83.71335504885994,3415,2271,2237.0,66.50073206442167,65.50512445095168,3272,2735,2391.0,83.58801955990221,73.07457212713938,2945,2976,3272
05.L1.6060.686005,1395.0,3213.0,3213.0,0.0,0.0,1647.0,2251.0,2251.0,63.30702286986439,63.30702286986439,1149,1300,1447.0,86.85813751087903,74.03539309544533,3941,1348,1397.0,34.204516620147174,35.44785587414362,1348,1308,3941
05.L1.6060.686006,2556.0,2890.0,2890.0,86.93270735524257,86.93270735524257,858.0,2822.0,2822.0,0.0,0.0,1382,1686,1956.0,78.0028943560058,58.49011095031356,605,1460,1599.0,0.0,0.0,1316,1372,605
05.L1.6060.686007,1173.0,3407.0,3407.0,0.0,0.0,1608.0,1392.0,1392.0,86.56716417910448,86.56716417910448,1757,1433,1388.0,81.55947638019352,79.01726427622842,1422,1596,1513.0,87.76371308016877,93.62400375058603,1647,1654,1422
05.L1.6060.IP6001,0.0,4584.0,4584.0,,,3072.0,2907.0,2907.0,94.61805555555554,94.61805555555554,0,2800,3254.0,,,0,0,1024.0,,,0,0,0
05.L1.6060.IP6002,2038.0,2800.0,2800.0,62.61040235525024,62.61040235525024,210.0,2531.0,2531.0,0.0,0.0,362,1821,2591.0,0.0,0.0,241,241,870.0,100.0,0.0,166,532,241
05.L1.6060.IP6003,655.0,208.0,208.0,31.806615776081426,31.806615776081426,197.0,427.0,427.0,0.0,0.0,0,320,326.0,,,0,0,284.0,,,0,0,0
05.L1.6060.IP6004,1.0,474.0,474.0,0.0,0.0,0.0,300.0,300.0,,,156,112,187.0,71.7948717948718,80.12820512820514,162,78,52.0,48.14814814814815,32.3045267489712,86,98,162
05.L1.6060.IP6005,32.0,898.0,898.0,0.0,0.0,107.0,837.0,837.0,0.0,0.0,712,321,476.0,45.08426966292135,66.80711610486891,279,394,284.0,58.78136200716846,98.32735961768219,432,477,279
05.L1.6060.IP6006,453.0,2125.0,2125.0,0.0,0.0,278.0,1448.0,1448.0,0.0,0.0,24,300,738.0,0.0,0.0,37,37,252.0,100.0,0.0,17,76,37
05.L1.6060.IP6007,712.0,1710.0,1710.0,0.0,0.0,1802.0,347.0,347.0,19.25638179800222,19.25638179800222,188,1118,843.0,0.0,0.0,6,6,901.0,100.0,0.0,53,116,6
05.L1.6060.USG66001,4572.0,5586.0,5586.0,77.82881306503353,77.82881306503353,4626.0,4984.0,4984.0,92.25392707882982,92.25392707882982,7444,4741,4827.0,63.68887694787748,64.84416980118216,4646,6024,5547.0,70.34007748600948,80.59979911034583,6170,6381,4646
05.L1.6060.USG66002,1812.0,3161.0,3161.0,25.570272259013993,25.570272259013993,3185.0,2311.0,2311.0,72.56933542647829,72.56933542647829,2405,2548,2352.0,94.05405405405405,97.81011781011782,662,2520,2467.0,0.0,0.0,2618,2546,662
05.L1.6060.USG66003,675.0,3917.0,3917.0,0.0,0.0,2067.0,2157.0,2157.0,95.62973713917108,95.62973713917108,1692,1750,1771.0,96.57210401891253,95.31126871552405,3535,1601,1478.0,45.28995756718529,41.81046676096181,1722,1680,3535
05.L1.6060.USG66004,2866.0,3968.0,3968.0,61.53756687601768,61.53756687601768,2995.0,3186.0,3186.0,93.63383416805789,93.63383416805789,4441,2808,2705.0,63.229002476919604,60.9021992043834,3657,3692,3434.0,99.04293136450643,93.90210555099809,3777,3884,3657
05.L1.6060.USG66005,1373.0,2258.0,2258.0,35.542607428987615,35.542607428987615,594.0,2020.0,2020.0,0.0,0.0,2656,1352,1727.0,50.903614457831324,65.02259036144578,3633,1781,1541.0,49.022846132672726,42.4167354803193,1806,1968,3633
05.L1.6060.USG66006,2286.0,3757.0,3757.0,35.651793525809275,35.651793525809275,1953.0,3466.0,3466.0,22.512374125277347,22.512374125277347,3398,2031,2027.0,59.77045320776928,59.66254659603688,3662,2742,2546.0,74.8771163298744,69.51574731476424,2781,2893,3662
05.L1.6060.USG66007,1590.0,3941.0,3941.0,0.0,0.0,1369.0,2573.0,2573.0,12.028244460676884,12.028244460676884,6615,2912,1916.0,44.02116402116402,28.95943562610229,3873,1258,3191.0,32.481280660986315,82.3995180308116,814,1775,3873
05.L1.6060.USG66008,5780.0,4734.0,4734.0,81.90311418685121,81.90311418685121,3958.0,4208.0,4208.0,93.68367862556846,93.68367862556846,4021,4055,3816.0,99.15443919423029,94.9100555417392,793,793,4586.0,100.0,0.0,515,2010,793
05.L1.8080.688001,938.0,816.0,816.0,86.99360341151386,86.99360341151386,1482.0,842.0,842.0,56.792622582096264,56.792622582096264,45,900,964.0,0.0,0.0,182,655,822.0,0.0,0.0,637,524,182
05.L1.8080.688002,189.0,441.0,441.0,0.0,0.0,554.0,303.0,303.0,54.75330926594464,54.75330926594464,852,380,324.0,44.60093896713615,38.02816901408451,214,630,532.0,0.0,0.0,681,700,214
05.L1.8080.688003,1547.0,1885.0,1885.0,78.12971342383108,78.12971342383108,2083.0,2013.0,2013.0,96.65546487437989,96.65546487437989,1899,1792,1688.0,94.36545550289625,88.87133579076706,913,1884,1843.0,0.0,0.0,1928,1909,913
05.L1.8080.688004,578.0,751.0,751.0,70.12687427912341,70.12687427912341,234.0,579.0,579.0,0.0,0.0,362,343,358.0,94.7513812154696,98.89502762430939,836,367,391.0,43.89952153110048,46.81020733652312,339,352,836
05.L1.8080.688005,638.0,958.0,958.0,49.84326018808778,49.84326018808778,886.0,724.0,724.0,81.75319789315274,81.75319789315274,270,894,778.0,0.0,0.0,1163,528,598.0,45.399828030954424,51.41874462596733,522,473,1163
05.L1.8080.688006,44.0,914.0,914.0,0.0,0.0,335.0,154.0,154.0,45.87064676616915,45.87064676616915,725,241,226.0,33.24137931034483,31.218390804597707,361,472,368.0,69.25207756232687,98.06094182825484,520,547,361
05.L1.8080.688007,1131.0,1183.0,1183.0,95.43177129384026,95.43177129384026,182.0,1093.0,1093.0,0.0,0.0,1300,627,766.0,48.23076923076923,58.92307692307692,716,931,871.0,69.97206703910615,78.35195530726257,892,985,716
05.L1.8080.IP8001,1080.0,3400.0,3400.0,0.0,0.0,2754.0,2505.0,2505.0,90.95860566448802,90.95860566448802,196,2500,2367.0,0.0,0.0,6,6,1343.0,100.0,0.0,56,252,6
05.L1.8080.IP8002,388.0,709.0,709.0,17.268041237113408,17.268041237113408,0.0,525.0,525.0,,,0,311,453.0,,,0,0,129.0,,,0,0,0
05.L1.8080.IP8003,0.0,104.0,104.0,,,0.0,0.0,0.0,,,200,0,0.0,0.0,0.0,521,521,67.0,100.0,12.795905310300704,373,400,521
05.L1.8080.IP8004,0.0,255.0,255.0,,,12.0,128.0,128.0,0.0,0.0,435,52,80.0,11.954022988505752,18.467432950191565,65,221,149.0,0.0,0.0,243,275,65
05.L1.8080.IP8005,22.0,259.0,259.0,0.0,0.0,0.0,194.0,194.0,,,44,218,190.0,0.0,0.0,57,26,22.0,45.614035087719294,38.59649122807017,26,30,57
05.L1.8080.IP8006,24.0,232.0,232.0,0.0,0.0,16.0,123.0,123.0,0.0,0.0,0,84,128.0,,,22,10,13.0,45.45454545454546,60.60606060606061,8,7,22
05.L1.8080.IP8007,0.0,878.0,878.0,,,0.0,625.0,625.0,,,556,0,558.0,0.0,99.64028776978418,0,0,185.0,,,56,195,0
05.L1.8080.IP8008,5.0,288.0,288.0,0.0,0.0,0.0,65.0,65.0,,,0,189,2.0,,,55,0,2.0,0.0,3.0303030303030276,0,0,55
05.L1.8080.USG88001,1234.0,2786.0,2786.0,0.0,0.0,1695.0,1867.0,1867.0,89.85250737463126,89.85250737463126,2252,1400,1281.0,62.16696269982238,56.86796921255181,1944,1881,1727.0,96.75925925925925,88.83744855967079,1955,1992,1944
05.L1.8080.USG88002,1652.0,1151.0,1151.0,69.69330104923324,69.69330104923324,997.0,1347.0,1347.0,64.92811768639251,64.92811768639251,2074,1316,1420.0,63.45226615236259,68.48280295724847,961,1666,1574.0,26.638917793964623,36.1775927852931,1655,1742,961
05.L1.8080.USG88003,892.0,1323.0,1323.0,51.71898355754857,51.71898355754857,808.0,1090.0,1090.0,65.05775577557758,65.05775577557758,424,865,890.0,0.0,0.0,1541,633,708.0,41.07722258273848,45.94419208306295,605,577,1541
05.L1.8080.USG88004,759.0,1644.0,1644.0,0.0,0.0,716.0,1125.0,1125.0,42.830540037243956,42.830540037243956,1332,776,809.0,58.25825825825825,60.7107107107107,3288,1033,936.0,31.417274939172746,28.457015409570154,1059,1106,3288
05.L1.8080.USG88005,1065.0,932.0,932.0,87.54303599374023,87.54303599374023,790.0,820.0,820.0,96.24472573839662,96.24472573839662,593,788,741.0,67.11635750421586,75.09836987071388,1046,746,816.0,71.31931166347992,78.0114722753346,709,697,1046
05.L1.8080.USG88006,1481.0,1177.0,1177.0,79.47332883187036,79.47332883187036,1745.0,1093.0,1093.0,62.636103151862464,62.636103151862464,1748,1431,1266.0,81.86498855835241,72.40655987795577,1125,1694,1658.0,49.422222222222224,52.62222222222221,1720,1718,1125
05.L1.8080.USG88007,1471.0,1246.0,1246.0,84.72694312259233,84.72694312259233,1506.0,1170.0,1170.0,77.68924302788844,77.68924302788844,3412,1506,1513.0,44.13833528722157,44.33372411098085,841,2452,2130.0,0.0,0.0,2551,2694,841
05.L1.8080.USG88008,1504.0,3424.0,3424.0,0.0,0.0,1423.0,2549.0,2549.0,20.894823143593356,20.894823143593356,4392,1543,1610.0,35.132058287796,36.65755919854281,4353,2924,2440.0,67.17206524236158,56.045639022896076,3064,3288,4353
09.L1.1590.CA09GK15901,0.0,35.0,35.0,,,0.0,22.0,22.0,,,0,0,0.0,,,0,0,0.0,,,0,0,0
09.L1.1590.CA09GK15902,0.0,0.0,0.0,,,0.0,0.0,0.0,,,0,0,0.0,,,0,0,0.0,,,0,0,0
09.L1.1590.CA09GK15903,112.0,11.0,11.0,9.523809523809524,9.523809523809524,0.0,48.0,48.0,,,0,72,48.0,,,0,0,37.0,,,0,0,0
09.L1.1590.CA09GK15904,0.0,0.0,0.0,,,0.0,0.0,0.0,,,0,0,0.0,,,0,0,0.0,,,0,0,0
09.L1.1590.CA09GK15905,0.0,138.0,138.0,,,0.0,3.0,3.0,,,0,0,0.0,,,0,0,0.0,,,0,0,0
09.L1.1590.CA10GK15901,0.0,12.0,12.0,,,0.0,12.0,12.0,,,1036,0,12.0,0.0,1.1904761904761973,81,81,345.0,100.0,0.0,359,344,81
09.L1.1590.CA10GK15903,0.0,134.0,134.0,,,0.0,13.0,13.0,,,0,0,13.0,,,0,0,0.0,,,0,0,0
09.L1.1590.CA10GK15904,0.0,451.0,451.0,,,0.0,451.0,451.0,,,0,0,225.0,,,0,0,0.0,,,0,0,0
09.L1.1590.CA10GK15905,0.0,0.0,0.0,,,0.0,0.0,0.0,,,0,0,0.0,,,0,0,0.0,,,0,0,0
09.L1.3060.CA7GM3602,0.0,33.0,33.0,,,0.0,33.0,33.0,,,30,0,0.0,0.0,0.0,0,15,10.0,,,16,18,0
09.L1.3060.CA7GM3603,15.0,16.0,16.0,95.55555555555556,95.55555555555556,17.0,5.0,5.0,29.411764705882348,29.411764705882348,0,32,11.0,,,0,8,11.0,,,7,6,0
09.L1.3060.CA8GM3603,0.0,0.0,0.0,,,0.0,0.0,0.0,,,0,0,0.0,,,0,0,0.0,,,0,0,0
09.L1.3060.CAGM36D1,0.0,0.0,0.0,,,0.0,0.0,0.0,,,0,0,0.0,,,0,0,0.0,,,0,0,0
09.L1.3060.CAGM36D4,0.0,0.0,0.0,,,0.0,0.0,0.0,,,0,0,0.0,,,0,0,0.0,,,0,0,0
09.L1.6060.CA01GM6601,376.0,61.0,61.0,16.31205673758864,16.31205673758864,585.0,127.0,127.0,21.76638176638176,21.76638176638176,0,178,320.0,,,32,251,320.0,0.0,0.0,242,196,32
09.L1.6060.CA01GM6602,21.0,213.0,213.0,0.0,0.0,0.0,20.0,20.0,,,0,116,7.0,,,0,0,7.0,,,0,0,0
09.L1.6060.CA03GM6601,191.0,133.0,133.0,69.80802792321117,69.80802792321117,0.0,143.0,143.0,,,134,162,64.0,79.10447761194031,48.00995024875622,0,0,108.0,,,13,47,0
09.L1.6060.CA03GM6602,144.0,11.0,11.0,7.407407407407396,7.407407407407396,0.0,59.0,59.0,,,2,41,48.0,0.0,0.0,0,30,49.0,,,16,17,0
09.L1.6060.CA05GM6601,152.0,116.0,116.0,76.31578947368422,76.31578947368422,13.0,149.0,149.0,0.0,0.0,0,57,74.0,,,0,34,55.0,,,20,20,0
09.L1.6060.CA08GM6602,0.0,16.0,16.0,,,13.0,16.0,16.0,79.48717948717949,79.48717948717949,0,10,4.0,,,0,4,4.0,,,5,4,0
10.L1.3060.4547,696.0,2620.0,2620.0,0.0,0.0,5238.0,1063.0,1063.0,20.287641593483517,20.287641593483517,2297,2832,1984.0,76.70875054418806,86.38804237411115,522,522,2744.0,100.0,0.0,339,1566,522
10.L1.3060.4548,0.0,275.0,275.0,,,237.0,105.0,105.0,44.44444444444444,44.44444444444444,241,276,79.0,85.47717842323651,32.780082987551864,0,0,159.0,,,24,84,0
10.L1.3060.4549,156.0,666.0,666.0,0.0,0.0,648.0,257.0,257.0,39.60905349794239,39.60905349794239,884,405,269.0,45.814479638009054,30.429864253393667,0,0,563.0,,,61,202,0
10.L1.3060.4551,5239.0,1887.0,1887.0,36.01196157027423,36.01196157027423,7358.0,3056.0,3056.0,41.52849506206396,41.52849506206396,846,5571,4732.0,0.0,0.0,0,0,4481.0,,,0,127,0
10.L1.3060.4552,16.0,173.0,173.0,0.0,0.0,330.0,34.0,34.0,10.303030303030303,10.303030303030303,37,50,130.0,64.86486486486487,0.0,0,0,128.0,,,7,25,0
10.L1.3060.4553,482.0,486.0,486.0,99.23928077455048,99.23928077455048,839.0,546.0,546.0,65.07747318235995,65.07747318235995,744,494,657.0,66.3978494623656,88.35125448028674,0,0,688.0,,,74,247,0
10.L1.3060.4554,30.0,750.0,750.0,0.0,0.0,5824.0,287.0,287.0,4.933608058608052,4.933608058608052,996,3046,2159.0,0.0,0.0,0,0,2283.0,,,0,0,0
10.L1.3060.4555,23.0,0.0,0.0,0.0,0.0,673.0,8.0,8.0,1.1391778107974204,1.1391778107974204,362,23,232.0,6.353591160220995,64.08839779005524,0,0,353.0,,,36,127,0
10.L1.3060.4556,18.0,108.0,108.0,0.0,0.0,399.0,30.0,30.0,7.602339181286544,7.602339181286544,37,216,158.0,0.0,0.0,8,142,151.0,0.0,0.0,162,131,8
10.L1.3060.4557,120.0,1306.0,1306.0,0.0,0.0,2840.0,632.0,632.0,22.253521126760567,22.253521126760567,326,1811,1579.0,0.0,0.0,0,0,1095.0,,,0,49,0
10.L1.3060.4558,125.0,43.0,43.0,34.66666666666668,34.66666666666668,118.0,42.0,42.0,35.31073446327683,35.31073446327683,35,122,81.0,0.0,0.0,0,78,93.0,,,73,67,0
10.L1.3060.4559,330.0,304.0,304.0,92.12121212121212,92.12121212121212,226.0,165.0,165.0,73.00884955752213,73.00884955752213,32,226,240.0,0.0,0.0,0,0,196.0,,,3,11,0
10.L1.3060.4561,0.0,1334.0,1334.0,,,5011.0,597.0,597.0,11.9204416949378,11.9204416949378,3632,2614,1851.0,71.97136563876651,50.9636563876652,135,135,2881.0,100.0,0.0,88,135,135
10.L1.3060.4562,0.0,174.0,174.0,,,193.0,66.0,66.0,34.196891191709845,34.196891191709845,646,158,78.0,24.45820433436533,12.02270381836945,0,0,280.0,,,65,226,0
10.L1.3060.4563,122.0,395.0,395.0,0.0,0.0,743.0,226.0,226.0,30.41722745625841,30.41722745625841,271,250,354.0,92.25092250922509,69.49569495694956,0,0,379.0,,,0,0,0
10.L1.3060.4564,1572.0,757.0,757.0,48.155216284987276,48.155216284987276,8550.0,1234.0,1234.0,14.428849902534113,14.428849902534113,461,1572,3975.0,0.0,0.0,0,0,3528.0,,,0,69,0
10.L1.3060.4565,308.0,188.0,188.0,61.14718614718615,61.14718614718615,1228.0,291.0,291.0,23.697068403908794,23.697068403908794,0,327,627.0,,,0,0,512.0,,,0,0,0
10.L1.3060.4566,42.0,185.0,185.0,0.0,0.0,1399.0,131.0,131.0,9.387657850845832,9.387657850845832,0,123,592.0,,,0,0,480.0,,,0,0,0
10.L1.3060.4567,2.0,1123.0,1123.0,0.0,0.0,5306.0,334.0,334.0,6.294760648322651,6.294760648322651,295,722,2080.0,0.0,0.0,162,162,1868.0,100.0,0.0,126,571,162
10.L1.3060.4568,2.0,40.0,40.0,0.0,0.0,869.0,13.0,13.0,1.4576141158419542,1.4576141158419542,0,60,302.0,,,15,261,290.0,0.0,0.0,304,230,15
10.L1.3060.4569,0.0,14.0,14.0,,,103.0,0.0,0.0,0.0,0.0,0,72,34.0,,,0,31,34.0,,,36,27,0
10.L1.3060.4571,0.0,349.0,349.0,,,292.0,194.0,194.0,66.32420091324201,66.32420091324201,1362,159,119.0,11.674008810572689,8.7126774351444,0,0,551.0,,,136,477,0
10.L1.3060.4572,0.0,10.0,10.0,,,15.0,10.0,10.0,66.66666666666667,66.66666666666667,392,30,5.0,7.653061224489798,1.2755102040816313,11,200,136.0,0.0,0.0,221,249,11
10.L1.3060.4573,240.0,286.0,286.0,80.83333333333333,80.83333333333333,1559.0,352.0,352.0,22.578576010262985,22.578576010262985,324,720,706.0,0.0,0.0,39,39,708.0,100.0,0.0,25,39,39
10.L1.3060.4604,0.0,81.0,81.0,,,64.0,20.0,20.0,31.25,31.25,83,32,21.0,38.55421686746988,25.702811244979916,0,61,49.0,,,68,69,0
10.L1.3060.4605,0.0,13.0,13.0,,,242.0,0.0,0.0,0.0,0.0,59,141,81.0,0.0,63.27683615819208,0,0,100.0,,,6,21,0
10.L1.3060.4606,0.0,70.0,70.0,,,3621.0,36.0,36.0,0.9849949369419075,0.9849949369419075,110,104,1208.0,94.54545454545455,0.0,48,48,1244.0,100.0,0.0,43,198,48
10.L1.3060.4607,256.0,0.0,0.0,0.0,0.0,2030.0,85.0,85.0,4.20361247947455,4.20361247947455,1724,1092,762.0,63.34106728538282,44.199535962877036,0,0,1337.0,,,0,0,0
10.L1.3060.4608,0.0,0.0,0.0,,,5.0,0.0,0.0,0.0,0.0,0,0,2.0,,,4,4,2.0,100.0,41.66666666666667,5,3,4
10.L1.3060.4609,0.0,27.0,27.0,,,3841.0,0.0,0.0,0.0,0.0,493,1920,1280.0,0.0,0.0,14,14,1445.0,100.0,0.0,9,14,14
10.L1.3060.4611,24.0,312.0,312.0,0.0,0.0,986.0,141.0,141.0,14.266396213657872,14.266396213657872,286,350,337.0,77.62237762237763,82.28438228438227,0,0,432.0,,,29,100,0
10.L1.3060.4612,0.0,21.0,21.0,,,305.0,21.0,21.0,6.9945355191256775,6.9945355191256775,335,34,105.0,10.149253731343288,31.343283582089555,0,0,213.0,,,34,117,0
10.L1.3060.4613,14.0,106.0,106.0,0.0,0.0,854.0,89.0,89.0,10.460577673692429,10.460577673692429,1252,300,315.0,23.961661341853034,25.133120340788075,0,0,707.0,,,13,43,0
10.L1.3060.4614,556.0,162.0,162.0,29.136690647482013,29.136690647482013,10.0,304.0,304.0,0.0,0.0,3531,180,189.0,5.097706032285476,5.343151137543655,3,1880,1366.0,0.0,0.0,2001,2271,3
10.L1.3060.4615,136.0,31.0,31.0,22.79411764705882,22.79411764705882,10.0,73.0,73.0,0.0,0.0,158,13,49.0,8.227848101265822,30.80168776371307,16,109,101.0,0.0,0.0,104,116,16
10.L1.3060.4616,365.0,96.0,96.0,26.392694063926935,26.392694063926935,20.0,209.0,209.0,0.0,0.0,2476,130,128.0,5.250403877221322,5.18309100700054,38,1317,954.0,0.0,0.0,1405,1593,38
10.L1.3060.4617,0.0,113.0,113.0,,,1775.0,22.0,22.0,1.2582159624413114,1.2582159624413114,2798,550,592.0,19.656897784131523,21.14605670717178,3771,3771,1524.0,100.0,40.42252276142491,3280,3379,3771
10.L1.3060.4618,0.0,16.0,16.0,,,113.0,5.0,5.0,4.71976401179941,4.71976401179941,28,73,38.0,0.0,65.47619047619048,183,183,47.0,100.0,25.683060109289613,119,201,183
10.L1.3060.4619,0.0,235.0,235.0,,,762.0,47.0,47.0,6.1242344706911584,6.1242344706911584,146,200,254.0,63.01369863013699,26.027397260273975,365,302,303.0,82.73972602739725,82.92237442922374,347,293,365
10.L1.3060.4621,0.0,874.0,874.0,,,6341.0,309.0,309.0,4.873048415076486,4.873048415076486,1417,1500,2369.0,94.14255469301341,32.79228416843095,0,0,2586.0,,,0,0,0
10.L1.3060.4622,0.0,0.0,0.0,,,428.0,0.0,0.0,0.0,0.0,70,346,143.0,0.0,0.0,0,0,166.0,,,7,24,0
10.L1.3060.4623,0.0,11.0,11.0,,,82.0,0.0,0.0,0.0,0.0,37,32,27.0,86.48648648648648,73.87387387387388,43,43,40.0,100.0,92.24806201550388,49,45,43
10.L1.3060.4624,528.0,26.0,26.0,4.92424242424242,4.92424242424242,1774.0,176.0,176.0,9.921082299887264,9.921082299887264,9,600,767.0,0.0,0.0,6,642,770.0,0.0,0.0,678,533,6
10.L1.3060.4625,10.0,7.0,7.0,73.33333333333333,73.33333333333333,507.0,3.0,3.0,0.6574621959237303,0.6574621959237303,280,38,172.0,13.571428571428568,61.54761904761905,0,0,266.0,,,28,98,0
10.L1.3060.4626,136.0,7.0,7.0,5.392156862745101,5.392156862745101,403.0,45.0,45.0,11.248966087675761,11.248966087675761,0,122,180.0,,,0,0,180.0,,,0,0,0
10.L1.3060.4631,0.0,1925.0,1925.0,,,1076.0,580.0,580.0,53.93432465923173,53.93432465923173,1491,500,359.0,33.5345405767941,24.055443773753638,81,81,856.0,100.0,0.0,53,85,81
10.L1.3060.4632,0.0,256.0,256.0,,,285.0,119.0,119.0,41.754385964912274,41.754385964912274,782,169,139.0,21.611253196930946,17.774936061381077,0,0,356.0,,,78,274,0
10.L1.3060.4633,0.0,896.0,896.0,,,670.0,279.0,279.0,41.64179104477612,41.64179104477612,488,450,300.0,92.21311475409836,61.40710382513661,0,0,386.0,,,0,0,0
10.L1.3060.5027,0.0,375.0,375.0,,,0.0,0.0,0.0,,,0,0,0.0,,,0,0,0.0,,,0,0,0
10.L1.3060.5028,0.0,0.0,0.0,,,0.0,0.0,0.0,,,0,0,0.0,,,0,0,0.0,,,0,0,0
10.L1.3060.5029,0.0,0.0,0.0,,,664.0,0.0,0.0,0.0,0.0,0,664,221.0,,,0,0,221.0,,,0,0,0
10.L1.3060.5067,0.0,23.0,23.0,,,0.0,1.0,1.0,,,0,0,1.0,,,0,0,0.0,,,0,0,0
10.L1.3060.5068,0.0,161.0,161.0,,,0.0,156.0,156.0,,,0,0,156.0,,,189,0,0.0,0.0,0.0,0,0,189
10.L1.3060.5069,0.0,15.0,15.0,,,0.0,15.0,15.0,,,0,0,15.0,,,0,0,0.0,,,0,0,0
10.L1.3060.5761,192.0,0.0,0.0,0.0,0.0,0.0,64.0,64.0,,,96,130,64.0,64.58333333333333,66.66666666666667,0,86,96.0,,,72,81,0
10.L1.3060.5762,1310.0,0.0,0.0,0.0,0.0,448.0,437.0,437.0,97.4702380952381,97.4702380952381,112,879,586.0,0.0,0.0,392,452,623.0,84.6938775510204,40.986394557823125,349,332,392
10.L1.3060.5763,587.0,0.0,0.0,0.0,0.0,0.0,196.0,196.0,,,156,176,196.0,87.17948717948718,74.57264957264957,0,0,248.0,,,16,55,0
10.L1.3060.5791,27.0,135.0,135.0,0.0,0.0,83.0,107.0,107.0,71.08433734939759,71.08433734939759,3124,112,37.0,3.5851472471190804,1.1737089201877882,638,1592,1078.0,0.0,31.034482758620683,1750,1977,638
10.L1.3060.5792,0.0,5.0,5.0,,,0.0,5.0,5.0,,,145,0,0.0,0.0,0.0,0,72,48.0,,,80,91,0
10.L1.3060.5793,0.0,60.0,60.0,,,0.0,17.0,17.0,,,2246,0,0.0,0.0,0.0,0,0,749.0,,,225,786,0
10.L1.3060.68001,174.0,625.0,625.0,0.0,0.0,5748.0,550.0,550.0,9.568545581071675,9.568545581071675,256,1200,2007.0,0.0,0.0,417,1887,2059.0,0.0,0.0,2170,1702,417
10.L1.3060.68002,0.0,39.0,39.0,,,658.0,19.0,19.0,2.9381965552178424,2.9381965552178424,216,58,219.0,26.851851851851848,98.45679012345678,133,305,291.0,0.0,0.0,349,309,133
10.L1.3060.68003,26.0,87.0,87.0,0.0,0.0,357.0,63.0,63.0,17.647058823529417,17.647058823529417,40,112,135.0,0.0,0.0,100,132,141.0,68.0,59.00000000000001,149,122,100
10.L1.3060.68004,0.0,5.0,5.0,,,36.0,0.0,0.0,0.0,0.0,133,18,12.0,13.533834586466165,9.022556390977442,0,77,56.0,,,86,93,0
10.L1.3060.68005,0.0,0.0,0.0,,,0.0,0.0,0.0,,,398,0,0.0,0.0,0.0,311,199,133.0,63.9871382636656,42.658092175777064,219,249,311
10.L1.3060.68006,0.0,0.0,0.0,,,12.0,0.0,0.0,0.0,0.0,31,6,4.0,19.354838709677423,12.903225806451612,360,360,14.0,100.0,3.9814814814814747,226,247,360
10.L1.3060.68007,0.0,594.0,594.0,,,1635.0,172.0,172.0,10.519877675840982,10.519877675840982,2445,900,562.0,36.809815950920246,22.972051806407624,0,0,1360.0,,,0,0,0
10.L1.3060.68008,0.0,8.0,8.0,,,341.0,4.0,4.0,1.0752688172043112,1.0752688172043112,499,134,117.0,26.853707414829664,23.513694054776213,0,0,280.0,,,50,175,0
10.L1.3060.68009,0.0,66.0,66.0,,,91.0,0.0,0.0,0.0,0.0,132,198,30.0,50.0,22.97979797979798,0,93,74.0,,,104,106,0
10.L1.3060.68011,0.0,579.0,579.0,,,1328.0,80.0,80.0,6.024096385542165,6.024096385542165,581,400,443.0,68.84681583476764,76.1904761904762,104,104,636.0,100.0,0.0,68,139,104
10.L1.3060.68012,166.0,123.0,123.0,73.89558232931728,73.89558232931728,208.0,97.0,97.0,46.794871794871796,46.794871794871796,200,208,167.0,96.0,83.33333333333333,20,196,191.0,0.0,0.0,200,199,20
10.L1.3060.68013,94.0,36.0,36.0,38.297872340425535,38.297872340425535,13.0,31.0,31.0,0.0,0.0,0,30,36.0,,,50,23,36.0,46.0,71.33333333333333,14,14,50
10.L1.3060.68014,0.0,14.0,14.0,,,1463.0,0.0,0.0,0.0,0.0,928,732,488.0,78.87931034482759,52.55028735632183,0,0,797.0,,,93,325,0
10.L1.3060.68015,0.0,2.0,2.0,,,228.0,0.0,0.0,0.0,0.0,222,228,76.0,97.2972972972973,34.23423423423423,0,0,150.0,,,22,78,0
10.L1.3060.68016,0.0,148.0,148.0,,,367.0,37.0,37.0,10.172570390554036,10.172570390554036,171,184,122.0,92.39766081871346,71.53996101364521,0,0,179.0,,,17,60,0
10.L1.3060.68017,14.0,112.0,112.0,0.0,0.0,1367.0,117.0,117.0,8.534503779565961,8.534503779565961,604,694,471.0,85.09933774834437,77.98013245033113,25,715,662.0,0.0,0.0,812,741,25
10.L1.3060.68018,7.0,8.0,8.0,80.95238095238095,80.95238095238095,421.0,11.0,11.0,2.5336500395882866,2.5336500395882866,155,20,143.0,12.903225806451612,92.04301075268818,0,0,194.0,,,16,54,0
10.L1.3060.68019,106.0,212.0,212.0,0.3144654088050425,0.3144654088050425,798.0,175.0,175.0,21.92982456140351,21.92982456140351,491,450,333.0,91.64969450101833,67.88866259334691,35,506,465.0,0.0,0.0,560,530,35
10.L1.3060.7801,0.0,0.0,0.0,,,0.0,0.0,0.0,,,77,0,0.0,0.0,0.0,80,38,26.0,47.5,32.08333333333334,42,48,80
10.L1.3060.7805,0.0,0.0,0.0,,,856.0,0.0,0.0,0.0,0.0,0,514,285.0,,,0,0,285.0,,,0,0,0
10.L1.3060.7806,0.0,0.0,0.0,,,272.0,0.0,0.0,0.0,0.0,4181,190,91.0,4.544367376225789,2.1685402216375604,176,176,1484.0,100.0,0.0,1387,1303,176
10.L1.3060.7821,0.0,298.0,298.0,,,895.0,0.0,0.0,0.0,0.0,241,250,298.0,96.2655601659751,76.21023513139697,49,389,379.0,0.0,0.0,446,388,49
10.L1.3060.7822,0.0,31.0,31.0,,,592.0,0.0,0.0,0.0,0.0,0,342,197.0,,,288,178,197.0,61.80555555555556,68.51851851851852,207,157,288
10.L1.3060.7823,0.0,270.0,270.0,,,931.0,0.0,0.0,0.0,0.0,138,50,310.0,36.23188405797102,0.0,0,0,356.0,,,14,48,0
10.L1.3060.7831,0.0,5.0,5.0,,,56.0,5.0,5.0,9.523809523809524,9.523809523809524,51,36,24.0,70.58823529411764,47.05882352941176,0,42,36.0,,,48,47,0
10.L1.3060.7832,0.0,0.0,0.0,,,207.0,0.0,0.0,0.0,0.0,315,190,69.0,60.31746031746032,21.904761904761905,0,0,174.0,,,32,110,0
10.L1.3060.7833,0.0,0.0,0.0,,,76.0,0.0,0.0,0.0,0.0,361,600,25.0,33.795013850415515,7.017543859649122,0,0,146.0,,,0,51,0
10.L1.3060.7837,0.0,67.0,67.0,,,879.0,0.0,0.0,0.0,0.0,454,200,293.0,44.052863436123346,64.53744493392071,0,0,444.0,,,45,159,0
10.L1.3060.7838,0.0,20.0,20.0,,,836.0,0.0,0.0,0.0,0.0,482,448,279.0,92.9460580912863,57.81466113416322,700,700,439.0,100.0,62.76190476190475,648,647,700
10.L1.3060.7839,0.0,451.0,451.0,,,1218.0,0.0,0.0,0.0,0.0,3807,1218,406.0,31.99369582348306,10.664565274494354,0,0,1675.0,,,0,20,0
10.L1.4080.9951,0.0,316.0,316.0,,,142.0,316.0,316.0,0.0,0.0,0,40,47.0,,,0,43,47.0,,,50,38,0
10.L1.4080.9952,0.0,5.0,5.0,,,82.0,5.0,5.0,6.5040650406503975,6.5040650406503975,0,49,27.0,,,20,25,27.0,75.0,63.33333333333334,29,22,20
10.L1.4080.9953,7.0,156.0,156.0,0.0,0.0,86.0,139.0,139.0,37.984496124031,37.984496124031,328,86,31.0,26.21951219512195,9.45121951219512,124,191,140.0,45.96774193548387,86.8279569892473,211,228,124
10.L1.4080.9954,0.0,166.0,166.0,,,0.0,46.0,46.0,,,0,0,0.0,,,0,0,0.0,,,0,0,0
10.L1.4080.9955,0.0,4.0,4.0,,,0.0,4.0,4.0,,,0,0,0.0,,,0,0,0.0,,,0,0,0
10.L1.4080.9956,0.0,86.0,86.0,,,0.0,23.0,23.0,,,28,0,0.0,0.0,0.0,111,14,9.0,12.612612612612617,8.408408408408407,15,17,111
10.L1.4080.9957,111.0,177.0,177.0,40.54054054054054,40.54054054054054,68.0,185.0,185.0,0.0,0.0,116,69,62.0,59.48275862068966,53.735632183908045,0,0,98.0,,,15,50,0
10.L1.4080.9958,0.0,20.0,20.0,,,0.0,19.0,19.0,,,0,0,0.0,,,5,0,0.0,0.0,0.0,0,0,5
10.L1.4080.9959,10.0,182.0,182.0,0.0,0.0,0.0,111.0,111.0,,,52,7,10.0,13.461538461538458,18.58974358974359,67,28,21.0,41.7910447761194,30.84577114427861,30,34,67
10.L1.4080.9962,0.0,14.0,14.0,,,10.0,0.0,0.0,0.0,0.0,0,12,3.0,,,0,3,3.0,,,4,3,0
10.L1.4080.9963,25.0,17.0,17.0,68.0,68.0,107.0,8.0,8.0,7.788161993769471,7.788161993769471,3,52,44.0,0.0,0.0,0,39,45.0,,,42,33,0
10.L1.4080.9964,0.0,31.0,31.0,,,30.0,0.0,0.0,0.0,0.0,0,76,10.0,,,0,9,10.0,,,10,8,0
10.L1.4080.9965,0.0,0.0,0.0,,,327.0,0.0,0.0,0.0,0.0,0,327,109.0,,,0,98,109.0,,,114,86,0
10.L1.4080.9966,0.0,44.0,44.0,,,249.0,4.0,4.0,1.4725568942436373,1.4725568942436373,0,185,83.0,,,0,75,83.0,,,87,66,0
10.L1.4080.9967,0.0,324.0,324.0,,,0.0,256.0,256.0,,,0,0,144.0,,,0,0,0.0,,,0,0,0
10.L1.4080.9968,0.0,24.0,24.0,,,0.0,24.0,24.0,,,0,0,24.0,,,0,0,0.0,,,0,0,0
10.L1.4080.9969,0.0,95.0,95.0,,,0.0,45.0,45.0,,,0,0,11.0,,,0,0,0.0,,,0,0,0
10.L1.5050.5315,0.0,5.0,5.0,,,0.0,5.0,5.0,,,0,0,3.0,,,0,0,0.0,,,0,0,0
10.L1.5050.5316,0.0,26.0,26.0,,,0.0,26.0,26.0,,,0,0,0.0,,,0,0,0.0,,,0,0,0
10.L1.5050.5317,20.0,183.0,183.0,0.0,0.0,56.0,75.0,75.0,65.47619047619048,65.47619047619048,0,206,25.0,,,0,21,25.0,,,22,17,0
10.L1.5050.5318,0.0,0.0,0.0,,,0.0,0.0,0.0,,,102,0,0.0,0.0,0.0,0,51,34.0,,,56,64,0
10.L1.5050.5319,0.0,173.0,173.0,,,548.0,173.0,173.0,31.508515815085147,31.508515815085147,0,518,355.0,,,176,164,183.0,93.18181818181819,96.21212121212122,192,145,176
10.L1.5050.5321,0.0,3.0,3.0,,,0.0,3.0,3.0,,,0,0,3.0,,,0,0,0.0,,,0,0,0
10.L1.5050.A5315,200.0,71.0,71.0,35.66666666666666,35.66666666666666,12.0,75.0,75.0,0.0,0.0,46,66,71.0,56.52173913043479,46.37681159420289,0,67,86.0,,,50,54,0
10.L1.5050.A5316,0.0,177.0,177.0,,,0.0,156.0,156.0,,,0,40,156.0,,,680,0,0.0,0.0,0.0,0,0,680
10.L1.5050.A5317,238.0,98.0,98.0,41.03641456582634,41.03641456582634,669.0,175.0,175.0,26.108619830592914,26.108619830592914,0,20,302.0,,,862,248,302.0,28.770301624129935,35.07347254447022,258,203,862
10.L1.5050.A5318,28.0,536.0,536.0,0.0,0.0,0.0,527.0,527.0,,,0,190,9.0,,,595,0,9.0,0.0,1.5686274509803977,0,0,595
10.L1.5050.A5319,86.0,429.0,429.0,0.0,0.0,138.0,441.0,441.0,0.0,0.0,0,220,307.0,,,1497,1497,75.0,100.0,4.987753284346475,973,1647,1497
10.L1.5050.A5321,42.0,47.0,47.0,87.3015873015873,87.3015873015873,12.0,40.0,40.0,0.0,0.0,0,15,18.0,,,0,12,18.0,,,8,8,0
10.L1.5050.A5322,0.0,17.0,17.0,,,0.0,16.0,16.0,,,0,0,16.0,,,132,132,0.0,100.0,0.0,77,102,132
10.L1.6060.5165,371.0,14.0,14.0,3.6837376460018056,3.6837376460018056,0.0,125.0,125.0,,,50,150,124.0,0.0,0.0,0,99,140.0,,,64,72,0
10.L1.6060.5167,0.0,12.0,12.0,,,0.0,12.0,12.0,,,0,0,12.0,,,0,0,0.0,,,0,0,0
10.L1.6060.5168,58.0,7.0,7.0,11.494252873563216,11.494252873563216,67.0,26.0,26.0,38.80597014925373,38.80597014925373,21,39,42.0,14.28571428571429,1.5873015873016039,0,42,49.0,,,41,37,0
10.L1.6060.5169,137.0,33.0,33.0,24.330900243309006,24.330900243309006,0.0,54.0,54.0,,,0,40,46.0,,,14,0,46.0,0.0,0.0,0,0,14
10.L1.6060.5189,0.0,10.0,10.0,,,92.0,10.0,10.0,10.869565217391308,10.869565217391308,0,40,35.0,,,55,28,31.0,50.90909090909091,55.757575757575765,32,24,55
10.L1.6060.5191,48.0,0.0,0.0,0.0,0.0,0.0,16.0,16.0,,,63,15,16.0,23.809523809523814,25.396825396825395,0,41,37.0,,,39,44,0
10.L1.6060.5192,212.0,524.0,524.0,0.0,0.0,164.0,269.0,269.0,36.17886178861788,36.17886178861788,76,413,323.0,0.0,0.0,400,130,151.0,32.49999999999999,37.66666666666666,121,115,400
10.L1.6060.5193,144.0,3.0,3.0,1.851851851851849,1.851851851851849,0.0,48.0,48.0,,,0,76,48.0,,,59,0,48.0,0.0,81.35593220338984,0,0,59
10.L1.6060.5194,7.0,174.0,174.0,0.0,0.0,354.0,24.0,24.0,6.779661016949157,6.779661016949157,0,65,120.0,,,0,0,120.0,,,0,0,0
10.L1.6060.5195,0.0,90.0,90.0,,,87.0,77.0,77.0,88.50574712643679,88.50574712643679,223,87,49.0,39.01345291479821,21.973094170403584,0,0,103.0,,,22,78,0
10.L1.6060.5196,201.0,73.0,73.0,36.48424543946932,36.48424543946932,0.0,121.0,121.0,,,6,101,101.0,0.0,0.0,0,43,69.0,,,23,26,0
10.L1.6060.5613,0.0,3.0,3.0,,,65.0,0.0,0.0,0.0,0.0,0,65,22.0,,,0,20,22.0,,,23,18,0
10.L1.6060.5618,0.0,79.0,79.0,,,0.0,0.0,0.0,,,0,0,0.0,,,0,0,0.0,,,0,0,0
10.L1.6060.5680,0.0,229.0,229.0,,,0.0,229.0,229.0,,,36,0,0.0,0.0,0.0,0,18,12.0,,,20,23,0
10.L1.6060.5685,0.0,26.0,26.0,,,0.0,0.0,0.0,,,0,0,0.0,,,29,0,0.0,0.0,0.0,0,0,29
10.L1.6060.5686,0.0,44.0,44.0,,,0.0,44.0,44.0,,,0,0,0.0,,,0,0,0.0,,,0,0,0
10.L1.6060.5687,0.0,69.0,69.0,,,0.0,0.0,0.0,,,68,0,0.0,0.0,0.0,0,34,23.0,,,37,42,0
10.L1.6060.5688,0.0,0.0,0.0,,,0.0,0.0,0.0,,,0,0,0.0,,,0,0,0.0,,,0,0,0
10.L1.6060.5689,0.0,13.0,13.0,,,0.0,0.0,0.0,,,0,0,0.0,,,0,0,0.0,,,0,0,0
10.L1.6060.5690,0.0,0.0,0.0,,,0.0,0.0,0.0,,,0,0,0.0,,,0,0,0.0,,,0,0,0
10.L1.6060.5711,0.0,7.0,7.0,,,0.0,0.0,0.0,,,0,0,0.0,,,0,0,0.0,,,0,0,0
10.L1.6060.5712,0.0,21.0,21.0,,,0.0,0.0,0.0,,,8,0,0.0,0.0,0.0,0,4,3.0,,,4,5,0
10.L1.6060.5713,8.0,67.0,67.0,0.0,0.0,0.0,12.0,12.0,,,0,10,12.0,,,0,0,3.0,,,0,0,0
10.L1.6060.5714,113.0,0.0,0.0,0.0,0.0,125.0,38.0,38.0,30.133333333333322,30.133333333333322,0,84,79.0,,,0,60,79.0,,,55,46,0
10.L1.6060.5715,594.0,31.0,31.0,5.218855218855223,5.218855218855223,0.0,202.0,202.0,,,0,100,198.0,,,0,0,198.0,,,0,0,0
10.L1.6060.5716,4.0,0.0,0.0,0.0,0.0,0.0,1.0,1.0,,,0,1,1.0,,,0,0,1.0,,,0,0,0
10.L1.6060.5717,80.0,210.0,210.0,0.0,0.0,295.0,136.0,136.0,46.101694915254235,46.101694915254235,20,130,128.0,0.0,0.0,0,0,132.0,,,31,103,0
10.L1.6060.5718,0.0,163.0,163.0,,,0.0,23.0,23.0,,,4,0,7.0,0.0,33.33333333333333,309,2,1.0,0.6472491909385147,0.4314994606256728,2,2,309
10.L1.6060.5719,8.0,0.0,0.0,0.0,0.0,0.0,3.0,3.0,,,12,8,3.0,66.66666666666667,22.22222222222222,0,8,7.0,,,8,9,0
10.L1.6060.5721,0.0,0.0,0.0,,,62.0,0.0,0.0,0.0,0.0,31,25,21.0,80.64516129032258,66.66666666666667,7,34,31.0,0.0,0.0,39,36,7
10.L1.6060.5722,0.0,95.0,95.0,,,24.0,85.0,85.0,0.0,0.0,113,60,85.0,53.09734513274336,75.51622418879056,18,64,46.0,0.0,0.0,71,77,18
10.L1.6060.5723,0.0,0.0,0.0,,,0.0,0.0,0.0,,,0,0,0.0,,,0,0,0.0,,,0,0,0
10.L1.6060.5724,40.0,593.0,593.0,0.0,0.0,452.0,159.0,159.0,35.250737463126846,35.250737463126846,160,170,164.0,93.75,97.5,12,224,217.0,0.0,0.0,250,224,12
10.L1.6060.5725,132.0,277.0,277.0,0.0,0.0,0.0,205.0,205.0,,,244,240,205.0,98.36065573770492,83.87978142076503,0,0,125.0,,,0,58,0
10.L1.6060.5726,7.0,90.0,90.0,0.0,0.0,0.0,75.0,75.0,,,0,50,67.0,,,0,0,2.0,,,0,0,0
10.L1.6060.6103,0.0,719.0,719.0,,,0.0,154.0,154.0,,,88,64,107.0,72.72727272727273,78.03030303030305,0,44,29.0,,,48,55,0
10.L1.6060.6157,144.0,841.0,841.0,0.0,0.0,672.0,404.0,404.0,60.11904761904761,60.11904761904761,0,450,363.0,,,380,230,272.0,60.526315789473685,71.57894736842105,249,194,380
10.L1.6060.6158,140.0,151.0,151.0,91.9047619047619,91.9047619047619,0.0,49.0,49.0,,,0,50,47.0,,,17,0,47.0,0.0,0.0,0,0,17
10.L1.6060.6159,92.0,325.0,325.0,0.0,0.0,21.0,356.0,356.0,0.0,0.0,288,42,44.0,14.583333333333337,15.393518518518523,0,0,134.0,,,29,101,0
10.L1.6060.6161,99.0,257.0,257.0,0.0,0.0,0.0,193.0,193.0,,,0,30,52.0,,,0,0,33.0,,,0,0,0
10.L1.6060.6162,52.0,56.0,56.0,92.94871794871796,92.94871794871796,48.0,41.0,41.0,86.11111111111111,86.11111111111111,0,48,47.0,,,425,425,33.0,100.0,7.843137254901955,361,655,425
10.L1.6060.6163,12.0,95.0,95.0,0.0,0.0,0.0,96.0,96.0,,,0,20,96.0,,,190,0,4.0,0.0,2.1052631578947323,0,0,190
10.L1.6060.74002,258.0,513.0,513.0,1.2919896640827044,1.2919896640827044,72.0,259.0,259.0,0.0,0.0,270,129,135.0,47.77777777777777,50.12345679012347,0,0,200.0,,,53,176,0
10.L1.6060.74003,75.0,809.0,809.0,0.0,0.0,147.0,178.0,178.0,78.91156462585033,78.91156462585033,523,130,125.0,24.8565965583174,23.900573613766728,228,321,248.0,59.210526315789465,91.08187134502923,347,374,228
10.L1.6060.74005,16.0,49.0,49.0,0.0,0.0,0.0,12.0,12.0,,,64,5,5.0,7.8125,8.333333333333337,0,35,27.0,,,37,42,0
10.L1.6060.74006,31.0,84.0,84.0,0.0,0.0,31.0,49.0,49.0,40.86021505376344,40.86021505376344,0,25,25.0,,,0,16,21.0,,,14,12,0
10.L1.6060.74007,181.0,707.0,707.0,0.0,0.0,77.0,385.0,385.0,0.0,0.0,554,96,91.0,17.32851985559567,16.486161251504207,371,336,271.0,90.56603773584906,72.9559748427673,350,387,371
10.L1.6060.74008,313.0,492.0,492.0,42.917997870074544,42.917997870074544,455.0,385.0,385.0,84.68864468864469,84.68864468864469,1136,403,392.0,35.47535211267606,34.47769953051644,20,20,635.0,100.0,0.0,13,21,20
10.L1.6060.75604,72.0,382.0,382.0,0.0,0.0,334.0,197.0,197.0,59.081836327345314,59.081836327345314,95,170,149.0,21.052631578947366,42.80701754385964,30,162,167.0,0.0,0.0,176,156,30
10.L1.6060.75605,143.0,70.0,70.0,48.71794871794872,48.71794871794872,0.0,51.0,51.0,,,20,20,48.0,100.0,0.0,0,39,54.0,,,26,29,0
10.L1.6060.75606,0.0,663.0,663.0,,,13.0,16.0,16.0,76.92307692307692,76.92307692307692,96,10,4.0,10.416666666666663,4.513888888888884,0,52,36.0,,,57,63,0
10.L1.8080.5874,0.0,101.0,101.0,,,276.0,87.0,87.0,31.400966183574887,31.400966183574887,37,166,138.0,0.0,0.0,0,0,104.0,,,4,13,0
10.L1.8080.5876,509.0,103.0,103.0,20.23575638506876,20.23575638506876,159.0,262.0,262.0,35.42976939203353,35.42976939203353,166,216,223.0,69.87951807228916,65.46184738955823,46,232,278.0,0.0,0.0,198,202,46
10.L1.8080.5877,0.0,0.0,0.0,,,69.0,0.0,0.0,0.0,0.0,108,38,23.0,35.18518518518518,21.29629629629629,0,75,59.0,,,84,86,0
10.L1.8080.5878,0.0,18.0,18.0,,,0.0,0.0,0.0,,,0,0,0.0,,,0,0,0.0,,,0,0,0
10.L1.8080.5879,680.0,75.0,75.0,11.078431372549025,11.078431372549025,0.0,245.0,245.0,,,156,215,245.0,62.17948717948718,43.162393162393165,18,214,279.0,0.0,0.0,154,172,18
10.L1.8080.5880,0.0,10.0,10.0,,,60.0,10.0,10.0,16.666666666666664,16.666666666666664,0,60,30.0,,,30,18,20.0,60.0,66.66666666666667,21,16,30
10.L1.8080.5887,0.0,383.0,383.0,,,14.0,230.0,230.0,0.0,0.0,0,50,176.0,,,6,4,5.0,66.66666666666667,77.77777777777779,5,4,6
10.L1.8080.5889,12.0,207.0,207.0,0.0,0.0,259.0,143.0,143.0,55.21235521235521,55.21235521235521,25,259,90.0,0.0,0.0,0,93,99.0,,,106,86,0
10.L1.8080.5891,215.0,126.0,126.0,58.44961240310078,58.44961240310078,0.0,197.0,197.0,,,0,215,116.0,,,258,0,72.0,0.0,27.77777777777779,0,0,258
10.L1.8080.5893,0.0,80.0,80.0,,,0.0,28.0,28.0,,,0,0,28.0,,,0,0,0.0,,,0,0,0
10.L1.8080.5894,5.0,16.0,16.0,0.0,0.0,0.0,4.0,4.0,,,0,24,2.0,,,0,0,2.0,,,0,0,0
10.L1.8080.5895,0.0,58.0,58.0,,,0.0,54.0,54.0,,,0,0,0.0,,,419,419,0.0,100.0,0.0,272,461,419
10.L1.8080.5896,4.0,159.0,159.0,0.0,0.0,5.0,115.0,115.0,0.0,0.0,3,80,107.0,0.0,0.0,128,4,4.0,3.125,3.125,4,4,128
10.L1.8080.5897,0.0,0.0,0.0,,,0.0,0.0,0.0,,,0,0,0.0,,,0,0,0.0,,,0,0,0
10.L1.8080.5898,0.0,8.0,8.0,,,0.0,0.0,0.0,,,0,0,0.0,,,0,0,0.0,,,0,0,0
10.L1.8080.5899,0.0,6.0,6.0,,,0.0,0.0,0.0,,,0,0,0.0,,,177,177,0.0,100.0,0.0,59,0,177
10.L1.8080.75004,0.0,253.0,253.0,,,0.0,57.0,57.0,,,19,0,0.0,0.0,0.0,0,10,6.0,,,11,12,0
10.L1.8080.75005,4.0,230.0,230.0,0.0,0.0,93.0,51.0,51.0,54.48028673835126,54.48028673835126,58,48,32.0,82.75862068965517,55.74712643678161,37,58,52.0,43.24324324324324,60.36036036036037,65,62,37
10.L1.8080.75006,0.0,243.0,243.0,,,0.0,184.0,184.0,,,202,0,80.0,0.0,39.76897689768977,0,0,67.0,,,20,71,0
10.L1.8080.9454,9.0,0.0,0.0,0.0,0.0,0.0,3.0,3.0,,,6,33,3.0,0.0,50.0,0,5,5.0,,,4,5,0
10.L1.8080.9455,0.0,0.0,0.0,,,0.0,0.0,0.0,,,0,0,0.0,,,0,0,0.0,,,0,0,0
12.L1.2040.2401,0.0,0.0,0.0,,,0.0,0.0,0.0,,,0,0,0.0,,,0,0,0.0,,,0,0,0
12.L1.2040.2402,0.0,0.0,0.0,,,0.0,0.0,0.0,,,5,0,0.0,0.0,0.0,0,2,2.0,,,2,3,0
12.L1.2040.2403,0.0,0.0,0.0,,,0.0,0.0,0.0,,,0,0,0.0,,,36,0,0.0,0.0,0.0,0,0,36
12.L1.2040.2404,0.0,0.0,0.0,,,0.0,0.0,0.0,,,0,0,0.0,,,0,0,0.0,,,0,0,0
12.L1.2040.2405,0.0,0.0,0.0,,,0.0,0.0,0.0,,,0,0,0.0,,,0,0,0.0,,,0,0,0
12.L1.2040.U2421,0.0,0.0,0.0,,,0.0,0.0,0.0,,,528,0,0.0,0.0,0.0,354,264,176.0,74.57627118644068,49.717514124293785,290,330,354
12.L1.2040.U2422,0.0,0.0,0.0,,,0.0,0.0,0.0,,,12,0,0.0,0.0,0.0,0,6,4.0,,,7,8,0
12.L1.2040.U2423,0.0,0.0,0.0,,,0.0,0.0,0.0,,,0,0,0.0,,,0,0,0.0,,,0,0,0
12.L1.2040.U2424,0.0,0.0,0.0,,,0.0,0.0,0.0,,,0,0,0.0,,,0,0,0.0,,,0,0,0
12.L1.2040.U2425,0.0,0.0,0.0,,,0.0,0.0,0.0,,,48,0,0.0,0.0,0.0,9,24,16.0,0.0,22.22222222222222,26,30,9
12.L1.2040.U2426,0.0,0.0,0.0,,,0.0,0.0,0.0,,,0,0,0.0,,,24,0,0.0,0.0,0.0,0,0,24
12.L1.2040.U2427,0.0,0.0,0.0,,,0.0,0.0,0.0,,,135,0,0.0,0.0,0.0,0,68,45.0,,,74,84,0
12.L1.2040.U2428,0.0,0.0,0.0,,,0.0,0.0,0.0,,,0,0,0.0,,,72,0,0.0,0.0,0.0,0,0,72
12.L1.2040.U2429,0.0,0.0,0.0,,,0.0,0.0,0.0,,,120,0,0.0,0.0,0.0,248,60,40.0,24.193548387096776,16.129032258064512,66,75,248
12.L1.2040.U2430,0.0,0.0,0.0,,,0.0,0.0,0.0,,,140,0,0.0,0.0,0.0,75,70,47.0,93.33333333333333,62.22222222222222,77,88,75
12.L1.2040.U2431,0.0,0.0,0.0,,,0.0,0.0,0.0,,,598,0,0.0,0.0,0.0,0,0,199.0,,,0,0,0
12.L1.2040.U2432,0.0,0.0,0.0,,,0.0,0.0,0.0,,,84,0,0.0,0.0,0.0,137,42,28.0,30.65693430656934,20.43795620437956,46,52,137
12.L1.2040.U2433,0.0,0.0,0.0,,,0.0,0.0,0.0,,,302,0,0.0,0.0,0.0,48,151,101.0,0.0,0.0,166,189,48
12.L1.2040.U2434,0.0,0.0,0.0,,,0.0,0.0,0.0,,,0,0,0.0,,,1698,0,0.0,0.0,0.0,0,0,1698
12.L1.2040.U2435,0.0,0.0,0.0,,,0.0,0.0,0.0,,,172,0,0.0,0.0,0.0,908,86,57.0,9.471365638766516,6.3142437591776845,95,108,908
12.L1.2550.2501,0.0,0.0,0.0,,,0.0,0.0,0.0,,,264,0,0.0,0.0,0.0,64,132,88.0,0.0,62.5,145,165,64
12.L1.2550.2502,0.0,0.0,0.0,,,0.0,0.0,0.0,,,0,0,0.0,,,0,0,0.0,,,0,0,0
12.L1.2550.2503,0.0,0.0,0.0,,,0.0,0.0,0.0,,,8,0,0.0,0.0,0.0,0,4,3.0,,,4,5,0
12.L1.2550.2504,0.0,0.0,0.0,,,0.0,0.0,0.0,,,88,0,0.0,0.0,0.0,2,44,29.0,0.0,0.0,48,55,2
12.L1.2550.2505,0.0,0.0,0.0,,,0.0,0.0,0.0,,,120,0,0.0,0.0,0.0,388,60,40.0,15.463917525773196,10.309278350515461,66,75,388
12.L1.2550.A2518,0.0,0.0,0.0,,,0.0,0.0,0.0,,,304,0,0.0,0.0,0.0,0,0,101.0,,,0,0,0
12.L1.2550.A2519,0.0,0.0,0.0,,,0.0,0.0,0.0,,,0,0,0.0,,,40,0,0.0,0.0,0.0,0,0,40
12.L1.2550.A2520,0.0,0.0,0.0,,,0.0,0.0,0.0,,,6,0,0.0,0.0,0.0,98,3,2.0,3.0612244897959218,2.0408163265306145,3,4,98
12.L1.2550.A2521,0.0,0.0,0.0,,,0.0,0.0,0.0,,,100,0,0.0,0.0,0.0,45,50,33.0,88.88888888888889,74.07407407407408,55,62,45
12.L1.2550.A2528,0.0,0.0,0.0,,,0.0,0.0,0.0,,,12,0,0.0,0.0,0.0,0,6,4.0,,,7,8,0
12.L1.2550.A2530,0.0,0.0,0.0,,,0.0,0.0,0.0,,,0,0,0.0,,,167,0,0.0,0.0,0.0,0,0,167
12.L1.2550.A2532,0.0,0.0,0.0,,,0.0,0.0,0.0,,,216,0,0.0,0.0,0.0,36,108,72.0,0.0,0.0,119,135,36
12.L1.2550.A2534,0.0,0.0,0.0,,,0.0,0.0,0.0,,,74,0,0.0,0.0,0.0,0,37,25.0,,,41,46,0
12.L1.2550.A2535,0.0,0.0,0.0,,,0.0,0.0,0.0,,,125,0,0.0,0.0,0.0,248,62,42.0,25.0,16.8010752688172,68,78,248
12.L1.2550.A2536,0.0,0.0,0.0,,,0.0,0.0,0.0,,,0,0,0.0,,,0,0,0.0,,,0,0,0
12.L1.2550.A2537,0.0,0.0,0.0,,,0.0,0.0,0.0,,,0,0,0.0,,,0,0,0.0,,,0,0,0
12.L1.2550.A2538,0.0,0.0,0.0,,,0.0,0.0,0.0,,,0,0,0.0,,,296,0,0.0,0.0,0.0,0,0,296
12.L1.2550.A2539,0.0,0.0,0.0,,,0.0,0.0,0.0,,,0,0,0.0,,,0,0,0.0,,,0,0,0
12.L1.2550.U2518,0.0,0.0,0.0,,,0.0,0.0,0.0,,,36,0,0.0,0.0,0.0,12,18,12.0,50.0,100.0,20,23,12
12.L1.2550.U2519,0.0,0.0,0.0,,,0.0,0.0,0.0,,,0,0,0.0,,,0,0,0.0,,,0,0,0
12.L1.2550.U2520,0.0,0.0,0.0,,,0.0,0.0,0.0,,,0,0,0.0,,,0,0,0.0,,,0,0,0
12.L1.2550.U2526,0.0,0.0,0.0,,,0.0,0.0,0.0,,,112,0,0.0,0.0,0.0,48,56,37.0,83.33333333333334,77.77777777777779,62,70,48
12.L1.2550.U2527,0.0,0.0,0.0,,,0.0,0.0,0.0,,,168,0,0.0,0.0,0.0,427,84,56.0,19.672131147540984,13.11475409836066,92,105,427
12.L1.2550.U2528,0.0,0.0,0.0,,,0.0,0.0,0.0,,,16,0,0.0,0.0,0.0,0,8,5.0,,,9,10,0
12.L1.2550.U2530,0.0,0.0,0.0,,,0.0,0.0,0.0,,,0,0,0.0,,,0,0,0.0,,,0,0,0
12.L1.2550.U2531,0.0,0.0,0.0,,,0.0,0.0,0.0,,,0,0,0.0,,,0,0,0.0,,,0,0,0
12.L1.2550.U2532,0.0,0.0,0.0,,,0.0,0.0,0.0,,,0,0,0.0,,,0,0,0.0,,,0,0,0
12.L1.2550.U2533,0.0,0.0,0.0,,,0.0,0.0,0.0,,,0,0,0.0,,,0,0,0.0,,,0,0,0
12.L1.2550.U2534,0.0,0.0,0.0,,,0.0,0.0,0.0,,,10,0,0.0,0.0,0.0,48,5,3.0,10.416666666666663,6.9444444444444535,6,6,48
12.L1.2550.U2535,0.0,0.0,0.0,,,0.0,0.0,0.0,,,120,0,0.0,0.0,0.0,0,60,40.0,,,66,75,0
12.L1.2550.U2536,0.0,0.0,0.0,,,0.0,0.0,0.0,,,0,0,0.0,,,0,0,0.0,,,0,0,0
12.L1.2550.U2537,0.0,0.0,0.0,,,0.0,0.0,0.0,,,0,0,0.0,,,34,0,0.0,0.0,0.0,0,0,34
12.L1.2550.U2538,0.0,0.0,0.0,,,0.0,0.0,0.0,,,0,0,0.0,,,0,0,0.0,,,0,0,0
12.L1.2550.U2539,0.0,0.0,0.0,,,0.0,0.0,0.0,,,0,0,0.0,,,192,0,0.0,0.0,0.0,0,0,192
12.L1.3030.3002,0.0,73.0,73.0,,,0.0,0.0,0.0,,,0,0,0.0,,,0,0,0.0,,,0,0,0
12.L1.3030.3005,0.0,0.0,0.0,,,0.0,0.0,0.0,,,0,0,0.0,,,0,0,0.0,,,0,0,0
12.L1.3030.3018,0.0,0.0,0.0,,,0.0,0.0,0.0,,,0,0,0.0,,,0,0,0.0,,,0,0,0
12.L1.3030.3019,0.0,0.0,0.0,,,0.0,0.0,0.0,,,0,0,0.0,,,0,0,0.0,,,0,0,0
12.L1.3030.3020,0.0,18.0,18.0,,,0.0,18.0,18.0,,,0,0,18.0,,,0,0,0.0,,,0,0,0
12.L1.3030.3021,18.0,29.0,29.0,37.037037037037045,37.037037037037045,0.0,35.0,35.0,,,0,24,35.0,,,0,0,6.0,,,0,0,0
12.L1.3030.3022,0.0,0.0,0.0,,,0.0,0.0,0.0,,,0,0,0.0,,,0,0,0.0,,,0,0,0
12.L1.3030.3023,0.0,22.0,22.0,,,0.0,22.0,22.0,,,0,0,0.0,,,0,0,0.0,,,0,0,0
12.L1.3030.3024,177.0,121.0,121.0,68.54990583804144,68.54990583804144,464.0,151.0,151.0,32.543103448275865,32.543103448275865,251,170,239.0,67.72908366533865,95.3519256308101,0,0,297.0,,,26,85,0
12.L1.3030.3026,0.0,0.0,0.0,,,0.0,0.0,0.0,,,0,0,0.0,,,0,0,0.0,,,0,0,0
14.L1.3030.33316,105.0,125.0,125.0,80.63492063492063,80.63492063492063,0.0,150.0,150.0,,,0,92,66.0,,,165,0,35.0,0.0,21.212121212121215,0,0,165
14.L1.3030.33318,326.0,184.0,184.0,56.5439672801636,56.5439672801636,300.0,258.0,258.0,86.1111111111111,86.1111111111111,0,313,220.0,,,90,155,209.0,27.77777777777778,0.0,138,116,90
14.L1.3030.33320,3668.0,100.0,100.0,2.7353689567430117,2.7353689567430117,220.0,1286.0,1286.0,0.0,0.0,0,134,1307.0,,,0,0,1296.0,,,0,0,0
14.L1.3030.33408,0.0,145.0,145.0,,,0.0,24.0,24.0,,,0,0,0.0,,,0,0,0.0,,,0,0,0
14.L1.3030.33411,110.0,183.0,183.0,33.63636363636363,33.63636363636363,721.0,139.0,139.0,19.278779472954234,19.278779472954234,99,154,315.0,44.44444444444444,0.0,0,0,310.0,,,23,77,0
14.L1.3030.33418,187.0,102.0,102.0,54.54545454545454,54.54545454545454,799.0,121.0,121.0,15.143929912390487,15.143929912390487,0,142,336.0,,,5,277,329.0,0.0,0.0,298,232,5
14.L1.3060.A36320,2425.0,4997.0,4997.0,0.0,0.0,826.0,4617.0,4617.0,0.0,0.0,1975,1800,3638.0,91.13924050632912,15.797468354430377,3879,1720,1742.0,44.341325083784476,44.908481567414285,1618,1720,3879
14.L1.3060.A36320D,89.0,296.0,296.0,0.0,0.0,34.0,211.0,211.0,0.0,0.0,215,132,187.0,61.3953488372093,87.13178294573643,143,136,113.0,95.1048951048951,78.78787878787878,139,153,143
14.L1.3060.A36420,525.0,2061.0,2061.0,0.0,0.0,947.0,1780.0,1780.0,12.038014783526929,12.038014783526929,1718,1271,1557.0,73.9813736903376,90.60923554520761,2078,1248,1063.0,60.05774783445621,51.17099775425088,1329,1382,2078
14.L1.3060.A36800,612.0,1057.0,1057.0,27.287581699346408,27.287581699346408,145.0,856.0,856.0,0.0,0.0,232,310,343.0,66.37931034482759,52.29885057471264,4,4,330.0,100.0,0.0,65,78,4
14.L1.3060.A36800D,424.0,120.0,120.0,28.301886792452834,28.301886792452834,202.0,141.0,141.0,69.96699669966998,69.96699669966998,0,281,209.0,,,0,0,209.0,,,0,0,0
14.L1.3060.A36800V,416.0,453.0,453.0,91.10576923076923,91.10576923076923,314.0,139.0,139.0,44.161358811040344,44.161358811040344,0,282,243.0,,,0,0,243.0,,,0,0,0
14.L1.3060.A36801,0.0,512.0,512.0,,,256.0,277.0,277.0,91.66666666666667,91.66666666666667,2133,540,85.0,25.31645569620253,4.000625097671506,24,1143,796.0,0.0,0.0,1263,1401,24
14.L1.3060.A36801D,0.0,175.0,175.0,,,0.0,111.0,111.0,,,0,0,0.0,,,0,0,0.0,,,0,0,0
14.L1.3060.A36801V,0.0,384.0,384.0,,,0.0,312.0,312.0,,,0,0,0.0,,,0,0,0.0,,,0,0,0
14.L1.3060.A36810,0.0,335.0,335.0,,,0.0,84.0,84.0,,,124,0,0.0,0.0,0.0,0,62,41.0,,,68,77,0
14.L1.3060.A36810D,15.0,11.0,11.0,71.1111111111111,71.1111111111111,0.0,16.0,16.0,,,72,15,5.0,20.833333333333336,6.944444444444442,31,31,29.0,100.0,93.5483870967742,40,41,31
14.L1.3060.A36822,1588.0,7390.0,7390.0,0.0,0.0,1914.0,6249.0,6249.0,0.0,0.0,3091,3469,4560.0,87.77094791329667,52.46414321147419,1720,2437,2198.0,58.31395348837209,72.22868217054264,2529,2614,1720
14.L1.3060.A36822D,252.0,520.0,520.0,0.0,0.0,342.0,370.0,370.0,91.91033138401559,91.91033138401559,711,333,342.0,46.83544303797469,48.14814814814815,140,508,435.0,0.0,0.0,536,563,140
14.L1.3060.A36910,8.0,65.0,65.0,0.0,0.0,0.0,46.0,46.0,,,42,2,3.0,4.761904761904767,6.349206349206349,93,23,17.0,24.731182795698924,17.92114695340502,24,27,93
14.L1.3060.A36922,1699.0,2956.0,2956.0,25.995683735530694,25.995683735530694,2163.0,2531.0,2531.0,82.9711820003082,82.9711820003082,1827,2062,2072.0,87.13738368910782,86.6082831600073,1785,1902,1896.0,93.4453781512605,93.76283846872082,1932,1902,1785
14.L1.3060.A36CB8006,1640.0,1278.0,1278.0,77.90650406504065,77.90650406504065,235.0,1126.0,1126.0,0.0,0.0,92,850,1052.0,0.0,0.0,167,167,656.0,100.0,0.0,71,175,167
14.L1.3060.A36CB8006D,0.0,8.0,8.0,,,59.0,8.0,8.0,13.559322033898303,13.559322033898303,0,24,28.0,,,0,18,20.0,,,21,16,0
14.L1.3060.A36CB8006V,96.0,117.0,117.0,77.77777777777779,77.77777777777779,0.0,93.0,93.0,,,4,110,93.0,0.0,0.0,0,21,33.0,,,12,13,0
14.L1.3060.A36CB8010,215.0,2259.0,2259.0,0.0,0.0,307.0,1752.0,1752.0,0.0,0.0,887,654,900.0,73.73167981961669,98.4968057121383,964,579,470.0,60.06224066390041,48.72060857538037,617,660,964
14.L1.3060.A36CB8010D,7.0,106.0,106.0,0.0,0.0,50.0,38.0,38.0,76.0,76.0,25,71,50.0,0.0,1.333333333333342,96,29,27.0,30.208333333333336,28.47222222222222,32,30,96
14.L1.3060.A36CB8010V,3.0,167.0,167.0,0.0,0.0,50.0,147.0,147.0,0.0,0.0,18,100,63.0,0.0,0.0,84,25,24.0,29.761904761904766,28.174603174603185,28,25,84
14.L1.3060.A36CW8005,1424.0,828.0,828.0,58.12265917602997,58.12265917602997,64.0,711.0,711.0,0.0,0.0,716,584,703.0,81.56424581005587,98.23091247672254,2228,662,735.0,29.71274685816876,32.97426690604428,559,621,2228
14.L1.3060.A36CW8005D,102.0,19.0,19.0,18.954248366013072,18.954248366013072,130.0,34.0,34.0,26.15384615384615,26.15384615384615,16,116,77.0,0.0,0.0,300,67,83.0,22.33333333333334,27.555555555555568,64,55,300
14.L1.3060.A36CW8005V,48.0,71.0,71.0,52.08333333333333,52.08333333333333,6.0,30.0,30.0,0.0,0.0,129,25,22.0,19.379844961240313,16.795865633074936,0,76,61.0,,,78,88,0
14.L1.3060.A36CW8007,936.0,4278.0,4278.0,0.0,0.0,2433.0,906.0,906.0,37.23797780517879,37.23797780517879,5768,1612,1313.0,27.947295423023576,22.769301895515483,1576,3801,3046.0,0.0,6.747038917089688,4118,4353,1576
14.L1.3060.A36CW8007D,33.0,53.0,53.0,40.40404040404041,40.40404040404041,56.0,48.0,48.0,85.11904761904762,85.11904761904762,200,52,40.0,26.0,19.833333333333325,67,123,96.0,16.417910447761198,56.21890547263681,133,143,67
14.L1.3060.A36CW8007V,96.0,538.0,538.0,0.0,0.0,282.0,108.0,108.0,38.17966903073287,38.17966903073287,227,230,186.0,98.6784140969163,81.791483113069,24,217,202.0,0.0,0.0,233,227,24
14.L1.3060.A36CW8008,5898.0,2315.0,2315.0,39.25059342149881,39.25059342149881,5607.0,3586.0,3586.0,63.94982462398193,63.94982462398193,498,4904,4386.0,0.0,0.0,2674,3111,4001.0,83.65744203440538,50.37397157816006,2826,2446,2674
14.L1.3060.A36CW8008D,455.0,206.0,206.0,45.27472527472527,45.27472527472527,291.0,271.0,271.0,93.24169530355097,93.24169530355097,40,275,283.0,0.0,0.0,152,198,262.0,69.73684210526316,27.631578947368418,169,152,152
14.L1.3060.A36CW8008V,575.0,333.0,333.0,57.85507246376812,57.85507246376812,643.0,455.0,455.0,70.76205287713842,70.76205287713842,83,524,462.0,0.0,0.0,256,349,434.0,63.671875,30.598958333333325,328,285,256
14.L1.3060.A36CW8009,27.0,1115.0,1115.0,0.0,0.0,105.0,759.0,759.0,0.0,0.0,498,184,249.0,36.94779116465864,50.0,0,0,210.0,,,0,0,0
14.L1.3060.A36CW8009D,0.0,59.0,59.0,,,13.0,54.0,54.0,0.0,0.0,0,16,16.0,,,0,4,4.0,,,5,4,0
14.L1.3060.A36CW8009V,0.0,90.0,90.0,,,11.0,46.0,46.0,0.0,0.0,0,125,45.0,,,0,3,4.0,,,4,3,0
14.L1.3060.A36MA8017,920.0,3857.0,3857.0,0.0,0.0,188.0,2520.0,2520.0,0.0,0.0,559,1227,1798.0,0.0,0.0,732,520,556.0,71.03825136612022,75.91074681238615,465,500,732
14.L1.3060.A36MD9016,1078.0,852.0,852.0,79.0352504638219,79.0352504638219,601.0,879.0,879.0,53.68829728230726,53.68829728230726,229,720,671.0,0.0,0.0,751,510,636.0,67.90945406125167,84.68708388814915,444,421,751
14.L1.3060.A36MD9016D,176.0,295.0,295.0,32.38636363636363,32.38636363636363,63.0,189.0,189.0,0.0,0.0,57,94,96.0,35.08771929824561,32.16374269005847,36,83,99.0,0.0,0.0,71,72,36
14.L1.3060.A36MG9012,1417.0,1376.0,1376.0,97.08303928487415,97.08303928487415,737.0,1174.0,1174.0,40.7055630936228,40.7055630936228,2017,890,879.0,44.12493802677243,43.56304743017682,264,1513,1390.0,0.0,0.0,1509,1612,264
14.L1.3060.A36MG9012D,343.0,196.0,196.0,57.14285714285714,57.14285714285714,236.0,147.0,147.0,62.42937853107344,62.42937853107344,357,300,196.0,84.03361344537815,54.995331465919705,181,318,312.0,24.309392265193374,27.62430939226519,313,323,181
14.L1.3060.A36ML8012,1704.0,3013.0,3013.0,23.161189358372447,23.161189358372447,1309.0,1683.0,1683.0,71.4540361599185,71.4540361599185,1437,1446,1472.0,99.37369519832986,97.58756668986314,151,151,1483.0,100.0,0.0,98,151,151
14.L1.3060.A36ML8016,1243.0,2240.0,2240.0,19.76401179941002,19.76401179941002,878.0,1528.0,1528.0,25.930144267274112,25.930144267274112,508,760,771.0,50.39370078740157,48.16272965879265,978,766,876.0,78.32310838445808,89.6046353101568,711,687,978
14.L1.3060.A36MN9017,720.0,889.0,889.0,76.48148148148147,76.48148148148147,636.0,775.0,775.0,78.19706498951783,78.19706498951783,724,729,777.0,99.30939226519338,92.63351749539595,749,697,693.0,93.0574098798398,92.56786826880285,693,700,749
14.L1.3060.A36MN9017D,125.0,332.0,332.0,0.0,0.0,0.0,186.0,186.0,,,246,139,88.0,56.50406504065041,35.77235772357723,213,148,124.0,69.48356807511738,58.05946791862284,148,168,213
14.L1.3060.A36PG8015,2569.0,1187.0,1187.0,46.217724146879455,46.217724146879455,581.0,1397.0,1397.0,0.0,0.0,750,1278,1411.0,29.600000000000005,11.911111111111106,376,1063,1300.0,0.0,0.0,873,905,376
14.L1.3060.A36PM9015,1309.0,326.0,326.0,24.904507257448437,24.904507257448437,614.0,622.0,622.0,98.69706840390879,98.69706840390879,993,878,693.0,88.41893252769385,69.78851963746224,882,942,972.0,93.19727891156462,89.79591836734694,892,927,882
14.L1.3060.A36PM9015D,295.0,60.0,60.0,20.33898305084746,20.33898305084746,135.0,152.0,152.0,87.65432098765433,87.65432098765433,63,104,150.0,34.92063492063492,0.0,109,131,164.0,79.81651376146789,49.2354740061162,111,107,109
14.L1.3060.A36PW8000,6205.0,5278.0,5278.0,85.0604351329573,85.0604351329573,4869.0,3479.0,3479.0,71.45204354076813,71.45204354076813,6352,4568,4145.0,71.91435768261965,65.26028547439127,1044,1044,5809.0,100.0,0.0,679,1759,1044
14.L1.3060.A36PW8000D,257.0,207.0,207.0,80.41504539559014,80.41504539559014,124.0,182.0,182.0,53.2258064516129,53.2258064516129,34,218,164.0,0.0,0.0,38,106,138.0,0.0,0.0,88,83,38
14.L1.3060.A36PW8000V,141.0,379.0,379.0,0.0,0.0,395.0,233.0,233.0,58.9873417721519,58.9873417721519,93,280,264.0,0.0,0.0,131,193,210.0,52.67175572519084,39.949109414758276,203,178,131
14.L1.3060.A36SG404,413.0,218.0,218.0,52.86521388216303,52.86521388216303,326.0,222.0,222.0,67.99591002044988,67.99591002044988,125,364,308.0,0.0,0.0,82,243,288.0,0.0,0.0,224,210,82
14.L1.3060.A36SG404D,0.0,11.0,11.0,,,0.0,0.0,0.0,,,10,0,0.0,0.0,0.0,28,28,3.0,100.0,11.904761904761896,14,0,28
14.L1.3060.A36SG405,24.0,54.0,54.0,0.0,0.0,56.0,35.0,35.0,63.095238095238095,63.095238095238095,897,50,39.0,5.574136008918618,4.384986993682649,133,470,326.0,0.0,0.0,515,578,133
14.L1.3060.A36SG405D,0.0,8.0,8.0,,,0.0,0.0,0.0,,,0,0,0.0,,,0,0,0.0,,,0,0,0
14.L1.3060.A36SW304,397.0,522.0,522.0,68.51385390428212,68.51385390428212,384.0,393.0,393.0,97.74305555555554,97.74305555555554,254,380,375.0,50.39370078740157,52.49343832020996,16,16,345.0,100.0,0.0,10,16,16
14.L1.3060.A36SW305,1595.0,349.0,349.0,21.901776384534998,21.901776384534998,353.0,761.0,761.0,0.0,0.0,43,356,843.0,0.0,0.0,75,75,664.0,100.0,0.0,32,75,75
14.L1.3060.US36AG901,11.0,76.0,76.0,0.0,0.0,151.0,42.0,42.0,28.03532008830023,28.03532008830023,142,106,87.0,74.64788732394366,61.502347417840376,0,0,101.0,,,16,53,0
14.L1.3060.US36AG901D,112.0,42.0,42.0,37.79761904761906,37.79761904761906,2.0,37.0,37.0,0.0,0.0,0,92,38.0,,,0,23,38.0,,,12,13,0
14.L1.3060.US36AW801,650.0,415.0,415.0,63.794871794871796,63.794871794871796,55.0,494.0,494.0,0.0,0.0,33,458,464.0,0.0,0.0,389,163,246.0,41.90231362467867,63.239074550128535,102,106,389
14.L1.3060.US36CB806,0.0,159.0,159.0,,,0.0,147.0,147.0,,,0,0,21.0,,,0,0,0.0,,,0,0,0
14.L1.3060.US36CB902,0.0,137.0,137.0,,,2.0,134.0,134.0,0.0,0.0,0,35,112.0,,,0,1,1.0,,,1,1,0
14.L1.3060.US36CB902D,0.0,11.0,11.0,,,0.0,3.0,3.0,,,0,0,3.0,,,0,0,0.0,,,0,0,0
14.L1.3060.US36CG802,11.0,145.0,145.0,0.0,0.0,0.0,69.0,69.0,,,134,164,58.0,77.61194029850746,43.53233830845772,140,69,48.0,49.28571428571429,34.52380952380953,75,85,140
14.L1.3060.US36CG804,0.0,236.0,236.0,,,0.0,99.0,99.0,,,0,0,7.0,,,0,0,0.0,,,0,0,0
14.L1.3060.US36CN906,28.0,48.0,48.0,29.761904761904766,29.761904761904766,0.0,57.0,57.0,,,0,42,15.0,,,0,0,9.0,,,0,0,0
14.L1.3060.US36CN906D,3.0,54.0,54.0,0.0,0.0,0.0,51.0,51.0,,,0,10,3.0,,,0,0,1.0,,,0,0,0
14.L1.3060.US36CW807,45.0,390.0,390.0,0.0,0.0,476.0,275.0,275.0,57.773109243697476,57.773109243697476,1,370,290.0,0.0,0.0,0,0,174.0,,,55,185,0
14.L1.3060.US36LB907,5.0,224.0,224.0,0.0,0.0,252.0,186.0,186.0,73.80952380952381,73.80952380952381,1316,154,149.0,11.702127659574469,11.296859169199603,400,735,524.0,16.249999999999996,68.91666666666666,813,890,400
14.L1.3060.US36LB907D,0.0,93.0,93.0,,,16.0,9.0,9.0,58.333333333333336,58.333333333333336,6,28,15.0,0.0,0.0,0,8,7.0,,,9,8,0
14.L1.3060.US36LG904,11.0,69.0,69.0,0.0,0.0,0.0,72.0,72.0,,,0,11,4.0,,,0,0,4.0,,,0,0,0
14.L1.3060.US36LG904D,0.0,40.0,40.0,,,0.0,40.0,40.0,,,0,0,0.0,,,0,0,0.0,,,0,0,0
14.L1.4080.48800,2400.0,326.0,326.0,13.569444444444434,13.569444444444434,2600.0,851.0,851.0,32.71794871794871,32.71794871794871,0,910,1667.0,,,50,50,1667.0,100.0,0.0,14,50,50
14.L1.4080.48807,7.0,0.0,0.0,0.0,0.0,0.0,2.0,2.0,,,0,2,2.0,,,0,0,2.0,,,0,0,0
14.L1.4080.48868,0.0,17.0,17.0,,,0.0,17.0,17.0,,,0,0,17.0,,,0,0,0.0,,,0,0,0
14.L1.4080.48907,29.0,38.0,38.0,68.96551724137932,68.96551724137932,5.0,43.0,43.0,0.0,0.0,0,29,11.0,,,6,7,11.0,83.33333333333334,11.111111111111105,4,4,6
14.L1.4080.48907D,3.0,2.0,2.0,66.66666666666667,66.66666666666667,0.0,1.0,1.0,,,0,6,1.0,,,0,0,1.0,,,0,0,0
14.L1.4080.48968D,0.0,42.0,42.0,,,0.0,0.0,0.0,,,0,0,0.0,,,0,0,0.0,,,0,0,0
14.L1.60120.61184061,0.0,61.0,61.0,,,27.0,4.0,4.0,14.814814814814813,14.814814814814813,0,14,9.0,,,9,8,9.0,88.88888888888889,100.0,9,7,9
14.L1.60120.61185064,0.0,9.0,9.0,,,0.0,1.0,1.0,,,0,0,1.0,,,0,0,0.0,,,0,0,0
14.L1.60120.61286012,0.0,0.0,0.0,,,0.0,0.0,0.0,,,0,0,0.0,,,0,0,0.0,,,0,0,0
14.L1.60120.M61LD902,0.0,0.0,0.0,,,0.0,0.0,0.0,,,0,0,0.0,,,0,0,0.0,,,0,0,0
14.L1.6060.66181004,57.0,612.0,612.0,0.0,0.0,267.0,159.0,159.0,59.42571785268414,59.42571785268414,0,323,234.0,,,84,92,108.0,90.47619047619048,71.42857142857143,99,77,84
14.L1.6060.66182031,11.0,91.0,91.0,0.0,0.0,0.0,75.0,75.0,,,0,44,4.0,,,0,0,4.0,,,0,0,0
14.L1.6060.66282018,14.0,364.0,364.0,0.0,0.0,742.0,100.0,100.0,13.477088948787063,13.477088948787063,44,300,260.0,0.0,0.0,108,247,267.0,0.0,0.0,285,225,108
14.L1.6060.66383026,0.0,36.0,36.0,,,0.0,36.0,36.0,,,0,0,0.0,,,0,0,0.0,,,0,0,0
14.L1.6060.A66CB8052,45.0,76.0,76.0,31.11111111111111,31.11111111111111,8.0,24.0,24.0,0.0,0.0,0,15,20.0,,,0,11,18.0,,,7,7,0
14.L1.6060.A66CG8051,260.0,76.0,76.0,29.10256410256411,29.10256410256411,98.0,128.0,128.0,69.38775510204081,69.38775510204081,263,100,151.0,38.02281368821293,57.28770595690747,766,766,207.0,100.0,27.023498694516967,548,585,766
14.L1.6060.A66DT8053,42.0,28.0,28.0,67.46031746031747,67.46031746031747,4.0,25.0,25.0,0.0,0.0,0,15,15.0,,,0,10,15.0,,,6,6,0
14.L1.6060.A66EB8058,70.0,153.0,153.0,0.0,0.0,238.0,129.0,129.0,54.34173669467788,54.34173669467788,147,155,128.0,94.5578231292517,86.84807256235828,66,159,152.0,0.0,0.0,171,163,66
14.L1.6060.A66EG8057,72.0,176.0,176.0,0.0,0.0,131.0,194.0,194.0,52.16284987277354,52.16284987277354,55,65,215.0,81.81818181818181,0.0,0,81,86.0,,,83,77,0
14.L1.6060.A66MD8061,335.0,283.0,283.0,84.37810945273633,84.37810945273633,7.0,262.0,262.0,0.0,0.0,571,138,170.0,24.16812609457093,29.830706363105676,66,355,304.0,0.0,0.0,350,396,66
14.L1.6060.A66MG8054,0.0,167.0,167.0,,,39.0,21.0,21.0,54.7008547008547,54.7008547008547,361,24,20.0,6.648199445983383,5.447830101569718,416,192,133.0,46.15384615384615,32.05128205128206,212,236,416
14.L1.6060.A66MW8056,324.0,196.0,196.0,60.39094650205761,60.39094650205761,52.0,148.0,148.0,0.0,0.0,0,130,125.0,,,78,80,125.0,97.43589743589743,39.31623931623932,50,49,78
14.L1.6060.A66OW8055,297.0,248.0,248.0,83.5016835016835,83.5016835016835,258.0,179.0,179.0,69.25064599483204,69.25064599483204,1097,227,200.0,20.692798541476755,18.201154664235787,199,685,551.0,0.0,0.0,723,786,199
14.L1.6060.M66LD902,16.0,12.0,12.0,77.08333333333334,77.08333333333334,0.0,15.0,15.0,,,4,12,15.0,0.0,0.0,0,5,7.0,,,4,4,0
14.L1.8012.BL81807,0.0,0.0,0.0,,,0.0,0.0,0.0,,,0,0,0.0,,,0,0,0.0,,,0,0,0
14.L1.80120.M81AG905,0.0,35.0,35.0,,,15.0,31.0,31.0,0.0,0.0,22,10,6.0,45.45454545454546,25.75757575757577,0,16,12.0,,,18,18,0
14.L1.80120.M81CB907,5.0,0.0,0.0,0.0,0.0,0.0,2.0,2.0,,,0,4,2.0,,,0,0,2.0,,,0,0,0
14.L1.80120.M81DT904,0.0,0.0,0.0,,,0.0,0.0,0.0,,,4,0,0.0,0.0,0.0,0,2,1.0,,,2,2,0
14.L1.80120.M81LD902,0.0,3.0,3.0,,,2.0,3.0,3.0,50.0,50.0,0,6,4.0,,,0,1,1.0,,,1,1,0
14.L1.80120.M81LG902,0.0,51.0,51.0,,,0.0,16.0,16.0,,,2,0,16.0,0.0,0.0,7,1,1.0,14.28571428571429,9.523809523809524,1,1,7
14.L1.80120.M81MW906,0.0,21.0,21.0,,,4.0,18.0,18.0,0.0,0.0,0,12,5.0,,,0,1,1.0,,,1,1,0
14.L1.80120.M81OW903,0.0,0.0,0.0,,,0.0,0.0,0.0,,,0,0,0.0,,,0,0,0.0,,,0,0,0
14.L1.8080.88181004,91.0,141.0,141.0,45.05494505494505,45.05494505494505,3.0,69.0,69.0,0.0,0.0,1,112,70.0,0.0,0.0,0,20,32.0,,,11,12,0
14.L1.8080.88282018,42.0,206.0,206.0,0.0,0.0,342.0,29.0,29.0,8.382066276803124,8.382066276803124,7,36,133.0,0.0,0.0,0,0,130.0,,,5,18,0
14.L1.8080.88283003,0.0,5.0,5.0,,,40.0,5.0,5.0,12.5,12.5,2,40,13.0,0.0,0.0,50,13,14.0,26.0,28.000000000000004,15,12,50
14.L1.8080.88284041,0.0,4.0,4.0,,,0.0,0.0,0.0,,,0,0,0.0,,,0,0,0.0,,,0,0,0
14.L1.8080.88285052,0.0,0.0,0.0,,,0.0,0.0,0.0,,,0,0,0.0,,,0,0,0.0,,,0,0,0
14.L1.8080.M88AG905,0.0,1.0,1.0,,,0.0,0.0,0.0,,,18,0,0.0,0.0,0.0,0,9,6.0,,,10,11,0
14.L1.8080.M88DT904,0.0,7.0,7.0,,,0.0,5.0,5.0,,,0,0,5.0,,,2,0,0.0,0.0,0.0,0,0,2
14.L1.8080.M88LD902,18.0,29.0,29.0,40.74074074074073,40.74074074074073,45.0,13.0,13.0,29.62962962962964,29.62962962962964,0,45,28.0,,,11,17,21.0,45.45454545454546,9.090909090909093,18,14,11
14.L1.8080.M88LG902,26.0,61.0,61.0,0.0,0.0,34.0,13.0,13.0,38.23529411764706,38.23529411764706,1,25,24.0,0.0,0.0,16,16,20.0,100.0,72.91666666666667,15,12,16
14.L1.8080.M88MW909,186.0,59.0,59.0,31.720430107526887,31.720430107526887,12.0,91.0,91.0,0.0,0.0,0,79,72.0,,,0,41,66.0,,,23,24,0
14.L1.8080.M88OW903,0.0,0.0,0.0,,,16.0,0.0,0.0,0.0,0.0,0,16,5.0,,,0,5,5.0,,,6,4,0
15.L1.3060.2911,0.0,0.0,0.0,,,0.0,0.0,0.0,,,0,0,0.0,,,0,0,0.0,,,0,0,0
15.L1.3060.2912,0.0,110.0,110.0,,,16.0,110.0,110.0,0.0,0.0,0,172,5.0,,,0,5,5.0,,,6,4,0
15.L1.3060.2913,0.0,127.0,127.0,,,0.0,35.0,35.0,,,576,0,0.0,0.0,0.0,40,288,192.0,0.0,0.0,317,360,40
15.L1.6060.6601,80.0,396.0,396.0,0.0,0.0,132.0,237.0,237.0,20.45454545454546,20.45454545454546,208,208,267.0,100.0,71.47435897435899,0,0,140.0,,,16,53,0
15.L1.6060.6602,176.0,1152.0,1152.0,0.0,0.0,135.0,846.0,846.0,0.0,0.0,0,218,266.0,,,430,76,104.0,17.674418604651166,24.108527131782953,65,55,430
15.L1.6060.6604,166.0,527.0,527.0,0.0,0.0,166.0,252.0,252.0,48.19277108433735,48.19277108433735,267,173,178.0,64.7940074906367,66.79151061173533,10,216,200.0,0.0,0.0,221,229,10
15.L1.6060.6605,40.0,70.0,70.0,25.0,25.0,0.0,49.0,49.0,,,0,10,34.0,,,0,0,13.0,,,0,0,0
15.L1.6060.6606,50.0,187.0,187.0,0.0,0.0,0.0,17.0,17.0,,,68,15,17.0,22.058823529411764,24.50980392156863,0,44,39.0,,,42,48,0
20.L1.100100.51107,0.0,0.0,0.0,,,0.0,0.0,0.0,,,0,0,0.0,,,0,0,0.0,,,0,0,0
20.L1.100100.91110,661.0,135.0,135.0,20.474029248613213,20.474029248613213,285.0,269.0,269.0,94.50292397660817,94.50292397660817,524,349,329.0,66.6030534351145,62.786259541984734,202,480,490.0,0.0,0.0,454,476,202
20.L1.100100.91111,32.0,70.0,70.0,0.0,0.0,2.0,81.0,81.0,0.0,0.0,209,61,61.0,29.186602870813395,29.027113237639547,99,14,81.0,14.141414141414144,81.81818181818181,9,20,99
20.L1.100100.91112,242.0,481.0,481.0,1.2396694214875992,1.2396694214875992,448.0,330.0,330.0,73.58630952380953,73.58630952380953,504,415,427.0,82.34126984126983,84.65608465608466,60,435,398.0,0.0,0.0,458,460,60
20.L1.100100.91113,117.0,421.0,421.0,0.0,0.0,355.0,291.0,291.0,81.97183098591549,81.97183098591549,82,220,170.0,0.0,0.0,251,171,185.0,68.12749003984064,73.57237715803453,181,158,251
20.L1.100100.91120,130.0,354.0,354.0,0.0,0.0,16.0,307.0,307.0,0.0,0.0,0,136,197.0,,,6,31,49.0,0.0,0.0,19,19,6
20.L1.100100.91121,530.0,431.0,431.0,81.38364779874213,81.38364779874213,217.0,421.0,421.0,5.990783410138246,5.990783410138246,90,305,312.0,0.0,0.0,258,216,279.0,83.72093023255813,91.86046511627907,178,172,258
20.L1.100100.91122,16.0,244.0,244.0,0.0,0.0,45.0,189.0,189.0,0.0,0.0,6,27,20.0,0.0,0.0,40,20,22.0,50.0,55.833333333333336,21,18,40
20.L1.100100.91123,41.0,37.0,37.0,89.43089430894308,89.43089430894308,499.0,17.0,17.0,3.34001336005344,3.34001336005344,40,15,182.0,37.5,0.0,135,164,193.0,78.51851851851852,56.79012345679011,106,232,135
20.L1.1580.91151,3773.0,6449.0,6449.0,29.066171923314787,29.066171923314787,4276.0,6717.0,6717.0,42.92173370751481,42.92173370751481,4210,4800,6441.0,85.98574821852732,47.01504354711005,4009,4142,4086.0,96.6824644549763,98.0710069011391,4189,4179,4009
20.L1.1580.91152,4520.0,6052.0,6052.0,66.11356932153392,66.11356932153392,10606.0,5033.0,5033.0,47.45112829216167,47.45112829216167,4482,7427,7171.0,34.29272646140116,40.01189944965044,6417,6327,6536.0,98.59747545582047,98.14555088047373,6629,6109,6417
20.L1.1580.91153,6568.0,4000.0,4000.0,60.90641494112871,60.90641494112871,3576.0,4948.0,4948.0,61.623788217747965,61.623788217747965,4526,4679,4916.0,96.61953159522757,91.38311975254088,3319,4649,4890.0,59.92768906297077,52.666465802952686,4398,4499,3319
20.L1.1580.91154,5029.0,8439.0,8439.0,32.199907204878386,32.199907204878386,8783.0,8635.0,8635.0,98.31872177312233,98.31872177312233,5031,7400,7414.0,52.91194593520174,52.6336712383224,5203,6156,6281.0,81.68364405150874,79.28118393234672,6344,6025,5203
20.L1.1580.91181,1188.0,6561.0,6561.0,0.0,0.0,3120.0,4821.0,4821.0,45.49145299145299,45.49145299145299,1473,2925,3116.0,1.4256619144602856,0.0,2118,1910,1927.0,90.17941454202078,90.98205854579793,2021,1878,2118
20.L1.1580.91182,1285.0,5098.0,5098.0,0.0,0.0,7705.0,3084.0,3084.0,40.03028336577981,40.03028336577981,3823,4907,4112.0,71.6453047345017,92.4317726044119,3938,4480,4271.0,86.23666835957339,91.54393092940579,4928,4573,3938
20.L1.1580.91183,5526.0,4022.0,4022.0,72.7892387501508,72.7892387501508,3351.0,4690.0,4690.0,60.051725852979196,60.051725852979196,7086,4674,5194.0,65.961049957663,73.29946373130116,1553,5654,5321.0,0.0,0.0,5623,5925,1553
20.L1.1580.91184,3200.0,6362.0,6362.0,1.187499999999997,1.187499999999997,8243.0,3834.0,3834.0,46.508148327874146,46.508148327874146,5603,5664,4785.0,98.91129751918615,85.4006782081028,3260,5914,5682.0,18.588957055214728,25.705521472392633,6286,6038,3260
20.L1.3030.U81101,1716.0,3466.0,3466.0,0.0,0.0,2684.0,2561.0,2561.0,95.41728763040238,95.41728763040238,2727,2400,2336.0,88.00880088008802,85.66189952328567,1298,2512,2376.0,6.471494607087824,16.974833076528007,2611,2604,1298
20.L1.3030.U81102,5348.0,5794.0,5794.0,91.66043380703066,91.66043380703066,669.0,3527.0,3527.0,0.0,0.0,763,2400,2608.0,0.0,0.0,427,427,2260.0,100.0,0.0,327,1488,427
20.L1.3030.U81103,1426.0,6223.0,6223.0,0.0,0.0,1593.0,4073.0,4073.0,0.0,0.0,3165,2100,2266.0,66.35071090047393,71.6061084781464,3959,2346,2061.0,59.25738822935085,52.06702029131935,2441,2557,3959
20.L1.3030.U81104,1805.0,4878.0,4878.0,0.0,0.0,3374.0,3501.0,3501.0,96.24580122505434,96.24580122505434,2293,2639,2410.0,84.91059747056258,94.89751417357174,1091,2520,2491.0,0.0,0.0,2623,2526,1091
20.L1.3030.U81105,2452.0,4413.0,4413.0,20.024469820554646,20.024469820554646,1450.0,3770.0,3770.0,0.0,0.0,1347,2261,2635.0,32.14550853749072,4.380103934669632,3488,1599,1750.0,45.84288990825688,50.16246177370031,1494,1496,3488
20.L1.3030.U81106,2155.0,9670.0,9670.0,0.0,0.0,1129.0,6251.0,6251.0,0.0,0.0,1124,1969,2359.0,24.822064056939496,0.0,278,278,1469.0,100.0,0.0,139,236,278
20.L1.3030.U81107,2636.0,7951.0,7951.0,0.0,0.0,3189.0,4580.0,4580.0,56.37085815825233,56.37085815825233,1725,3500,4116.0,0.0,0.0,1180,1180,2517.0,100.0,0.0,799,1180,1180
20.L1.3030.U81108,2538.0,8011.0,8011.0,0.0,0.0,1870.0,5307.0,5307.0,0.0,0.0,1674,2472,2762.0,52.32974910394266,35.00597371565114,1359,1359,2027.0,100.0,50.821682609762085,834,1359,1359
20.L1.3030.U81109,2176.0,5150.0,5150.0,0.0,0.0,2872.0,2606.0,2606.0,90.72655524605385,90.72655524605385,2422,2584,2508.0,93.31131296449216,96.46297825488578,2039,2508,2490.0,76.99852869053457,77.88131436978911,2555,2514,2039
20.L1.3030.U81110,3260.0,3116.0,3116.0,95.59304703476484,95.59304703476484,2962.0,2859.0,2859.0,96.52261985145172,96.52261985145172,1880,2802,2646.0,50.95744680851064,59.23758865248225,1363,2481,2701.0,17.975055025678653,1.858645145512361,2397,2319,1363
20.L1.3030.U81111,734.0,2154.0,2154.0,0.0,0.0,817.0,1825.0,1825.0,0.0,0.0,1651,1225,1511.0,74.19745608721986,91.50010094891985,1489,1217,1067.0,81.73270651443923,71.6812178195657,1267,1329,1489
20.L1.3030.U81112,2225.0,2451.0,2451.0,89.82771535580524,89.82771535580524,1443.0,2342.0,2342.0,37.72233772233773,37.72233772233773,1037,1795,1899.0,26.90453230472517,16.843458694953394,1994,1396,1568.0,70.01003009027082,78.65262454028752,1298,1275,1994
20.L1.5050.35108,0.0,170.0,170.0,,,0.0,170.0,170.0,,,0,0,0.0,,,0,0,0.0,,,0,0,0
20.L1.5050.35109,0.0,105.0,105.0,,,0.0,105.0,105.0,,,0,0,0.0,,,0,0,0.0,,,0,0,0
20.L1.5050.35205,0.0,169.0,169.0,,,0.0,125.0,125.0,,,292,0,109.0,0.0,37.44292237442922,0,0,97.0,,,0,1252,0
20.L1.5050.35210,0.0,40.0,40.0,,,0.0,40.0,40.0,,,0,0,0.0,,,0,0,0.0,,,0,0,0
20.L1.5050.91501,28.0,416.0,416.0,0.0,0.0,0.0,361.0,361.0,,,108,185,304.0,28.70370370370371,0.0,0,60,45.0,,,62,71,0
20.L1.5050.91502,1339.0,820.0,820.0,61.23973114264376,61.23973114264376,367.0,863.0,863.0,0.0,0.0,244,683,731.0,0.0,0.0,1218,500,650.0,41.05090311986864,53.36617405582923,397,397,1218
20.L1.5050.91503,1540.0,2402.0,2402.0,44.04761904761906,44.04761904761906,514.0,1629.0,1629.0,0.0,0.0,530,902,990.0,29.811320754716984,13.270440251572335,87,87,861.0,100.0,0.0,170,114,87
20.L1.5050.91504,0.0,133.0,133.0,,,0.0,73.0,73.0,,,0,0,0.0,,,30,0,0.0,0.0,0.0,0,0,30
20.L1.5050.91505,1116.0,939.0,939.0,84.13978494623656,84.13978494623656,639.0,1062.0,1062.0,33.85498174230568,33.85498174230568,96,725,703.0,0.0,0.0,0,0,617.0,,,0,14,0
20.L1.5050.91506,0.0,1311.0,1311.0,,,40.0,620.0,620.0,0.0,0.0,80,119,179.0,51.24999999999999,0.0,203,52,40.0,25.615763546798032,19.704433497536943,58,61,203
20.L1.5050.91507,0.0,436.0,436.0,,,120.0,255.0,255.0,0.0,0.0,876,70,76.0,7.990867579908678,8.675799086757996,692,474,332.0,68.4971098265896,47.97687861271677,524,579,692
20.L1.5050.91508,1760.0,2832.0,2832.0,39.1098484848485,39.1098484848485,2590.0,1267.0,1267.0,48.93178893178893,48.93178893178893,1213,1800,1832.0,51.6075845012366,48.99697719153613,766,1736,1854.0,0.0,0.0,1750,1638,766
20.L1.6060.16001,196.0,604.0,604.0,0.0,0.0,34.0,602.0,602.0,0.0,0.0,590,248,364.0,42.03389830508475,61.694915254237294,102,344,273.0,0.0,0.0,356,399,102
20.L1.6060.16003,61.0,34.0,34.0,56.284153005464475,56.284153005464475,0.0,31.0,31.0,,,0,61,26.0,,,0,0,20.0,,,0,0,0
20.L1.6060.16004,56.0,49.0,49.0,86.90476190476191,86.90476190476191,110.0,21.0,21.0,19.393939393939384,19.393939393939384,39,56,55.0,56.41025641025641,58.11965811965811,0,64,68.0,,,66,60,0
20.L1.6060.16105,6.0,21.0,21.0,0.0,0.0,3.0,21.0,21.0,0.0,0.0,0,8,22.0,,,76,76,3.0,100.0,3.9473684210526327,1,27,76
20.L1.6060.16114,72.0,13.0,13.0,18.518518518518523,18.518518518518523,28.0,37.0,37.0,66.66666666666666,66.66666666666666,0,42,47.0,,,0,23,33.0,,,17,15,0
20.L1.6060.16117,191.0,19.0,19.0,10.122164048865622,10.122164048865622,0.0,64.0,64.0,,,0,58,64.0,,,23,0,64.0,0.0,0.0,0,0,23
20.L1.6060.16405,0.0,22.0,22.0,,,8.0,8.0,8.0,95.83333333333333,95.83333333333333,0,3,3.0,,,0,2,3.0,,,3,2,0
20.L1.6060.16901,280.0,331.0,331.0,81.78571428571428,81.78571428571428,61.0,203.0,203.0,0.0,0.0,191,118,119.0,61.78010471204188,62.30366492146597,248,170,177.0,68.5483870967742,71.50537634408603,154,166,248
20.L1.6060.16902,146.0,50.0,50.0,34.018264840182646,34.018264840182646,247.0,57.0,57.0,22.94197031039136,22.94197031039136,1,150,138.0,0.0,0.0,202,104,131.0,51.48514851485149,65.01650165016501,102,82,202
20.L1.6060.16903,0.0,386.0,386.0,,,112.0,125.0,125.0,88.0952380952381,88.0952380952381,57,45,37.0,78.94736842105263,65.49707602339181,38,62,56.0,36.8421052631579,51.754385964912274,70,65,38
20.L1.6060.16904,0.0,72.0,72.0,,,110.0,58.0,58.0,52.424242424242415,52.424242424242415,106,85,92.0,80.18867924528301,87.1069182389937,290,290,72.0,100.0,24.827586206896555,220,618,290
20.L1.6060.16905,435.0,366.0,366.0,84.21455938697318,84.21455938697318,312.0,267.0,267.0,85.57692307692308,85.57692307692308,477,295,316.0,61.84486373165618,66.31726065688329,248,419,408.0,31.04838709677419,35.483870967741936,415,429,248
20.L1.6060.16906,256.0,235.0,235.0,91.796875,91.796875,342.0,245.0,245.0,71.73489278752436,71.73489278752436,370,280,295.0,75.67567567567568,79.72972972972973,331,339,323.0,97.58308157099698,97.48237663645519,349,350,331
20.L1.6060.26004,290.0,148.0,148.0,51.14942528735633,51.14942528735633,587.0,204.0,204.0,34.69619534355479,34.69619534355479,1033,340,304.0,32.91384317521781,29.461116489190054,182,751,637.0,0.0,0.0,803,833,182
20.L1.6060.26006,63.0,8.0,8.0,13.227513227513231,13.227513227513231,141.0,21.0,21.0,14.893617021276595,14.893617021276595,20,80,68.0,0.0,0.0,0,65,75.0,,,67,57,0
20.L1.6060.26101,4.0,145.0,145.0,0.0,0.0,76.0,13.0,13.0,16.666666666666664,16.666666666666664,0,25,27.0,,,32,24,27.0,75.0,83.33333333333334,27,21,32
20.L1.6060.26103,0.0,0.0,0.0,,,0.0,0.0,0.0,,,0,0,0.0,,,0,0,0.0,,,0,0,0
20.L1.6060.26107,219.0,177.0,177.0,80.6697108066971,80.6697108066971,89.0,244.0,244.0,0.0,0.0,28,166,236.0,0.0,0.0,376,84,112.0,22.3404255319149,29.78723404255319,68,65,376
20.L1.6060.26112,1.0,185.0,185.0,0.0,0.0,16.0,20.0,20.0,75.0,75.0,7,35,7.0,0.0,95.23809523809524,8,8,8.0,100.0,100.0,9,8,8
20.L1.6060.26172,0.0,6.0,6.0,,,0.0,3.0,3.0,,,0,0,0.0,,,0,0,0.0,,,0,0,0
20.L1.6060.26400,0.0,1.0,1.0,,,54.0,1.0,1.0,1.2345679012345623,1.2345679012345623,26,54,18.0,0.0,69.23076923076923,56,29,27.0,51.78571428571428,47.61904761904761,33,30,56
20.L1.6060.26500,0.0,0.0,0.0,,,0.0,0.0,0.0,,,0,0,0.0,,,0,0,0.0,,,0,0,0
20.L1.6060.26901,382.0,624.0,624.0,36.56195462478185,36.56195462478185,239.0,307.0,307.0,71.40864714086473,71.40864714086473,74,200,215.0,0.0,0.0,422,185,232.0,43.83886255924171,54.897314375987364,162,151,422
20.L1.6060.26902,52.0,572.0,572.0,0.0,0.0,876.0,406.0,406.0,46.38508371385084,46.38508371385084,184,451,427.0,0.0,0.0,337,365,371.0,91.69139465875371,90.00989119683481,413,353,337
20.L1.6060.26903,0.0,204.0,204.0,,,162.0,141.0,141.0,87.03703703703704,87.03703703703704,255,91,71.0,35.686274509803916,27.84313725490196,140,176,139.0,74.28571428571429,99.28571428571429,197,202,140
20.L1.6060.26904,288.0,103.0,103.0,35.879629629629626,35.879629629629626,220.0,199.0,199.0,90.60606060606061,90.60606060606061,0,255,273.0,,,503,503,169.0,100.0,33.6646785950961,215,693,503
20.L1.6060.26905,12.0,58.0,58.0,0.0,0.0,32.0,26.0,26.0,82.29166666666666,82.29166666666666,0,15,15.0,,,63,12,15.0,19.047619047619047,23.28042328042328,12,10,63
20.L1.6060.36001,0.0,121.0,121.0,,,92.0,92.0,92.0,100.0,100.0,250,64,61.0,25.6,24.53333333333334,8,153,114.0,0.0,0.0,170,181,8
20.L1.6060.36002,228.0,42.0,42.0,18.274853801169588,18.274853801169588,244.0,76.0,76.0,31.147540983606557,31.147540983606557,125,176,157.0,59.20000000000001,74.13333333333331,52,181,199.0,0.0,0.0,177,168,52
20.L1.6060.36003,0.0,0.0,0.0,,,0.0,0.0,0.0,,,0,0,0.0,,,0,0,0.0,,,0,0,0
20.L1.6060.36004,95.0,269.0,269.0,0.0,0.0,363.0,300.0,300.0,82.73645546372819,82.73645546372819,0,229,420.0,,,0,0,153.0,,,0,0,0
20.L1.6060.36005,40.0,0.0,0.0,0.0,0.0,0.0,13.0,13.0,,,28,165,13.0,0.0,47.61904761904761,0,22,23.0,,,19,22,0
20.L1.6060.36006,49.0,183.0,183.0,0.0,0.0,0.0,151.0,151.0,,,5,275,16.0,0.0,0.0,0,12,18.0,,,8,9,0
20.L1.6060.36902,0.0,0.0,0.0,,,0.0,0.0,0.0,,,0,0,0.0,,,0,0,0.0,,,0,0,0
20.L1.6060.36903,42.0,19.0,19.0,46.031746031746025,46.031746031746025,0.0,14.0,14.0,,,255,58,14.0,22.745098039215684,5.490196078431375,0,0,99.0,,,0,88,0
20.L1.6060.36904,0.0,0.0,0.0,,,0.0,0.0,0.0,,,0,0,0.0,,,0,0,0.0,,,0,0,0
20.L1.6060.36905,50.0,247.0,247.0,0.0,0.0,0.0,127.0,127.0,,,0,332,127.0,,,39,0,17.0,0.0,42.73504273504274,0,0,39
20.L1.6060.36906,139.0,0.0,0.0,0.0,0.0,372.0,46.0,46.0,12.45519713261648,12.45519713261648,0,139,170.0,,,0,0,170.0,,,0,0,0
20.L1.6060.86301,61.0,545.0,545.0,0.0,0.0,129.0,224.0,224.0,26.61498708010337,26.61498708010337,396,131,144.0,33.080808080808076,36.27946127946128,109,249,195.0,0.0,20.795107033639137,269,288,109
20.L1.6060.A16001,3388.0,1287.0,1287.0,37.97717434081071,37.97717434081071,267.0,2126.0,2126.0,0.0,0.0,1395,1550,1807.0,88.88888888888889,70.48984468339306,1260,1455,1683.0,84.52380952380952,66.4021164021164,1199,1315,1260
20.L1.6060.A16003,17.0,46.0,46.0,0.0,0.0,0.0,21.0,21.0,,,0,15,21.0,,,0,0,6.0,,,0,0,0
20.L1.6060.A16004,36.0,1660.0,1660.0,0.0,0.0,0.0,1533.0,1533.0,,,17,417,314.0,0.0,0.0,0,0,18.0,,,0,3,0
20.L1.6060.A16114,0.0,19.0,19.0,,,29.0,19.0,19.0,64.36781609195404,64.36781609195404,0,16,18.0,,,0,9,10.0,,,10,8,0
20.L1.6060.A16405,1649.0,1731.0,1731.0,95.04750353749746,95.04750353749746,1292.0,1753.0,1753.0,64.29308565531477,64.29308565531477,1338,1445,1488.0,92.00298953662183,88.78923766816143,2089,1386,1426.0,66.34753470560076,68.27828307004947,1353,1360,2089
20.L1.6060.A16901,1146.0,2214.0,2214.0,6.806282722513091,6.806282722513091,1765.0,1148.0,1148.0,65.04249291784703,65.04249291784703,3761,1390,1242.0,36.95825578303643,33.03199503678099,1725,2639,2224.0,47.014492753623195,71.07246376811594,2801,2944,1725
20.L1.6060.A16902,2452.0,1662.0,1662.0,67.7678085916259,67.7678085916259,1676.0,1816.0,1816.0,91.64677804295943,91.64677804295943,2555,1745,1847.0,68.29745596868885,72.28962818003914,1456,2271,2228.0,44.02472527472527,47.00091575091576,2237,2311,1456
20.L1.6060.A16903,183.0,1501.0,1501.0,0.0,0.0,272.0,595.0,595.0,0.0,0.0,361,261,263.0,72.29916897506925,72.76084949215144,66,66,272.0,100.0,0.0,43,109,66
20.L1.6060.A16904,1268.0,1462.0,1462.0,84.72660357518401,84.72660357518401,1110.0,1509.0,1509.0,64.08408408408408,64.08408408408408,2046,1117,1095.0,54.59433040078201,53.53535353535352,2185,1610,1475.0,73.6842105263158,67.49046529366896,1641,1713,2185
20.L1.6060.A16905,305.0,874.0,874.0,0.0,0.0,667.0,477.0,477.0,71.51424287856072,71.51424287856072,375,483,421.0,71.2,87.64444444444445,256,449,449.0,24.609375,24.609375,470,445,256
20.L1.6060.A16906,436.0,1324.0,1324.0,0.0,0.0,1345.0,762.0,762.0,56.62949194547707,56.62949194547707,1273,890,739.0,69.91358994501178,58.02566116784498,953,1127,1018.0,81.74186778593914,93.1794333683106,1214,1200,953
20.L1.6060.A16910,3011.0,5985.0,5985.0,1.217757112808604,1.217757112808604,2814.0,3995.0,3995.0,58.03127221037669,58.03127221037669,2565,3100,3339.0,79.14230019493178,69.82456140350877,1774,2729,2797.0,46.166854565952654,42.352499060503575,2697,2680,1774
20.L1.6060.A16911,2091.0,1992.0,1992.0,95.28136457835166,95.28136457835166,518.0,1921.0,1921.0,0.0,0.0,2786,1090,1167.0,39.12419239052405,41.88801148600143,1795,1967,1798.0,90.41782729805014,99.81429897864439,1923,2109,1795
20.L1.6060.A16912,347.0,1795.0,1795.0,0.0,0.0,1343.0,919.0,919.0,68.42889054355919,68.42889054355919,2980,1000,838.0,33.55704697986577,28.131991051454143,1151,1962,1557.0,29.539530842745442,64.75528525919489,2144,2257,1151
20.L1.6060.A16913,1174.0,2551.0,2551.0,0.0,0.0,1139.0,1937.0,1937.0,29.909277143693302,29.909277143693302,2023,1333,1457.0,65.89223924864062,72.00527269731423,2013,1588,1445.0,78.88723298559364,71.79996688193408,1629,1696,2013
20.L1.6060.A16914,3631.0,5790.0,5790.0,40.539796199394104,40.539796199394104,2494.0,4682.0,4682.0,12.282812082330919,12.282812082330919,4159,2982,3118.0,71.69992786727579,74.96192995111004,2217,3554,3428.0,39.69327920613441,45.376635092467296,3524,3660,2217
20.L1.6060.A16915,642.0,3102.0,3102.0,0.0,0.0,827.0,1675.0,1675.0,0.0,0.0,3173,808,826.0,25.464859754175862,26.021640928668976,3765,1963,1547.0,52.13811420982736,41.097830898627706,2099,2273,3765
20.L1.6060.A26006,290.0,218.0,218.0,75.05747126436782,75.05747126436782,195.0,297.0,297.0,47.86324786324785,47.86324786324785,0,242,298.0,,,136,116,162.0,85.29411764705883,81.12745098039215,97,83,136
20.L1.6060.A26107,282.0,181.0,181.0,64.06619385342789,64.06619385342789,22.0,202.0,202.0,0.0,0.0,40,101,110.0,0.0,0.0,56,83,115.0,51.78571428571428,0.0,58,62,56
20.L1.6060.A26112,4240.0,3338.0,3338.0,78.71855345911949,78.71855345911949,3007.0,3411.0,3411.0,86.55359716217714,86.55359716217714,4504,3436,3516.0,76.28774422735346,78.07134399052694,5217,4002,3917.0,76.71075330649799,75.08146444316657,3954,4078,5217
20.L1.6060.A26172,1505.0,1863.0,1863.0,76.1904761904762,76.1904761904762,2133.0,1754.0,1754.0,82.24722612908266,82.24722612908266,5381,1784,1657.0,33.15368890540792,30.78733816514899,2325,3631,3006.0,43.827956989247305,70.69534050179212,3856,4094,2325
20.L1.6060.A26901,842.0,519.0,519.0,61.5993665874901,61.5993665874901,941.0,607.0,607.0,64.5058448459086,64.5058448459086,691,735,614.0,93.63241678726484,88.80849011095032,1565,796,825.0,50.86261980830671,52.69435569755059,794,774,1565
20.L1.6060.A26903,316.0,1188.0,1188.0,0.0,0.0,441.0,854.0,854.0,6.2736205593348355,6.2736205593348355,25,500,560.0,0.0,0.0,17,17,261.0,100.0,0.0,12,25,17
20.L1.6060.A26904,869.0,1214.0,1214.0,60.26083621020331,60.26083621020331,250.0,775.0,775.0,0.0,0.0,2108,666,797.0,31.59392789373814,37.82416192283365,624,1303,1076.0,0.0,27.61752136752136,1334,1480,624
20.L1.6060.A26905,1506.0,2488.0,2488.0,34.81629039397964,34.81629039397964,3027.0,1792.0,1792.0,59.21154057923136,59.21154057923136,1520,2194,1892.0,55.65789473684211,75.50438596491229,1411,1969,2018.0,60.45357902197024,57.00448854240491,2046,1918,1411
20.L1.6060.A26913,2230.0,3858.0,3858.0,27.010463378176386,27.010463378176386,2996.0,3157.0,3157.0,94.62616822429906,94.62616822429906,4449,2617,2492.0,58.82220723758148,56.02007941859595,4749,3569,3225.0,75.15266371867762,67.90903348073279,3718,3820,4749
20.L1.6060.A26914,1943.0,1734.0,1734.0,89.22628238119746,89.22628238119746,2183.0,1540.0,1540.0,70.54512139257902,70.54512139257902,1809,1755,1879.0,97.01492537313433,96.14888520361157,1731,1948,1978.0,87.46389370306181,85.71153475832853,1953,1923,1731
20.L1.6060.A26915,4130.0,4284.0,4284.0,96.27118644067797,96.27118644067797,3472.0,3489.0,3489.0,99.51036866359448,99.51036866359448,6194,3597,3570.0,58.072328059412335,57.64180389624368,2485,4965,4599.0,0.2012072434607659,14.942991281019435,5035,5246,2485
20.L1.6060.A26916,2206.0,3218.0,3218.0,54.14022363251738,54.14022363251738,1263.0,2511.0,2511.0,1.214040643969394,1.214040643969394,2038,1475,1460.0,72.37487733071639,71.62250572456657,1681,1839,1836.0,90.60083283759667,90.79912750347016,1784,1851,1681
20.L1.6060.A26917,2546.0,3964.0,3964.0,44.304791830322074,44.304791830322074,2187.0,3392.0,3392.0,44.90169181527206,44.90169181527206,3822,2452,2569.0,64.1548927263213,67.21611721611723,3671,3076,2852.0,83.79188232089349,77.6809225460819,3122,3248,3671
20.L1.6060.A26918,5637.0,3829.0,3829.0,67.93211519129561,67.93211519129561,1952.0,3795.0,3795.0,5.601092896174875,5.601092896174875,4255,3242,3470.0,76.19271445358402,81.55895025460244,2876,3840,3948.0,66.48122392211404,62.7260083449235,3587,3796,2876
20.L1.6060.A36003,339.0,596.0,596.0,24.28711897738447,24.28711897738447,416.0,522.0,522.0,74.51923076923077,74.51923076923077,589,252,282.0,42.784380305602724,47.87775891341256,2718,2718,448.0,100.0,16.482707873436354,1767,2990,2718
20.L1.6060.A36004,36.0,712.0,712.0,0.0,0.0,62.0,637.0,637.0,0.0,0.0,0,150,283.0,,,10,26,33.0,0.0,0.0,25,20,10
20.L1.6060.A36005,3562.0,2614.0,2614.0,73.37638031068687,73.37638031068687,470.0,2783.0,2783.0,0.0,0.0,2499,2100,2494.0,84.03361344537815,99.78658129918634,1310,2103,2177.0,39.465648854961835,33.81679389312977,1895,2078,1310
20.L1.6060.A36006,3.0,487.0,487.0,0.0,0.0,117.0,145.0,145.0,76.35327635327636,76.35327635327636,255,138,172.0,54.117647058823536,67.32026143790848,440,163,125.0,37.04545454545455,28.409090909090907,181,190,440
20.L1.6060.A36902,1715.0,1111.0,1111.0,64.76190476190476,64.76190476190476,1704.0,1263.0,1263.0,74.11971830985915,74.11971830985915,1583,1693,1684.0,93.05116866708781,93.59865234786271,1244,1646,1667.0,67.68488745980707,65.9699892818864,1639,1630,1244
20.L1.6060.A36903,230.0,251.0,251.0,90.72463768115941,90.72463768115941,587.0,152.0,152.0,25.837592277115274,25.837592277115274,65,404,342.0,0.0,0.0,0,0,294.0,,,0,660,0
20.L1.6060.A36904,33.0,258.0,258.0,0.0,0.0,264.0,74.0,74.0,28.030303030303028,28.030303030303028,98,142,99.0,55.10204081632652,98.9795918367347,199,135,132.0,67.83919597989949,66.1641541038526,150,135,199
20.L1.6060.A36915,1075.0,1276.0,1276.0,81.33333333333333,81.33333333333333,1546.0,623.0,623.0,40.31910306166452,40.31910306166452,605,935,975.0,45.45454545454546,38.89807162534436,1572,981,1075.0,62.40458015267176,68.40542832909244,981,906,1572
20.L1.6060.A36916,872.0,1378.0,1378.0,42.01070336391436,42.01070336391436,1370.0,1262.0,1262.0,92.14111922141119,92.14111922141119,1463,1089,984.0,74.43609022556392,67.25905673274094,1369,1317,1235.0,96.20160701241782,90.2118334550767,1371,1373,1369
20.L1.6060.A36917,1569.0,2000.0,2000.0,72.53027405991077,72.53027405991077,1229.0,1610.0,1610.0,68.99918633034987,68.99918633034987,1217,1250,1337.0,97.28841413311422,90.1122980005478,1986,1291,1338.0,65.00503524672709,67.38838536421618,1256,1259,1986
20.L1.6060.A36918,1166.0,1047.0,1047.0,89.8227558604917,89.8227558604917,923.0,729.0,729.0,78.94546767786204,78.94546767786204,1181,986,987.0,83.48856900931413,83.57324301439458,2588,1101,1090.0,42.54250386398763,42.117465224111285,1089,1111,2588
20.L1.6060.A36919,254.0,877.0,877.0,0.0,0.0,131.0,638.0,638.0,0.0,0.0,607,318,422.0,52.38879736408566,69.57715540911586,290,394,331.0,64.13793103448275,85.97701149425286,405,442,290
20.L1.6060.A36920,811.0,3222.0,3222.0,0.0,0.0,2378.0,1426.0,1426.0,59.95234090271937,59.95234090271937,2999,1623,1381.0,54.11803934644881,46.037568078248306,1581,2375,2063.0,49.778621125869705,69.53405017921148,2563,2594,1581
20.L1.6060.A66101,567.0,2778.0,2778.0,0.0,0.0,900.0,1848.0,1848.0,0.0,0.0,1593,1097,1284.0,68.86377903327056,80.62356141452186,1600,1180,1020.0,73.75,63.74999999999999,1248,1297,1600
20.L1.6060.A66102,1380.0,2015.0,2015.0,53.985507246376805,53.985507246376805,476.0,1655.0,1655.0,0.0,0.0,2225,1620,1001.0,72.80898876404494,44.973782771535575,1573,789,1360.0,50.158931977113795,86.48018648018648,510,1114,1573
20.L1.6060.A66103,1531.0,3150.0,3150.0,0.0,0.0,1342.0,2239.0,2239.0,33.13462493790361,33.13462493790361,2870,1467,1519.0,51.11498257839722,52.93844367015099,2691,2144,1914.0,79.6729840208101,71.13836244271027,2201,2318,2691
20.L1.6060.A66104,294.0,2380.0,2380.0,0.0,0.0,1325.0,1805.0,1805.0,63.773584905660385,63.773584905660385,2109,1989,956.0,94.31009957325746,45.34534534534536,1179,1056,1243.0,89.56743002544529,94.59994345490527,683,1491,1179
20.L1.6060.A66105,1521.0,2595.0,2595.0,29.36664475126013,29.36664475126013,1957.0,1863.0,1863.0,95.17969681485266,95.17969681485266,1621,2033,2157.0,74.58359037631092,66.95455480156282,2479,1702,1700.0,68.65671641791045,68.56259244318946,1729,1699,2479
20.L1.6060.A66106,2039.0,1388.0,1388.0,68.07258460029426,68.07258460029426,1234.0,1387.0,1387.0,87.62830902215019,87.62830902215019,2358,1338,1272.0,56.74300254452926,53.958156629912345,2659,1957,1877.0,73.59909740503949,70.59044753666792,1933,2025,2659
20.L1.6060.A86301,478.0,464.0,464.0,97.07112970711297,97.07112970711297,209.0,588.0,588.0,0.0,0.0,127,402,423.0,0.0,0.0,309,231,271.0,74.75728155339806,87.8101402373247,149,326,309
20.L1.6060.A89601,1695.0,1979.0,1979.0,83.2251720747296,83.2251720747296,1221.0,1443.0,1443.0,81.7908817908818,81.7908817908818,2334,1374,1397.0,58.86889460154241,59.868608968866035,1720,1872,1750.0,91.16279069767442,98.25581395348837,1880,1968,1720
20.L1.6060.A89602,2299.0,1033.0,1033.0,44.932579382340144,44.932579382340144,2128.0,1259.0,1259.0,59.17919799498746,59.17919799498746,1950,1853,1642.0,95.02564102564102,84.1880341880342,2683,2073,2126.0,77.2642564293701,79.22723319667038,2047,2035,2683
20.L1.6060.A89603,1122.0,1392.0,1392.0,75.96553773024361,75.96553773024361,1651.0,1253.0,1253.0,75.89339794064203,75.89339794064203,2418,1373,1276.0,56.78246484698097,52.757099531293086,1743,1929,1730.0,89.328743545611,99.273283610633,2020,2072,1743
20.L1.6060.A89604,2531.0,2721.0,2721.0,92.50625576188595,92.50625576188595,3511.0,2512.0,2512.0,71.54656792936484,71.54656792936484,3397,2824,2529.0,83.13217544892552,74.44804239034441,6795,3258,3146.0,47.94701986754967,46.303654648025514,3350,3332,6795
20.L1.6060.A89605,2751.0,2775.0,2775.0,99.13970677329456,99.13970677329456,1315.0,2865.0,2865.0,0.0,0.0,1621,1751,1802.0,91.9802590993214,88.85461649187744,1605,1755,1896.0,90.65420560747664,81.88992731048805,1627,1664,1605
20.L1.6060.A89606,3212.0,1165.0,1165.0,36.25985886259859,36.25985886259859,2163.0,1656.0,1656.0,76.57574356603483,76.57574356603483,3279,2152,1970.0,65.62976517230862,60.08945816814069,2117,2931,2885.0,61.549362305148804,63.737994016690294,2882,2976,2117
20.L1.6060.A89607,1564.0,1411.0,1411.0,90.21739130434783,90.21739130434783,1419.0,1374.0,1374.0,96.85224336387125,96.85224336387125,2802,1344,1271.0,47.96573875802997,45.34856055198668,1064,2140,1928.0,0.0,18.76566416040101,2194,2299,1064
20.L1.6060.A89651,364.0,1765.0,1765.0,0.0,0.0,668.0,1027.0,1027.0,46.30738522954091,46.30738522954091,1313,689,754.0,52.475247524752476,57.4003554201574,780,930,782.0,80.76923076923077,99.78632478632478,992,1038,780
20.L1.6060.A89652,491.0,211.0,211.0,42.905634758995234,42.905634758995234,0.0,250.0,250.0,,,66,150,169.0,0.0,0.0,554,131,186.0,23.64620938628159,33.513838748495786,85,95,554
20.L1.6060.A89653,159.0,901.0,901.0,0.0,0.0,0.0,623.0,623.0,,,941,658,156.0,69.92561105207227,16.578108395324122,622,68,367.0,10.932475884244376,58.949624866023576,44,95,622
20.L1.6060.A89654,226.0,628.0,628.0,0.0,0.0,265.0,615.0,615.0,0.0,0.0,176,275,288.0,43.75,36.55303030303029,192,213,222.0,89.0625,84.20138888888889,212,205,192
20.L1.6060.A89655,515.0,498.0,498.0,96.76375404530744,96.76375404530744,489.0,620.0,620.0,73.21063394683027,73.21063394683027,246,390,465.0,41.463414634146346,10.97560975609756,381,354,417.0,92.91338582677166,90.63867016622922,229,500,381
20.L1.6060.A89656,679.0,1278.0,1278.0,11.831124202258215,11.831124202258215,407.0,1173.0,1173.0,0.0,0.0,177,658,780.0,0.0,0.0,375,346,421.0,92.26666666666667,87.73333333333333,308,293,375
20.L1.6060.A89657,269.0,629.0,629.0,0.0,0.0,315.0,264.0,264.0,83.70370370370371,83.70370370370371,353,242,200.0,68.55524079320114,56.75165250236071,425,325,312.0,76.47058823529412,73.49019607843137,331,334,425
20.L1.6060.A89658,185.0,1600.0,1600.0,0.0,0.0,193.0,945.0,945.0,0.0,0.0,769,380,507.0,49.414824447334205,65.8864325964456,353,479,382.0,64.30594900849859,91.69027384324835,509,552,353
20.L1.6060.A91661,5129.0,6313.0,6313.0,76.9220770780529,76.9220770780529,5140.0,5559.0,5559.0,91.85473411154345,91.85473411154345,7462,5297,5403.0,70.98633074242831,72.40686143125168,8283,6299,5910.0,76.04732584812265,71.35498410398809,6416,6590,8283
20.L1.6060.A91662,6007.0,9517.0,9517.0,41.56262138616058,41.56262138616058,11400.0,7876.0,7876.0,69.08771929824562,69.08771929824562,22859,22900,7617.0,99.82063957303468,33.32312582935969,12745,16051,13422.0,74.0604158493527,94.68811298548451,17163,17969,12745
20.L1.8080.18117,7.0,45.0,45.0,0.0,0.0,66.0,32.0,32.0,48.484848484848484,48.484848484848484,75,56,31.0,74.66666666666666,41.77777777777777,162,59,49.0,36.419753086419746,30.452674897119348,65,65,162
20.L1.8080.18125,0.0,0.0,0.0,,,16.0,0.0,0.0,0.0,0.0,0,16,5.0,,,0,5,5.0,,,6,4,0
20.L1.8080.18126,0.0,12.0,12.0,,,0.0,12.0,12.0,,,0,0,0.0,,,0,0,0.0,,,0,0,0
20.L1.8080.18127,0.0,35.0,35.0,,,0.0,5.0,5.0,,,0,0,0.0,,,0,0,0.0,,,0,0,0
20.L1.8080.18128,300.0,91.0,91.0,30.333333333333336,30.333333333333336,110.0,178.0,178.0,37.87878787878787,37.87878787878787,0,110,137.0,,,0,93,137.0,,,68,62,0
20.L1.8080.18129,0.0,0.0,0.0,,,0.0,0.0,0.0,,,0,0,0.0,,,0,0,0.0,,,0,0,0
20.L1.8080.18901,1229.0,643.0,643.0,52.291836181177096,52.291836181177096,1013.0,989.0,989.0,97.59789404409345,97.59789404409345,1598,995,948.0,62.26533166458073,59.30329578639966,846,1349,1280.0,40.543735224586285,48.69976359338062,1356,1402,846
20.L1.8080.18902,269.0,196.0,196.0,72.73853779429987,72.73853779429987,412.0,140.0,140.0,33.98058252427184,33.98058252427184,379,276,238.0,72.82321899736148,62.796833773087066,1122,1122,353.0,100.0,31.4913844325609,729,1234,1122
20.L1.8080.18903,281.0,283.0,283.0,99.16963226571768,99.16963226571768,433.0,280.0,280.0,64.58814472671286,64.58814472671286,269,360,413.0,66.17100371747212,46.34448574969022,223,321,328.0,56.05381165919283,53.0642750373692,328,314,223
20.L1.8080.18904,137.0,723.0,723.0,0.0,0.0,6.0,442.0,442.0,0.0,0.0,484,140,175.0,28.925619834710748,36.15702479338842,766,271,209.0,35.37859007832898,27.284595300261095,282,319,766
20.L1.8080.18905,20.0,366.0,366.0,0.0,0.0,37.0,246.0,246.0,0.0,0.0,38,30,27.0,78.94736842105263,71.9298245614035,70,34,32.0,48.57142857142858,45.23809523809524,36,36,70
20.L1.8080.18906,81.0,311.0,311.0,0.0,0.0,181.0,147.0,147.0,81.39963167587477,81.39963167587477,668,125,104.0,18.7125748502994,15.568862275449103,976,976,310.0,100.0,31.762295081967217,804,842,976
20.L1.8080.18910,1060.0,983.0,983.0,92.73584905660377,92.73584905660377,1740.0,965.0,965.0,55.47892720306513,55.47892720306513,102,1286,1241.0,0.0,0.0,0,0,967.0,,,0,15,0
20.L1.8080.18911,785.0,1038.0,1038.0,67.81316348195328,67.81316348195328,1494.0,819.0,819.0,54.79696564033914,54.79696564033914,935,909,973.0,97.2192513368984,95.90017825311944,1199,1073,1071.0,89.49124270225187,89.35223797609117,1116,1067,1199
20.L1.8080.18912,761.0,1041.0,1041.0,63.25010950503722,63.25010950503722,1001.0,886.0,886.0,88.51148851148851,88.51148851148851,1084,1029,1088.0,94.92619926199262,99.66174661746616,771,994,949.0,71.07652399481192,76.9563337656723,1022,1026,771
20.L1.8080.18913,708.0,895.0,895.0,73.54048964218455,73.54048964218455,432.0,737.0,737.0,29.475308641975317,29.475308641975317,588,567,612.0,96.42857142857143,95.97505668934241,249,565,576.0,0.0,0.0,545,560,249
20.L1.8080.18914,613.0,3547.0,3547.0,0.0,0.0,429.0,2868.0,2868.0,0.0,0.0,973,950,1017.0,97.63617677286743,95.44364508393285,1089,738,672.0,67.76859504132231,61.677379859198034,747,790,1089
20.L1.8080.18915,647.0,1112.0,1112.0,28.078310149407535,28.078310149407535,816.0,874.0,874.0,92.93300653594771,92.93300653594771,773,834,874.0,92.10866752910738,86.9340232858991,816,761,745.0,93.25980392156863,91.33986928104576,776,771,816
20.L1.8080.28101,219.0,304.0,304.0,61.33942161339421,61.33942161339421,180.0,297.0,297.0,35.185185185185176,35.185185185185176,21,278,239.0,0.0,0.0,191,108,140.0,56.544502617801044,73.29842931937172,96,85,191
20.L1.8080.28107,23.0,138.0,138.0,0.0,0.0,20.0,88.0,88.0,0.0,0.0,2,118,54.0,0.0,0.0,0,12,15.0,,,11,10,0
20.L1.8080.28901,366.0,674.0,674.0,15.846994535519121,15.846994535519121,200.0,563.0,563.0,0.0,0.0,4,486,520.0,0.0,0.0,0,0,190.0,,,0,1,0
20.L1.8080.28902,0.0,111.0,111.0,,,0.0,59.0,59.0,,,0,0,59.0,,,0,0,0.0,,,0,0,0
20.L1.8080.28903,349.0,541.0,541.0,45.081184336198675,45.081184336198675,864.0,448.0,448.0,51.81327160493827,51.81327160493827,1220,750,667.0,61.47540983606557,54.69945355191257,128,128,811.0,100.0,0.0,83,128,128
20.L1.8080.28904,230.0,520.0,520.0,0.0,0.0,60.0,289.0,289.0,0.0,0.0,814,130,140.0,15.970515970515976,17.15806715806716,322,471,368.0,53.726708074534166,85.71428571428572,492,550,322
20.L1.8080.28905,573.0,385.0,385.0,67.13205351948808,67.13205351948808,844.0,434.0,434.0,51.421800947867304,51.421800947867304,377,609,615.0,38.46153846153846,36.87002652519894,740,556,598.0,75.13513513513513,80.8108108108108,560,522,740
20.L1.8080.28906,8.0,1.0,1.0,12.5,12.5,14.0,3.0,3.0,19.047619047619047,19.047619047619047,54,8,7.0,14.814814814814813,13.580246913580252,0,33,25.0,,,36,39,0
20.L1.8080.28913,4468.0,2745.0,2745.0,61.436884512085946,61.436884512085946,1125.0,2509.0,2509.0,0.0,0.0,2331,2417,2381.0,96.31059631059631,97.84069784069783,2050,2397,2641.0,83.07317073170731,71.15447154471543,2123,2247,2050
20.L1.8080.28914,1374.0,959.0,959.0,69.79621542940319,69.79621542940319,359.0,1027.0,1027.0,0.0,0.0,1866,736,817.0,39.442658092175776,43.801357627724194,552,1316,1200.0,0.0,0.0,1290,1413,552
20.L1.8080.28915,945.0,2846.0,2846.0,0.0,0.0,416.0,1936.0,1936.0,0.0,0.0,2014,769,917.0,38.18272095332671,45.514730221780866,3135,1321,1125.0,42.13716108452951,35.88516746411483,1348,1473,3135
20.L1.8080.28916,1283.0,1492.0,1492.0,83.73603533385294,83.73603533385294,634.0,1159.0,1159.0,17.245005257623546,17.245005257623546,1141,993,1124.0,87.02892199824716,98.48086473853346,885,1017,1019.0,85.08474576271186,84.82109227871939,978,1022,885
20.L1.8080.28917,1508.0,2157.0,2157.0,56.98496905393458,56.98496905393458,1005.0,1646.0,1646.0,36.18573797678276,36.18573797678276,3982,1167,1191.0,29.306880964339534,29.917964172107816,4226,2594,2165.0,61.38192143871273,51.23047799337434,2693,2921,4226
20.L1.8080.28918,1720.0,711.0,711.0,41.33720930232558,41.33720930232558,977.0,983.0,983.0,99.35175707949504,99.35175707949504,1141,1160,1157.0,98.33479404031551,98.56850715746423,2171,1208,1279.0,55.64256103178259,58.92829725165054,1142,1162,2171
20.L1.8080.38002,1048.0,728.0,728.0,69.46564885496183,69.46564885496183,1222.0,708.0,708.0,57.91052918712493,57.91052918712493,16,1034,938.0,0.0,0.0,383,584,762.0,47.51958224543081,1.0443864229765065,541,449,383
20.L1.8080.38003,503.0,1632.0,1632.0,0.0,0.0,790.0,1488.0,1488.0,11.687763713080157,11.687763713080157,2092,855,946.0,40.86998087954111,45.235818992989174,1412,1384,1128.0,98.01699716713881,79.9102927289896,1478,1573,1412
20.L1.8080.38006,172.0,218.0,218.0,73.25581395348837,73.25581395348837,325.0,57.0,57.0,17.64102564102563,17.64102564102563,0,260,166.0,,,172,132,166.0,76.74418604651163,96.31782945736434,131,105,172
20.L1.8080.38901,889.0,685.0,685.0,77.0153730783652,77.0153730783652,869.0,628.0,628.0,72.30533179900269,72.30533179900269,485,808,763.0,33.402061855670105,42.61168384879724,174,681,748.0,0.0,0.0,660,631,174
20.L1.8080.38902,1037.0,958.0,958.0,92.38187078109932,92.38187078109932,200.0,1176.0,1176.0,0.0,0.0,653,710,532.0,91.27105666156203,81.5211842776927,820,594,630.0,72.4390243902439,76.82926829268293,533,575,820
20.L1.8080.38904,283.0,292.0,292.0,96.70200235571261,96.70200235571261,130.0,318.0,318.0,0.0,0.0,392,172,184.0,43.87755102040817,46.85374149659863,318,292,268.0,91.82389937106919,84.38155136268344,290,311,318
20.L1.8080.38905,329.0,989.0,989.0,0.0,0.0,407.0,920.0,920.0,0.0,0.0,794,739,560.0,93.07304785894206,70.48698572628042,755,585,510.0,77.48344370860927,67.54966887417218,612,640,755
20.L1.8080.38906,0.0,0.0,0.0,,,0.0,0.0,0.0,,,0,0,0.0,,,0,0,0.0,,,0,0,0
20.L1.8080.38907,15.0,261.0,261.0,0.0,0.0,157.0,121.0,121.0,77.2823779193206,77.2823779193206,58,157,174.0,0.0,0.0,17,79,77.0,0.0,0.0,88,79,17
20.L1.8080.38915,117.0,1273.0,1273.0,0.0,0.0,450.0,986.0,986.0,0.0,0.0,433,678,885.0,43.418013856812934,0.0,506,375,333.0,74.11067193675889,65.87615283267456,407,403,506
20.L1.8080.38916,0.0,0.0,0.0,,,0.0,0.0,0.0,,,0,0,0.0,,,195,0,0.0,0.0,0.0,0,0,195
20.L1.8080.38917,830.0,515.0,515.0,62.088353413654616,62.088353413654616,18.0,671.0,671.0,0.0,0.0,189,592,518.0,0.0,0.0,1409,266,346.0,18.87863733144074,24.53276555476698,193,214,1409
20.L1.8080.38918,719.0,477.0,477.0,66.38850254983774,66.38850254983774,630.0,416.0,416.0,66.08465608465607,66.08465608465607,774,622,601.0,80.36175710594316,77.6916451335056,1329,720,708.0,54.17607223476297,53.24805618259343,718,730,1329
20.L1.8080.38919,560.0,694.0,694.0,76.1309523809524,76.1309523809524,336.0,329.0,329.0,97.91666666666666,97.91666666666666,117,376,365.0,0.0,0.0,427,271,338.0,63.46604215456675,79.07884465261515,238,224,427
20.L1.8080.38920,2250.0,1966.0,1966.0,87.36296296296297,87.36296296296297,1275.0,1686.0,1686.0,67.76470588235296,67.76470588235296,3613,1528,1534.0,42.29172432881262,42.46701725251406,2459,2639,2379.0,92.67995119967468,96.76020062355973,2658,2843,2459
20.L1.8080.68101,1590.0,1059.0,1059.0,66.58280922431867,66.58280922431867,637.0,1135.0,1135.0,21.87336473050757,21.87336473050757,1010,989,1065.0,97.92079207920791,94.58745874587457,1089,1014,1079.0,93.1129476584022,99.08172635445362,937,975,1089
20.L1.8080.68102,669.0,1475.0,1475.0,0.0,0.0,805.0,1078.0,1078.0,66.04554865424433,66.04554865424433,1432,855,911.0,59.70670391061452,63.617318435754186,1008,1091,969.0,91.76587301587301,96.0978835978836,1136,1182,1008
20.L1.8080.68103,450.0,1781.0,1781.0,0.0,0.0,333.0,1066.0,1066.0,0.0,0.0,477,475,550.0,99.58071278825996,84.76589797344515,1458,428,420.0,29.355281207133054,28.80658436213992,424,436,1458
20.L1.8080.68104,1254.0,1797.0,1797.0,56.7251461988304,56.7251461988304,2253.0,1567.0,1567.0,69.56650392069832,69.56650392069832,2018,1882,1802.0,93.26065411298316,89.29633300297324,1782,1936,1842.0,91.35802469135803,96.65170220725776,2024,1996,1782
20.L1.8080.68105,624.0,1408.0,1408.0,0.0,0.0,724.0,810.0,810.0,88.07550644567219,88.07550644567219,1704,718,730.0,42.136150234741784,42.840375586854464,862,1194,1017.0,61.48491879350348,81.9798917246713,1253,1326,862
20.L1.8080.68106,468.0,1075.0,1075.0,0.0,0.0,270.0,834.0,834.0,0.0,0.0,335,522,656.0,44.17910447761194,4.079601990049742,244,342,358.0,59.83606557377049,53.41530054644807,326,333,244
20.L1.8080.89801,1711.0,2401.0,2401.0,59.692187804402884,59.692187804402884,2284.0,2475.0,2475.0,91.63747810858143,91.63747810858143,4475,2047,1984.0,45.74301675977653,44.34264432029794,1369,3265,2823.0,0.0,0.0,3432,3590,1369
20.L1.8080.89802,1156.0,1600.0,1600.0,61.62053056516723,61.62053056516723,604.0,1548.0,1548.0,0.0,0.0,870,879,970.0,98.9655172413793,88.544061302682,1601,847,877.0,52.90443472829482,54.75744326462627,805,831,1601
20.L1.8080.89803,364.0,614.0,614.0,31.318681318681318,31.318681318681318,424.0,388.0,388.0,91.5880503144654,91.5880503144654,737,779,314.0,94.30122116689282,42.65038444142921,817,432,508.0,52.876376988984084,62.21950224398205,280,610,817
20.L1.8080.89804,587.0,2384.0,2384.0,0.0,0.0,993.0,1494.0,1494.0,49.58039610607585,49.58039610607585,3837,1525,1123.0,39.74459212926765,29.267657023716442,2038,672,1806.0,32.97350343473994,88.59993457638208,435,948,2038
20.L1.8080.89805,2453.0,2052.0,2052.0,83.65267019975539,83.65267019975539,996.0,2424.0,2424.0,0.0,0.0,4341,1398,1422.0,32.2045611610228,32.76510788604775,1628,2960,2597.0,18.181818181818176,40.49959049959051,2982,3247,1628
20.L1.8080.89806,609.0,1619.0,1619.0,0.0,0.0,1023.0,1205.0,1205.0,82.20918866080156,82.20918866080156,1382,879,851.0,63.60347322720694,61.60154365653643,1434,1120,1005.0,78.10320781032078,70.0604370060437,1179,1202,1434
20.L1.8080.89807,2106.0,1242.0,1242.0,58.990186767964545,58.990186767964545,1972.0,1658.0,1658.0,84.07707910750507,84.07707910750507,3114,1977,1958.0,63.48747591522158,62.86662384928281,1773,2570,2397.0,55.04794134235759,64.7866140251927,2614,2701,1773
20.L1.8080.89851,93.0,1581.0,1581.0,0.0,0.0,249.0,970.0,970.0,0.0,0.0,423,419,558.0,99.05437352245863,68.08510638297872,0,0,255.0,,,0,212,0
20.L1.8080.89852,102.0,683.0,683.0,0.0,0.0,69.0,337.0,337.0,0.0,0.0,0,152,201.0,,,0,41,57.0,,,34,29,0
20.L1.8080.89853,255.0,964.0,964.0,0.0,0.0,203.0,742.0,742.0,0.0,0.0,405,408,536.0,99.25925925925925,67.57201646090533,762,314,288.0,41.20734908136483,37.75153105861767,319,335,762
20.L1.8080.89854,439.0,939.0,939.0,0.0,0.0,39.0,667.0,667.0,0.0,0.0,717,658,354.0,91.77126917712691,49.3258949325895,22,22,398.0,100.0,0.0,14,358,22
20.L1.8080.89855,432.0,699.0,699.0,38.27160493827161,38.27160493827161,546.0,657.0,657.0,79.67032967032968,79.67032967032968,425,542,559.0,72.47058823529412,68.47058823529412,422,463,468.0,90.28436018957346,89.17851500789888,468,458,422
20.L1.8080.89856,370.0,1111.0,1111.0,0.0,0.0,174.0,898.0,898.0,0.0,0.0,780,527,730.0,67.56410256410257,93.63247863247864,0,0,441.0,,,0,390,0
20.L1.8080.89857,161.0,517.0,517.0,0.0,0.0,169.0,374.0,374.0,0.0,0.0,0,164,163.0,,,0,0,110.0,,,0,0,0
20.L1.8080.89858,202.0,523.0,523.0,0.0,0.0,181.0,362.0,362.0,0.0,0.0,0,180,176.0,,,159,95,128.0,59.74842767295597,80.29350104821803,84,70,159
20.L1.8080.91851,1263.0,2277.0,2277.0,19.71496437054632,19.71496437054632,879.0,1794.0,1794.0,0.0,0.0,990,950,1228.0,95.95959595959596,75.993265993266,914,1011,1044.0,89.38730853391685,85.77680525164114,978,990,914
20.L1.8080.91852,520.0,1168.0,1168.0,0.0,0.0,769.0,683.0,683.0,88.85999133073256,88.85999133073256,1019,606,539.0,59.470068694798826,52.927706902191694,1148,844,769.0,73.5191637630662,67.0150987224158,882,898,1148
20.L1.8080.91853,1661.0,2027.0,2027.0,77.9450130443508,77.9450130443508,794.0,1788.0,1788.0,0.0,0.0,1066,1169,1295.0,90.33771106941839,78.54909318323952,643,1103,1174.0,28.46034214618973,17.470191809227565,1030,1059,643
20.L1.8080.91854,1109.0,1639.0,1639.0,52.17914036669673,52.17914036669673,774.0,1300.0,1300.0,32.041343669250644,32.041343669250644,595,891,1023.0,50.252100840336134,28.011204481792706,1289,752,826.0,58.33979829325058,64.08068269976725,709,699,1289
20.L1.8080.91855,952.0,2230.0,2230.0,0.0,0.0,1941.0,1657.0,1657.0,85.35119354284734,85.35119354284734,2528,1700,1682.0,67.24683544303798,66.54799578059072,1453,2037,1807.0,59.80729525120441,75.63661390227116,2165,2199,1453
20.L1.8080.91856,1875.0,1225.0,1225.0,65.35111111111111,65.35111111111111,822.0,1162.0,1162.0,58.6780210867802,58.6780210867802,2324,1126,1153.0,48.45094664371773,49.5983935742972,2326,1784,1674.0,76.69819432502149,71.95471481799943,1754,1877,2326
20.L1.8080.91857,647.0,672.0,672.0,96.13601236476043,96.13601236476043,700.0,660.0,660.0,94.33333333333334,94.33333333333334,1456,668,655.0,45.87912087912088,44.98626373626373,653,1067,934.0,36.60030627871363,56.91679428279735,1110,1166,653
20.L1.8080.91858,2945.0,3805.0,3805.0,70.7866440294284,70.7866440294284,3185.0,2788.0,2788.0,87.52485609628467,87.52485609628467,3331,2856,2676.0,85.74001801260881,80.33623536475532,1900,3210,3154.0,31.052631578947366,34.01754385964914,3241,3250,1900
20.L1.8080.91859,373.0,1783.0,1783.0,0.0,0.0,82.0,1567.0,1567.0,0.0,0.0,1494,802,1234.0,53.6813922356091,82.59705488621152,1447,846,650.0,58.46579129232896,44.89748905782077,888,997,1447
20.L1.8080.91860,1080.0,1101.0,1101.0,98.05555555555556,98.05555555555556,708.0,1266.0,1266.0,21.233521657250463,21.233521657250463,836,820,955.0,98.08612440191388,85.76555023923444,550,846,875.0,46.18181818181818,40.969696969696976,815,828,550
20.L1.8080.91861,8205.0,6929.0,6929.0,84.448507007922,84.448507007922,6360.0,7993.0,7993.0,74.31865828092243,74.31865828092243,7252,7394,7776.0,98.0419194704909,92.77440706012135,4944,7175,7272.0,54.87459546925566,52.90587918015104,7035,7120,4944
20.L1.8080.91862,3288.0,4274.0,4274.0,70.00202757502029,70.00202757502029,3886.0,3750.0,3750.0,96.50883513467147,96.50883513467147,4797,3631,3560.0,75.69314154680008,74.21999861024251,5651,4222,3990.0,74.71244027605734,70.61287087831063,4327,4390,5651
25.L1.3060.FP3607,0.0,0.0,0.0,,,0.0,0.0,0.0,,,0,0,0.0,,,0,0,0.0,,,0,0,0
25.L1.3060.FP936601,686.0,658.0,658.0,95.86977648202138,95.86977648202138,1484.0,541.0,541.0,36.43306379155435,36.43306379155435,1321,948,723.0,71.76381529144588,54.75649760282615,648,1243,1164.0,8.179012345679016,20.421810699588463,1315,1295,648
25.L1.3060.FP936601D,40.0,0.0,0.0,0.0,0.0,5.0,13.0,13.0,0.0,0.0,56,27,15.0,48.21428571428571,26.785714285714292,147,147,34.0,100.0,22.902494331065746,106,113,147
25.L1.3060.FP936601V,0.0,0.0,0.0,,,80.0,0.0,0.0,0.0,0.0,213,56,27.0,26.291079812206576,12.519561815336456,0,83,98.0,,,54,117,0
25.L1.3060.FP936602,807.0,1633.0,1633.0,0.0,0.0,2108.0,726.0,726.0,34.42441492726122,34.42441492726122,1134,1200,1254.0,94.17989417989419,89.3885949441505,3910,1361,1350.0,34.80818414322251,34.518329070758746,1442,1356,3910
25.L1.3060.FP936602D,52.0,6.0,6.0,12.17948717948718,12.17948717948718,0.0,18.0,18.0,,,0,16,18.0,,,0,0,17.0,,,0,0,0
25.L1.3060.FP936602V,180.0,118.0,118.0,65.74074074074075,65.74074074074075,15.0,87.0,87.0,0.0,0.0,136,80,72.0,58.82352941176471,52.69607843137255,318,108,110.0,33.9622641509434,34.69601677148846,98,109,318
25.L1.3060.FP936604,1634.0,3824.0,3824.0,0.0,0.0,7844.0,2914.0,2914.0,37.145164031956476,37.145164031956476,7816,4747,3717.0,60.73439099283521,47.55629477993859,5316,6588,5765.0,76.07223476297969,91.56007022824177,7208,7144,5316
25.L1.3060.FP936604D,206.0,578.0,578.0,0.0,0.0,753.0,433.0,433.0,57.45905267817619,57.45905267817619,837,612,454.0,73.11827956989248,54.20151334129829,675,686,599.0,98.37037037037038,88.69135802469134,745,746,675
25.L1.3060.FP936605,1116.0,2432.0,2432.0,0.0,0.0,4695.0,1873.0,1873.0,39.88640397586085,39.88640397586085,5395,2949,2382.0,54.661723818350325,44.15199258572753,3129,4329,3735.0,61.649089165867686,80.62213699797591,4722,4739,3129
25.L1.3060.FP936606,924.0,3628.0,3628.0,0.0,0.0,3105.0,2858.0,2858.0,92.03435319377348,92.03435319377348,5215,2950,2326.0,56.56759348034516,44.608501118568235,2111,2619,3081.0,75.93557555660824,54.034422864361275,1695,3698,2111
25.L1.3060.FP936606D,177.0,428.0,428.0,0.0,0.0,577.0,262.0,262.0,45.34950895436164,45.34950895436164,772,378,312.0,48.96373056994818,40.3713298791019,177,594,509.0,0.0,0.0,644,655,177
25.L1.3060.FP936607,575.0,1788.0,1788.0,0.0,0.0,1550.0,1262.0,1262.0,81.44086021505376,81.44086021505376,2763,1241,1197.0,44.91494752081071,43.32247557003257,1693,1962,1629.0,84.11104548139397,96.23941720811183,2120,2201,1693
25.L1.3060.FP936608,1196.0,2326.0,2326.0,5.518394648829428,5.518394648829428,198.0,2651.0,2651.0,0.0,0.0,1189,1072,1489.0,90.15979814970564,74.79674796747967,1857,893,861.0,48.08831448572967,46.36510500807754,843,927,1857
25.L1.3060.FP936608D,0.0,13.0,13.0,,,0.0,4.0,4.0,,,2,0,4.0,0.0,0.0,103,103,1.0,100.0,0.6472491909385147,67,113,103
25.L1.3060.FP936608V,129.0,212.0,212.0,35.65891472868217,35.65891472868217,45.0,255.0,255.0,0.0,0.0,171,142,193.0,83.04093567251462,87.32943469785576,24,125,115.0,0.0,0.0,123,133,24
25.L1.3060.FP936609,2788.0,3500.0,3500.0,74.46197991391679,74.46197991391679,1381.0,3264.0,3264.0,0.0,0.0,2321,2050,2196.0,88.32399827660491,94.61439034898751,3334,2132,2163.0,63.947210557888425,64.88702259548091,2038,2123,3334
25.L1.3060.FP936609D,30.0,0.0,0.0,0.0,0.0,0.0,10.0,10.0,,,2,2,10.0,100.0,0.0,12,7,11.0,58.33333333333333,88.88888888888889,4,4,12
25.L1.3060.FP936609V,479.0,269.0,269.0,56.22825330549757,56.22825330549757,165.0,356.0,356.0,0.0,0.0,79,79,314.0,100.0,0.0,180,185,241.0,97.22222222222221,66.11111111111111,149,146,180
25.L1.3060.FP936610,509.0,1601.0,1601.0,0.0,0.0,652.0,1252.0,1252.0,7.924335378323121,7.924335378323121,4004,708,770.0,17.682317682317684,19.222444222444224,2763,2299,1722.0,83.2066594281578,62.31149716491736,2481,2731,2763
25.L1.3060.FP936610D,41.0,131.0,131.0,0.0,0.0,91.0,95.0,95.0,95.23809523809524,95.23809523809524,314,80,82.0,25.47770700636943,26.00849256900213,434,434,149.0,100.0,34.25499231950844,364,380,434
25.L1.3060.FP936611,2696.0,483.0,483.0,17.927794263105845,17.927794263105845,1508.0,1220.0,1220.0,80.90185676392572,80.90185676392572,2202,1674,1587.0,76.02179836512262,72.08598244020588,2409,2093,2135.0,86.88252386882525,88.63982288639824,2009,2073,2409
25.L1.3060.FP936612,4316.0,5107.0,5107.0,81.6728452270621,81.6728452270621,5000.0,3697.0,3697.0,73.94000000000001,73.94000000000001,7387,4500,4155.0,60.91782861784216,56.25197418889039,4377,6057,5568.0,61.61754626456477,72.797197471632,6245,6417,4377
25.L1.3060.FP936612D,239.0,446.0,446.0,13.389121338912135,13.389121338912135,598.0,251.0,251.0,41.973244147157196,41.973244147157196,1334,424,369.0,31.784107946026985,27.636181909045487,622,894,724.0,56.2700964630225,83.65487674169347,967,1018,622
25.L1.3060.FP936613,1625.0,2291.0,2291.0,58.994871794871784,58.994871794871784,4013.0,2037.0,2037.0,50.768336240551534,50.768336240551534,4949,2960,2656.0,59.810062638916946,53.66067218966795,1925,4003,3529.0,0.0,16.675324675324678,4289,4335,1925
25.L1.4080.FP948601,1480.0,2891.0,2891.0,4.684684684684692,4.684684684684692,5002.0,1232.0,1232.0,24.630147940823665,24.630147940823665,3509,2971,2204.0,84.66799658022228,62.8099173553719,476,476,3330.0,100.0,0.0,309,1754,476
25.L1.4080.FP948601D,10.0,52.0,52.0,0.0,0.0,132.0,44.0,44.0,33.333333333333336,33.333333333333336,8,69,47.0,0.0,0.0,66,46,50.0,69.6969696969697,75.75757575757575,52,41,66
25.L1.4080.FP948601V,110.0,124.0,124.0,87.27272727272728,87.27272727272728,354.0,130.0,130.0,36.62900188323916,36.62900188323916,319,223,176.0,69.90595611285266,55.276907001044925,0,0,261.0,,,0,0,0
25.L1.4080.FP948602,2350.0,2252.0,2252.0,95.81560283687942,95.81560283687942,4856.0,2580.0,2580.0,53.13701263042285,53.13701263042285,5837,3740,3413.0,64.07401062189481,58.47181771457941,1552,4845,4348.0,0.0,0.0,5145,5193,1552
25.L1.4080.FP948602D,73.0,24.0,24.0,33.33333333333333,33.33333333333333,1.0,49.0,49.0,0.0,0.0,20,33,42.0,35.0,0.0,0,25,31.0,,,19,21,0
25.L1.4080.FP948602V,191.0,100.0,100.0,52.5305410122164,52.5305410122164,274.0,130.0,130.0,47.566909975669105,47.566909975669105,211,232,218.0,90.04739336492891,96.52448657187993,280,226,225.0,80.71428571428572,80.47619047619048,231,226,280
25.L1.4080.FP948603,5627.0,5020.0,5020.0,89.21272436467034,89.21272436467034,6607.0,5235.0,5235.0,79.23919075727764,79.23919075727764,6868,6363,6364.0,92.64705882352942,92.6664725296059,5161,6542,6367.0,73.24161984111606,76.62597687786605,6653,6663,5161
25.L1.4080.FP948603D,5.0,50.0,50.0,0.0,0.0,265.0,49.0,49.0,18.36477987421383,18.36477987421383,260,161,135.0,61.92307692307693,51.79487179487179,191,210,177.0,90.05235602094241,92.4956369982548,236,233,191
25.L1.4080.FP948603V,460.0,160.0,160.0,34.71014492753623,34.71014492753623,263.0,308.0,308.0,82.88973384030417,82.88973384030417,583,329,340.0,56.43224699828473,58.37621497998856,223,462,435.0,0.0,4.783258594917794,458,484,223
25.L1.4080.FP948604,3068.0,6640.0,6640.0,0.0,0.0,5581.0,6322.0,6322.0,86.72280953234187,86.72280953234187,4055,6380,7331.0,42.66337854500617,19.20263049732841,1522,4315,4235.0,0.0,0.0,4490,4350,1522
25.L1.4080.FP948604D,56.0,164.0,164.0,0.0,0.0,22.0,173.0,173.0,0.0,0.0,88,108,159.0,77.27272727272727,18.939393939393934,0,62,55.0,,,62,67,0
25.L1.4080.FP948604V,346.0,634.0,634.0,16.763005780346816,16.763005780346816,406.0,471.0,471.0,84.07224958949097,84.07224958949097,752,444,479.0,59.04255319148937,63.65248226950355,118,567,501.0,0.0,0.0,590,616,118
25.L1.6060.FP6604,0.0,283.0,283.0,,,0.0,283.0,283.0,,,0,0,0.0,,,0,0,0.0,,,0,0,0
25.L1.6060.FP96600,581.0,124.0,124.0,21.399885255306938,21.399885255306938,321.0,272.0,272.0,84.73520249221184,84.73520249221184,558,360,342.0,64.51612903225806,61.350059737156506,474,492,487.0,96.20253164556962,97.32770745428972,478,498,474
25.L1.6060.FP96601,3395.0,4812.0,4812.0,58.2523318605793,58.2523318605793,4856.0,2581.0,2581.0,53.157605711147724,53.157605711147724,445,3896,3500.0,0.0,0.0,364,364,2899.0,100.0,0.0,222,485,364
25.L1.6060.FP96604,2884.0,2740.0,2740.0,94.99537679149329,94.99537679149329,880.0,1920.0,1920.0,0.0,0.0,100,1692,1899.0,0.0,0.0,542,891,1288.0,35.608856088560884,0.0,652,613,542
25.L1.6060.FP96606,1697.0,526.0,526.0,30.976232567275574,30.976232567275574,414.0,986.0,986.0,0.0,0.0,8,906,1020.0,0.0,0.0,231,468,706.0,0.0,0.0,319,302,231
25.L1.6060.FP96607,127.0,112.0,112.0,87.92650918635171,87.92650918635171,0.0,62.0,62.0,,,19,38,42.0,0.0,0.0,2,35,49.0,0.0,0.0,23,26,2
25.L1.6060.FP96608,273.0,1108.0,1108.0,0.0,0.0,75.0,837.0,837.0,0.0,0.0,234,423,622.0,19.23076923076923,0.0,246,194,194.0,78.86178861788618,78.86178861788618,182,196,246
25.L1.6060.FP966602,1330.0,2565.0,2565.0,7.117794486215523,7.117794486215523,2412.0,1870.0,1870.0,77.5290215588723,77.5290215588723,633,1936,1799.0,0.0,0.0,770,1306,1458.0,30.38961038961039,10.60606060606062,1325,1181,770
25.L1.6060.FP966605,336.0,4153.0,4153.0,0.0,0.0,82.0,736.0,736.0,0.0,0.0,625,516,763.0,82.56,77.86666666666666,1174,404,348.0,34.412265758092,29.61385576377059,406,449,1174
25.L1.6060.FP96666,205.0,1045.0,1045.0,0.0,0.0,367.0,677.0,677.0,15.622161671208001,15.622161671208001,653,429,497.0,65.6967840735069,76.05921388463503,558,478,408.0,85.66308243727599,73.17801672640383,508,528,558
25.L1.6060.FPH966001,2622.0,1782.0,1782.0,67.97609966946352,67.97609966946352,1003.0,1693.0,1693.0,31.239614489863733,31.239614489863733,336,1598,1724.0,0.0,0.0,815,993,1320.0,78.15950920245399,37.995910020449905,798,764,815
25.L1.6060.FPU6006,84.0,256.0,256.0,0.0,0.0,0.0,96.0,96.0,,,0,46,96.0,,,0,0,28.0,,,0,0,0
25.L1.6060.FPU6007,44.0,278.0,278.0,0.0,0.0,0.0,226.0,226.0,,,0,38,56.0,,,0,0,15.0,,,0,0,0
25.L1.6060.FPU6010,550.0,3.0,3.0,0.48484848484847687,0.48484848484847687,0.0,186.0,186.0,,,8,165,183.0,0.0,0.0,0,0,186.0,,,0,1040,0
25.L1.6060.FPU6014,0.0,53.0,53.0,,,0.0,0.0,0.0,,,0,0,0.0,,,0,0,0.0,,,0,0,0
25.L1.6060.FPU6016,280.0,332.0,332.0,81.30952380952382,81.30952380952382,4.0,194.0,194.0,0.0,0.0,271,125,160.0,46.125461254612546,59.040590405904055,485,193,185.0,39.79381443298969,38.144329896907216,179,202,485
25.L1.6060.FPU6017,164.0,235.0,235.0,56.504065040650396,56.504065040650396,296.0,253.0,253.0,85.36036036036036,85.36036036036036,120,215,227.0,20.833333333333336,11.111111111111116,210,164,193.0,78.0952380952381,92.06349206349206,106,232,210
25.L1.6060.FPU6018,0.0,103.0,103.0,,,0.0,0.0,0.0,,,0,0,0.0,,,0,0,0.0,,,0,0,0
25.L1.6060.FPU966001,625.0,1607.0,1607.0,0.0,0.0,2030.0,510.0,510.0,25.10673234811166,25.10673234811166,401,1311,1065.0,0.0,0.0,696,934,1019.0,65.80459770114942,53.639846743295024,993,857,696
25.L1.6060.FPU966002,226.0,1203.0,1203.0,0.0,0.0,12.0,861.0,861.0,0.0,0.0,0,185,265.0,,,0,0,79.0,,,0,0,0
25.L1.6060.FPU966003,839.0,2892.0,2892.0,0.0,0.0,0.0,1967.0,1967.0,,,2407,2775,608.0,84.71125882841712,25.273507824401054,3705,357,1082.0,9.635627530364378,29.20377867746289,231,503,3705
25.L1.6060.FPU966005,1188.0,3414.0,3414.0,0.0,0.0,1280.0,2165.0,2165.0,30.833333333333325,30.833333333333325,777,1627,1874.0,0.0,0.0,1054,1010,1082.0,95.82542694497154,97.3750790638836,994,955,1054
25.L1.6060.FPU966009,410.0,805.0,805.0,3.7398373983739908,3.7398373983739908,368.0,538.0,538.0,53.80434782608696,53.80434782608696,963,741,317.0,76.94704049844236,32.917964693665624,738,331,580.0,44.8509485094851,78.63595302619693,214,467,738
25.L1.6060.FPU966013,1318.0,1241.0,1241.0,94.13252402630249,94.13252402630249,80.0,861.0,861.0,0.0,0.0,288,519,605.0,19.791666666666664,0.0,912,432,562.0,47.36842105263158,61.622807017543856,318,346,912
25.L1.8080.FP18600,546.0,376.0,376.0,68.92551892551893,68.92551892551893,1087.0,364.0,364.0,33.4559950935296,33.4559950935296,323,746,609.0,0.0,11.558307533539747,345,597,652.0,26.956521739130434,11.014492753623184,613,550,345
25.L1.8080.FP18601,624.0,1679.0,1679.0,0.0,0.0,25.0,1233.0,1233.0,0.0,0.0,195,695,1041.0,0.0,0.0,211,211,281.0,100.0,66.66666666666667,112,508,211
25.L1.8080.FP18604,900.0,1229.0,1229.0,63.444444444444436,63.444444444444436,0.0,775.0,775.0,,,588,363,455.0,61.73469387755102,77.38095238095238,396,474,496.0,80.3030303030303,74.74747474747474,413,466,396
25.L1.8080.FP18606,480.0,883.0,883.0,16.11111111111112,16.11111111111112,16.0,672.0,672.0,0.0,0.0,0,338,475.0,,,26,26,165.0,100.0,0.0,7,26,26
25.L1.8080.FP18607,960.0,288.0,288.0,30.000000000000004,30.000000000000004,1020.0,608.0,608.0,59.6078431372549,59.6078431372549,297,971,948.0,0.0,0.0,2,2,759.0,100.0,0.0,1,148,2
25.L1.8080.FP18608,0.0,288.0,288.0,,,0.0,180.0,180.0,,,141,0,1.0,0.0,0.7092198581560294,425,70,47.0,16.470588235294116,11.058823529411764,77,88,425
25.L1.8080.FP18666,207.0,0.0,0.0,0.0,0.0,91.0,69.0,69.0,75.82417582417582,75.82417582417582,54,117,99.0,0.0,16.049382716049386,104,96,117.0,92.3076923076923,87.17948717948718,82,81,104
25.L1.8080.FPU188003,707.0,1925.0,1925.0,0.0,0.0,651.0,1256.0,1256.0,7.01484895033283,7.01484895033283,1466,935,1115.0,63.77899045020463,76.03456116416554,1689,1070,941.0,63.35109532267613,55.733175448983616,1105,1167,1689
25.L1.8080.FPU188005,452.0,862.0,862.0,9.218289085545717,9.218289085545717,635.0,558.0,558.0,87.82152230971127,87.82152230971127,438,510,456.0,83.56164383561644,95.81430745814308,107,107,508.0,100.0,0.0,70,219,107
25.L1.8080.FPU188011,0.0,51.0,51.0,,,107.0,51.0,51.0,47.663551401869164,47.663551401869164,0,68,50.0,,,0,32,36.0,,,37,28,0
25.L1.8080.FPU188013,514.0,386.0,386.0,75.09727626459144,75.09727626459144,183.0,274.0,274.0,50.27322404371585,50.27322404371585,226,246,232.0,91.1504424778761,97.1976401179941,245,271,308.0,89.38775510204083,74.42176870748298,240,246,245
25.L1.8080.FPU188017,21.0,268.0,268.0,0.0,0.0,114.0,127.0,127.0,88.88888888888889,88.88888888888889,532,124,147.0,23.308270676691734,27.5689223057644,5,304,222.0,0.0,0.0,334,365,5
25.L1.8080.FPU188033,308.0,1126.0,1126.0,0.0,0.0,405.0,677.0,677.0,32.921810699588484,32.921810699588484,35,301,248.0,0.0,0.0,1657,201,249.0,12.130356065178027,15.04727419030376,192,163,1657
25.L1.8080.FPU188035,768.0,1414.0,1414.0,15.885416666666663,15.885416666666663,1836.0,819.0,819.0,44.58968772694263,44.58968772694263,183,1390,1271.0,0.0,0.0,170,170,929.0,100.0,0.0,97,212,170
25.L2.6060.FP96666,0.0,0.0,0.0,,,0.0,0.0,0.0,,,1760,1345,0.0,76.42045454545455,0.0,0,0,587.0,,,0,176,0
25.L2.8080.FP18666,762.0,0.0,0.0,0.0,0.0,0.0,254.0,254.0,,,0,229,254.0,,,0,0,254.0,,,0,0,0
27.L1.6060.DIC6617,0.0,476.0,476.0,,,0.0,0.0,0.0,,,0,0,0.0,,,0,0,0.0,,,0,0,0
27.L1.6060.SV6004,0.0,385.0,385.0,,,0.0,181.0,181.0,,,0,0,0.0,,,222,0,0.0,0.0,0.0,0,0,222
29.L1.1580.FP15801,0.0,36.0,36.0,,,0.0,35.0,35.0,,,0,0,0.0,,,0,0,0.0,,,0,0,0
29.L1.1580.FP15802,455.0,245.0,245.0,53.84615384615385,53.84615384615385,0.0,215.0,215.0,,,0,127,175.0,,,16,0,152.0,0.0,0.0,0,0,16
29.L1.1580.FP15803,7.0,28.0,28.0,0.0,0.0,0.0,30.0,30.0,,,0,37,26.0,,,0,0,2.0,,,0,0,0
29.L1.1580.FP15804,0.0,32.0,32.0,,,0.0,32.0,32.0,,,0,0,32.0,,,0,0,0.0,,,0,0,0
29.L1.1580.FP15805,64.0,104.0,104.0,37.5,37.5,0.0,125.0,125.0,,,0,19,21.0,,,0,0,21.0,,,0,0,0
29.L1.1580.FP15806,0.0,71.0,71.0,,,105.0,0.0,0.0,0.0,0.0,0,105,35.0,,,32,32,35.0,100.0,90.625,37,28,32
29.L1.1580.FP15807,0.0,22.0,22.0,,,95.0,22.0,22.0,23.508771929824558,23.508771929824558,35,45,48.0,71.42857142857143,61.9047619047619,0,46,43.0,,,52,47,0
29.L1.1580.FP15808,15.0,0.0,0.0,0.0,0.0,0.0,5.0,5.0,,,0,4,5.0,,,0,0,5.0,,,0,0,0
29.L1.3030.F305,245.0,11.0,11.0,4.489795918367346,4.489795918367346,121.0,93.0,93.0,76.5840220385675,76.5840220385675,0,134,122.0,,,103,85,122.0,82.52427184466019,81.55339805825243,67,59,103
29.L1.3030.F308,231.0,196.0,196.0,84.7041847041847,84.7041847041847,92.0,260.0,260.0,0.0,0.0,203,147,160.0,72.41379310344827,78.81773399014779,157,175,175.0,88.53503184713377,88.32271762208067,167,177,157
29.L1.3030.F315,0.0,46.0,46.0,,,48.0,30.0,30.0,61.80555555555556,61.80555555555556,0,42,46.0,,,0,14,16.0,,,17,13,0
29.L1.3030.FK301,546.0,317.0,317.0,58.11965811965811,58.11965811965811,47.0,455.0,455.0,0.0,0.0,34,336,445.0,0.0,0.0,0,0,209.0,,,51,170,0
29.L1.3030.FK302,283.0,125.0,125.0,44.28739693757361,44.28739693757361,61.0,205.0,205.0,0.0,0.0,179,72,210.0,40.22346368715084,82.49534450651768,0,0,174.0,,,11,36,0
29.L1.3030.FK303,0.0,83.0,83.0,,,0.0,83.0,83.0,,,0,0,19.0,,,22,0,0.0,0.0,0.0,0,0,22
29.L1.3030.FK304,100.0,80.0,80.0,80.33333333333333,80.33333333333333,65.0,99.0,99.0,47.692307692307686,47.692307692307686,141,65,55.0,46.09929078014184,39.00709219858156,23,110,102.0,0.0,0.0,110,116,23
29.L1.3030.FK305,0.0,15.0,15.0,,,0.0,0.0,0.0,,,0,0,0.0,,,0,0,0.0,,,0,0,0
29.L1.3030.FU81102,2715.0,0.0,0.0,0.0,0.0,5670.0,905.0,905.0,15.961199294532625,15.961199294532625,9518,5103,2795.0,53.61420466484555,29.365412901870137,13469,13469,5968.0,100.0,44.306679535724015,11504,11895,13469
29.L1.3030.FU81106,13774.0,0.0,0.0,0.0,0.0,2039.0,4591.0,4591.0,0.0,0.0,6119,5356,5271.0,87.53064226180749,86.1415263932015,7410,6426,7311.0,86.72064777327935,98.65946918578497,5456,5880,7410
29.L1.3030.FU81107,3552.0,0.0,0.0,0.0,0.0,683.0,1184.0,1184.0,26.647144948755486,26.647144948755486,2121,1475,1412.0,69.54266855256954,66.55665566556657,4516,4516,2119.0,100.0,46.914673752583404,3414,3615,4516
29.L1.3030.FU81108,949.0,0.0,0.0,0.0,0.0,814.0,316.0,316.0,38.86158886158886,38.86158886158886,3319,761,588.0,22.928592949683633,17.70613638646178,1773,1773,1694.0,100.0,95.5442752397067,2141,2148,1773
29.L1.3060.FC3604,54.0,466.0,466.0,0.0,0.0,520.0,377.0,377.0,72.43589743589745,72.43589743589745,370,421,505.0,86.21621621621621,63.603603603603595,734,352,315.0,47.956403269754766,42.870118074477745,391,375,734
29.L1.3060.FC3604D,14.0,60.0,60.0,0.0,0.0,0.0,49.0,49.0,,,0,31,49.0,,,89,0,5.0,0.0,5.243445692883897,0,0,89
29.L1.3060.FC3605,228.0,434.0,434.0,9.795321637426891,9.795321637426891,693.0,401.0,401.0,57.86435786435786,57.86435786435786,355,451,587.0,72.95774647887325,34.55399061032863,982,431,425.0,43.89002036659878,43.312966734555324,461,431,982
29.L1.3060.FC3606,0.0,213.0,213.0,,,24.0,186.0,186.0,0.0,0.0,0,12,8.0,,,288,7,8.0,2.430555555555558,2.777777777777779,8,6,288
29.L1.3060.FC3606D,0.0,3.0,3.0,,,99.0,3.0,3.0,2.6936026936027035,2.6936026936027035,0,54,33.0,,,0,30,33.0,,,35,26,0
29.L1.3060.FC3606V,0.0,21.0,21.0,,,136.0,14.0,14.0,10.29411764705882,10.29411764705882,0,51,45.0,,,0,41,45.0,,,48,36,0
29.L1.3060.FC3610,0.0,175.0,175.0,,,72.0,0.0,0.0,0.0,0.0,32,72,24.0,0.0,75.0,0,38,35.0,,,43,39,0
29.L1.3060.FC3610D,0.0,7.0,7.0,,,24.0,1.0,1.0,5.5555555555555465,5.5555555555555465,0,14,8.0,,,0,7,8.0,,,8,6,0
29.L1.3060.FC3610V,0.0,41.0,41.0,,,24.0,0.0,0.0,0.0,0.0,0,12,8.0,,,0,7,8.0,,,8,6,0
29.L1.3060.FC3618,120.0,581.0,581.0,0.0,0.0,2079.0,258.0,258.0,12.425845759179088,12.425845759179088,1021,1120,807.0,90.30362389813908,79.07280444009142,376,1158,1073.0,0.0,0.0,1301,1202,376
29.L1.3060.FC3618D,32.0,63.0,63.0,2.083333333333326,2.083333333333326,43.0,68.0,68.0,42.635658914728666,42.635658914728666,72,38,29.0,52.77777777777778,39.814814814814824,10,55,49.0,0.0,0.0,58,60,10
29.L1.3060.FC3619,216.0,545.0,545.0,0.0,0.0,509.0,200.0,200.0,39.29273084479371,39.29273084479371,651,288,341.0,44.23963133640553,52.38095238095239,289,521,459.0,19.723183391003463,41.291810841983846,558,566,289
29.L1.3060.FC3622,2802.0,3022.0,3022.0,92.1484653818701,92.1484653818701,2870.0,2422.0,2422.0,84.39024390243902,84.39024390243902,4121,2952,3018.0,71.6330987624363,73.23465178354769,1420,3482,3264.0,0.0,0.0,3551,3644,1420
29.L1.3060.FC3622D,126.0,117.0,117.0,93.12169312169311,93.12169312169311,55.0,66.0,66.0,79.3939393939394,79.3939393939394,277,79,84.0,28.519855595667863,30.204572803850795,75,180,153.0,0.0,0.0,184,201,75
29.L1.3060.FC3622V,414.0,470.0,470.0,86.55394524959742,86.55394524959742,366.0,399.0,399.0,91.07468123861567,91.07468123861567,211,390,467.0,15.165876777251185,0.0,72,72,330.0,100.0,0.0,47,216,72
29.L1.3060.FC3623,3270.0,2910.0,2910.0,88.98063200815494,88.98063200815494,1675.0,3092.0,3092.0,15.422885572139311,15.422885572139311,2844,2728,3164.0,95.9212376933896,88.74824191279887,3568,2578,2596.0,72.25336322869956,72.76718983557548,2477,2581,3568
29.L1.3060.FC3623D,0.0,124.0,124.0,,,136.0,102.0,102.0,74.75490196078431,74.75490196078431,30,68,139.0,0.0,0.0,0,56,55.0,,,64,55,0
29.L1.3060.FC3623V,157.0,344.0,344.0,0.0,0.0,296.0,207.0,207.0,70.04504504504506,70.04504504504506,441,275,236.0,62.358276643990926,53.43915343915344,152,341,298.0,0.0,3.9473684210526327,362,372,152
29.L1.3060.FC3624,113.0,606.0,606.0,0.0,0.0,0.0,279.0,279.0,,,120,178,279.0,51.66666666666666,0.0,17,17,78.0,100.0,0.0,8,14,17
29.L1.3060.FC3624D,2.0,11.0,11.0,0.0,0.0,0.0,1.0,1.0,,,0,17,1.0,,,0,0,1.0,,,0,0,0
29.L1.3060.FC3624V,25.0,85.0,85.0,0.0,0.0,0.0,51.0,51.0,,,0,128,51.0,,,0,0,8.0,,,0,0,0
29.L1.3060.FC3625,0.0,952.0,952.0,,,0.0,858.0,858.0,,,0,0,419.0,,,0,0,0.0,,,0,0,0
29.L1.3060.FC3625D,0.0,5.0,5.0,,,0.0,0.0,0.0,,,26,0,0.0,0.0,0.0,1,13,9.0,0.0,0.0,14,16,1
29.L1.3060.FC3625V,0.0,55.0,55.0,,,0.0,55.0,55.0,,,0,0,55.0,,,0,0,0.0,,,0,0,0
29.L1.3060.FC3626,0.0,0.0,0.0,,,0.0,0.0,0.0,,,0,0,0.0,,,0,0,0.0,,,0,0,0
29.L1.3060.FC3626V,0.0,0.0,0.0,,,0.0,0.0,0.0,,,0,0,0.0,,,0,0,0.0,,,0,0,0
29.L1.3060.FC3636,2514.0,6787.0,6787.0,0.0,0.0,3173.0,4835.0,4835.0,47.62054837693035,47.62054837693035,4578,3715,4186.0,81.14897335080822,91.44459006844328,3850,3744,3422.0,97.24675324675324,88.87445887445887,3880,3979,3850
29.L1.3060.FC3636D,145.0,570.0,570.0,0.0,0.0,190.0,416.0,416.0,0.0,0.0,611,432,266.0,70.7037643207856,43.58974358974359,213,392,315.0,15.962441314553988,51.95618153364634,417,448,213
29.L1.3060.FC3637,2595.0,9463.0,9463.0,0.0,0.0,2602.0,7839.0,7839.0,0.0,0.0,3996,3200,6890.0,80.08008008008008,27.569235902569243,5500,3298,3064.0,59.96363636363636,55.71515151515152,3368,3473,5500
29.L1.3060.FC3638,2302.0,5139.0,5139.0,0.0,0.0,2444.0,3646.0,3646.0,50.80469176213857,50.80469176213857,5573,3200,3373.0,57.41970213529517,60.529936000956994,1956,3980,3440.0,0.0,24.14792092706204,4151,4384,1956
29.L1.3060.FC3638D,436.0,708.0,708.0,37.61467889908256,37.61467889908256,941.0,552.0,552.0,58.62557562876371,58.62557562876371,1253,750,673.0,59.85634477254589,53.684490555998934,446,996,877.0,0.0,3.4379671150971736,1062,1080,446
29.L1.3060.FC3639,2280.0,3183.0,3183.0,60.380116959064324,60.380116959064324,2962.0,2618.0,2618.0,88.3749718658564,88.3749718658564,4155,2727,2684.0,65.63176895306859,64.60489370236662,1919,3422,3132.0,21.677957269411152,36.77262463088413,3550,3633,1919
29.L1.3060.FC3640,3023.0,2575.0,2575.0,85.16925791156686,85.16925791156686,3607.0,3072.0,3072.0,85.17697070511043,85.17697070511043,4013,3514,3549.0,87.56541240966857,88.43757787191628,3711,3693,3548.0,99.51495553759095,95.5986706188808,3772,3796,3711
29.L1.3060.FC3640D,694.0,388.0,388.0,55.8597502401537,55.8597502401537,519.0,578.0,578.0,88.56775850995503,88.56775850995503,466,526,582.0,87.12446351931331,75.1788268955651,427,528,560.0,76.34660421545667,68.9305230288837,508,506,427
29.L1.3060.FC3641,6434.0,2354.0,2354.0,36.58688218837426,36.58688218837426,3369.0,3990.0,3990.0,81.57712476501435,81.57712476501435,3512,4083,4370.0,83.74145785876993,75.55998481397114,4532,4054,4438.0,89.45278022947926,97.93321565166224,3754,3796,4532
29.L1.3060.FC39002,5856.0,9004.0,9004.0,46.2431693989071,46.2431693989071,5882.0,7711.0,7711.0,68.91080131474554,68.91080131474554,8036,5681,5552.0,70.69437531110006,69.08495105359216,8722,6954,6591.0,79.72941985783078,75.57135213636016,7064,7225,8722
29.L1.3060.FC39002D,1014.0,1623.0,1623.0,39.90795529257068,39.90795529257068,747.0,1448.0,1448.0,6.157965194109771,6.157965194109771,1059,938,1021.0,88.57412653446647,96.44318539502676,1245,956,940.0,76.78714859437751,75.50200803212851,945,971,1245
29.L1.3060.FC39003,4056.0,6690.0,6690.0,35.06738987508218,35.06738987508218,4053.0,5441.0,5441.0,65.76198700551032,65.76198700551032,4939,4042,4034.0,81.83842883174732,81.67645272322332,3932,4497,4349.0,85.63072227873856,89.38623262122755,4541,4607,3932
29.L1.3060.FC39004,10319.0,13613.0,13613.0,68.07830216106213,68.07830216106213,8295.0,10596.0,10596.0,72.25637934498693,72.25637934498693,8294,8703,8637.0,95.06872437906921,95.86046137770275,9574,8699,8969.0,90.86066429914351,93.68428382424622,8497,8517,9574
29.L1.3060.FC39004D,1549.0,1789.0,1789.0,84.48461372928772,84.48461372928772,999.0,1504.0,1504.0,49.449449449449446,49.449449449449446,1862,1232,1296.0,66.16541353383458,69.62047977085571,1757,1540,1470.0,87.64940239043824,83.66533864541833,1528,1598,1757
29.L1.3060.FC39005,8131.0,7081.0,7081.0,87.09055876685935,87.09055876685935,3925.0,6775.0,6775.0,27.397027600849245,27.397027600849245,8950,5467,5795.0,61.08379888268156,64.74487895716948,8863,7279,7002.0,82.12794764752341,79.00259505810673,7110,7529,8863
29.L1.3060.FC39006,2081.0,5156.0,5156.0,0.0,0.0,3054.0,2868.0,2868.0,93.90962671905697,93.90962671905697,7254,3908,2496.0,53.873724841466775,34.404006984652135,4541,2182,4130.0,48.0510900682669,90.94178962049476,1412,3081,4541
29.L1.3060.FC39006D,669.0,565.0,565.0,84.4544095665172,84.4544095665172,622.0,635.0,635.0,97.96355841371918,97.96355841371918,930,569,526.0,61.18279569892473,56.523297491039415,1064,785,740.0,73.77819548872179,69.58020050125313,796,820,1064
29.L1.3060.FC39007,3376.0,3546.0,3546.0,94.97432859399684,94.97432859399684,4646.0,3847.0,3847.0,82.8024106758502,82.8024106758502,4644,3806,3457.0,81.95521102497847,74.44013781223083,5333,4391,4222.0,82.33639602475155,79.16744796549784,4518,4505,5333
29.L1.3060.FC39008,1369.0,1756.0,1756.0,71.70684197711226,71.70684197711226,1149.0,1525.0,1525.0,67.27589208006964,67.27589208006964,3337,1222,1234.0,36.61971830985915,36.98931175706721,1645,2287,1952.0,60.9726443768997,81.35764944275581,2374,2540,1645
29.L1.3060.FC39008D,164.0,399.0,399.0,0.0,0.0,119.0,265.0,265.0,0.0,0.0,625,349,220.0,55.84,35.199999999999996,377,120,303.0,31.830238726790448,80.28293545534926,78,170,377
29.L1.3060.FC39009,725.0,2114.0,2114.0,0.0,0.0,927.0,1385.0,1385.0,50.55735346997483,50.55735346997483,1680,960,1015.0,57.14285714285714,60.41666666666667,1318,1263,1111.0,95.82701062215479,84.26909458775924,1321,1375,1318
29.L1.3060.FC39010,3844.0,3993.0,3993.0,96.12382934443289,96.12382934443289,6822.0,3729.0,3729.0,54.6662757744552,54.6662757744552,3826,4930,4165.0,71.14479874542603,91.13085903467504,3794,4728,4831.0,75.3821823932525,72.67615533298189,4876,4622,3794
29.L1.3060.FC39010D,373.0,336.0,336.0,90.0804289544236,90.0804289544236,909.0,339.0,339.0,37.25705903923726,37.25705903923726,494,608,496.0,76.92307692307692,99.527665317139,457,594,592.0,70.02188183807439,70.45951859956236,627,590,457
29.L1.3060.FC39011,4406.0,3683.0,3683.0,83.58299288848539,83.58299288848539,5816.0,3728.0,3728.0,64.0990371389271,64.0990371389271,4350,4737,4253.0,91.10344827586206,97.77011494252874,3675,4801,4857.0,69.36054421768706,67.82766439909298,4869,4745,3675
29.L1.3060.FC39012,2236.0,2590.0,2590.0,84.16815742397138,84.16815742397138,1230.0,1461.0,1461.0,81.19241192411924,81.19241192411924,968,1557,1607.0,39.152892561983464,34.022038567493105,2191,1300,1478.0,59.33363760839799,67.45778183477864,1186,1177,2191
29.L1.3060.FC39012D,119.0,218.0,218.0,16.806722689075627,16.806722689075627,118.0,107.0,107.0,90.3954802259887,90.3954802259887,260,238,131.0,91.53846153846153,50.38461538461539,410,141,166.0,34.390243902439025,40.40650406504065,91,199,410
29.L1.3060.FC39013,1361.0,807.0,807.0,59.27014450159196,59.27014450159196,655.0,834.0,834.0,72.67175572519085,72.67175572519085,813,875,904.0,92.3739237392374,88.80688806888068,1436,875,943.0,60.93314763231198,65.66852367688023,812,831,1436
29.L1.3060.FP3602,0.0,171.0,171.0,,,70.0,0.0,0.0,0.0,0.0,0,360,23.0,,,1025,1025,23.0,100.0,2.276422764227648,666,1128,1025
29.L1.3060.FP3602D,0.0,44.0,44.0,,,32.0,0.0,0.0,0.0,0.0,0,71,11.0,,,0,10,11.0,,,11,8,0
29.L1.3060.FP3603,56.0,2.0,2.0,3.57142857142857,3.57142857142857,11.0,21.0,21.0,12.12121212121211,12.12121212121211,456,34,24.0,7.4561403508771935,5.336257309941517,64,242,174.0,0.0,0.0,260,294,64
29.L1.3060.FP3605,0.0,12.0,12.0,,,0.0,0.0,0.0,,,4,0,0.0,0.0,0.0,0,2,1.0,,,2,2,0
29.L1.3060.FP3605D,0.0,4.0,4.0,,,0.0,0.0,0.0,,,0,0,0.0,,,0,0,0.0,,,0,0,0
29.L1.3060.FP3607,0.0,71.0,71.0,,,0.0,15.0,15.0,,,4,0,0.0,0.0,0.0,0,2,1.0,,,2,2,0
29.L1.3060.FP3616,36.0,0.0,0.0,0.0,0.0,8.0,12.0,12.0,50.0,50.0,0,22,15.0,,,0,10,15.0,,,7,6,0
29.L1.3060.FP3616D,12.0,12.0,12.0,97.22222222222221,97.22222222222221,173.0,16.0,16.0,9.055876685934482,9.055876685934482,0,91,63.0,,,0,54,62.0,,,62,47,0
29.L1.3060.FP3617,44.0,88.0,88.0,0.0,0.0,134.0,97.0,97.0,72.636815920398,72.636815920398,0,89,59.0,,,0,49,59.0,,,51,40,0
29.L1.3060.FP3618,280.0,456.0,456.0,37.26190476190475,37.26190476190475,4.0,462.0,462.0,0.0,0.0,0,271,256.0,,,406,57,95.0,14.039408866995073,23.31691297208539,29,32,406
29.L1.3060.FP3618D,0.0,8.0,8.0,,,0.0,4.0,4.0,,,0,0,4.0,,,0,0,0.0,,,0,0,0
29.L1.3060.FP3619,88.0,381.0,381.0,0.0,0.0,168.0,305.0,305.0,18.65079365079364,18.65079365079364,80,243,212.0,0.0,0.0,12,108,112.0,0.0,0.0,112,104,12
29.L1.3060.FP936601,50.0,0.0,0.0,0.0,0.0,120.0,17.0,17.0,13.888888888888895,13.888888888888895,0,55,57.0,,,84,46,57.0,54.761904761904766,67.46031746031747,47,37,84
29.L1.3060.FP936601D,0.0,0.0,0.0,,,0.0,0.0,0.0,,,0,0,0.0,,,28,0,0.0,0.0,0.0,0,0,28
29.L1.3060.FP936601V,93.0,18.0,18.0,18.99641577060932,18.99641577060932,32.0,42.0,42.0,69.79166666666667,69.79166666666667,28,32,42.0,85.71428571428572,51.1904761904762,25,42,51.0,31.999999999999996,0.0,36,36,25
29.L1.3060.FP936602,232.0,342.0,342.0,52.72988505747125,52.72988505747125,0.0,96.0,96.0,,,158,80,96.0,50.63291139240506,60.75949367088608,519,125,130.0,24.084778420038532,25.048169556840072,110,124,519
29.L1.3060.FP936602D,221.0,21.0,21.0,9.502262443438914,9.502262443438914,8.0,88.0,88.0,0.0,0.0,0,24,82.0,,,132,47,76.0,35.60606060606061,57.82828282828283,25,27,132
29.L1.3060.FP936602V,89.0,90.0,90.0,99.25093632958801,99.25093632958801,0.0,50.0,50.0,,,18,89,41.0,0.0,0.0,174,27,36.0,15.517241379310342,20.498084291187734,19,21,174
29.L1.3060.FP936604,94.0,96.0,96.0,97.87234042553192,97.87234042553192,0.0,39.0,39.0,,,5,25,31.0,0.0,0.0,0,21,33.0,,,12,13,0
29.L1.3060.FP936604D,0.0,59.0,59.0,,,0.0,53.0,53.0,,,13,0,20.0,0.0,48.71794871794871,44,6,4.0,13.636363636363635,9.848484848484851,7,8,44
29.L1.3060.FP936605,0.0,8.0,8.0,,,25.0,3.0,3.0,10.666666666666668,10.666666666666668,290,10,11.0,3.4482758620689613,3.7931034482758585,0,0,105.0,,,29,102,0
29.L1.3060.FP936606,0.0,217.0,217.0,,,35.0,31.0,31.0,89.52380952380952,89.52380952380952,118,30,38.0,25.423728813559322,31.92090395480225,0,70,51.0,,,77,83,0
29.L1.3060.FP936606D,0.0,8.0,8.0,,,0.0,8.0,8.0,,,0,0,5.0,,,0,0,0.0,,,0,0,0
29.L1.3060.FP936607,0.0,310.0,310.0,,,90.0,238.0,238.0,0.0,0.0,69,90,111.0,69.56521739130434,39.13043478260869,121,62,53.0,51.23966942148761,43.80165289256198,70,67,121
29.L1.3060.FP936608,0.0,278.0,278.0,,,0.0,106.0,106.0,,,0,0,17.0,,,48,0,0.0,0.0,0.0,0,0,48
29.L1.3060.FP936608D,30.0,50.0,50.0,34.44444444444446,34.44444444444446,0.0,37.0,37.0,,,15,16,22.0,93.33333333333333,51.11111111111112,138,14,15.0,10.144927536231885,10.869565217391308,12,13,138
29.L1.3060.FP936608V,0.0,25.0,25.0,,,0.0,0.0,0.0,,,0,0,0.0,,,0,0,0.0,,,0,0,0
29.L1.3060.FP936609,292.0,114.0,114.0,39.155251141552505,39.155251141552505,584.0,102.0,102.0,17.46575342465754,17.46575342465754,0,330,292.0,,,18,234,292.0,0.0,0.0,234,187,18
29.L1.3060.FP936609D,88.0,47.0,47.0,53.78787878787878,53.78787878787878,25.0,66.0,66.0,0.0,0.0,58,30,65.0,51.72413793103448,87.35632183908046,13,54,57.0,0.0,0.0,49,52,13
29.L1.3060.FP936609V,39.0,255.0,255.0,0.0,0.0,128.0,199.0,199.0,44.79166666666667,44.79166666666667,0,88,91.0,,,129,46,56.0,35.65891472868217,43.15245478036175,49,38,129
29.L1.3060.FP936610,0.0,9.0,9.0,,,0.0,5.0,5.0,,,0,0,0.0,,,0,0,0.0,,,0,0,0
29.L1.3060.FP936610D,4.0,24.0,24.0,0.0,0.0,20.0,22.0,22.0,88.33333333333334,88.33333333333334,168,18,13.0,10.71428571428571,7.936507936507942,158,158,64.0,100.0,40.50632911392405,147,153,158
29.L1.3060.FP936611,132.0,295.0,295.0,0.0,0.0,263.0,277.0,277.0,94.67680608365019,94.67680608365019,4,200,233.0,0.0,0.0,0,0,133.0,,,43,142,0
29.L1.3060.FP936612,8.0,44.0,44.0,0.0,0.0,0.0,8.0,8.0,,,0,2,3.0,,,0,0,3.0,,,0,0,0
29.L1.3060.FP936612D,0.0,97.0,97.0,,,3.0,36.0,36.0,0.0,0.0,0,132,37.0,,,0,1,1.0,,,1,1,0
29.L1.3060.FP936613,0.0,35.0,35.0,,,2.0,0.0,0.0,0.0,0.0,0,1,1.0,,,0,1,1.0,,,1,1,0
29.L1.3060.FPH3621,0.0,81.0,81.0,,,2.0,70.0,70.0,0.0,0.0,66,42,70.0,63.63636363636363,94.44444444444444,504,34,23.0,6.746031746031744,4.4973544973545,37,42,504
29.L1.3060.FPH3621D,0.0,107.0,107.0,,,0.0,0.0,0.0,,,0,0,0.0,,,0,0,0.0,,,0,0,0
29.L1.3060.FPH3621V,0.0,55.0,55.0,,,0.0,0.0,0.0,,,0,0,0.0,,,0,0,0.0,,,0,0,0
29.L1.3060.FPH3623,112.0,102.0,102.0,91.07142857142857,91.07142857142857,0.0,139.0,139.0,,,0,34,37.0,,,188,0,37.0,0.0,19.8581560283688,0,0,188
29.L1.3060.FPH3623D,0.0,0.0,0.0,,,0.0,0.0,0.0,,,0,0,0.0,,,62,0,0.0,0.0,0.0,0,0,62
29.L1.3060.FPH3623V,0.0,262.0,262.0,,,0.0,262.0,262.0,,,0,0,0.0,,,0,0,0.0,,,0,0,0
29.L1.3060.FPH3624,0.0,3.0,3.0,,,0.0,0.0,0.0,,,0,0,0.0,,,0,0,0.0,,,0,0,0
29.L1.3060.FPH3624D,0.0,5.0,5.0,,,0.0,0.0,0.0,,,0,0,0.0,,,0,0,0.0,,,0,0,0
29.L1.3060.FPH3624V,0.0,85.0,85.0,,,0.0,0.0,0.0,,,0,0,0.0,,,0,0,0.0,,,0,0,0
29.L1.3060.FPH3625,0.0,24.0,24.0,,,3.0,24.0,24.0,0.0,0.0,180,8,4.0,4.444444444444439,2.037037037037037,664,664,61.0,100.0,9.18674698795181,453,489,664
29.L1.3060.FPH3625D,0.0,44.0,44.0,,,26.0,44.0,44.0,30.76923076923077,30.76923076923077,0,26,9.0,,,48,8,9.0,16.666666666666664,18.055555555555546,9,7,48
29.L1.3060.FPH3625V,0.0,113.0,113.0,,,4.0,113.0,113.0,0.0,0.0,930,4,2.0,0.4301075268817178,0.21505376344086446,48,466,311.0,0.0,0.0,513,582,48
29.L1.3060.FPH3626,0.0,0.0,0.0,,,0.0,0.0,0.0,,,0,0,0.0,,,0,0,0.0,,,0,0,0
29.L1.3060.FPH3626V,0.0,0.0,0.0,,,0.0,0.0,0.0,,,0,0,0.0,,,0,0,0.0,,,0,0,0
29.L1.3060.FUSC3621,9254.0,10080.0,10080.0,91.07773215186226,91.07773215186226,7988.0,10195.0,10195.0,72.36688365882156,72.36688365882156,9823,8437,8526.0,85.8902575587906,86.79290101462553,13921,9159,9022.0,65.79268730694633,64.80616813926203,9124,9274,13921
29.L1.3060.FUSC3621D,1677.0,1745.0,1745.0,95.94514013118665,95.94514013118665,1167.0,1720.0,1720.0,52.58497572122251,52.58497572122251,1261,1350,1506.0,92.9421094369548,80.57097541633624,1638,1316,1368.0,80.34188034188034,83.53683353683353,1270,1282,1638
29.L1.3060.FUSC3622,4462.0,5819.0,5819.0,69.59509935753772,69.59509935753772,4682.0,5487.0,5487.0,82.79937348711377,82.79937348711377,4245,4200,4828.0,98.93992932862191,86.27404789948959,4746,4420,4463.0,93.13105773282764,94.03708386009271,4420,4385,4746
29.L1.3060.FUSC3625,3383.0,5051.0,5051.0,50.70450290669031,50.70450290669031,4829.0,4423.0,4423.0,91.58555946710845,91.58555946710845,5238,4342,4258.0,82.89423444062619,81.28420516736668,5345,4744,4483.0,88.75584658559401,83.87901465544122,4909,4925,5345
29.L1.3060.FUSC3625D,648.0,1056.0,1056.0,37.03703703703704,37.03703703703704,948.0,924.0,924.0,97.46835443037975,97.46835443037975,1166,812,772.0,69.63979416809605,66.18067467124071,1187,997,921.0,83.9932603201348,77.56248244875034,1038,1051,1187
29.L1.3060.FUSC3626,2981.0,4994.0,4994.0,32.47232472324724,32.47232472324724,4233.0,4100.0,4100.0,96.85014568076227,96.85014568076227,4304,3791,3706.0,88.08085501858736,86.09820322180917,4284,4018,3839.0,93.79084967320262,89.62029256146904,4147,4140,4284
29.L1.3060.FUSC3629,3047.0,3676.0,3676.0,79.34580461656273,79.34580461656273,4111.0,3381.0,3381.0,82.23465499067541,82.23465499067541,9121,9100,3099.0,99.7697620874904,33.97653766034426,8854,6403,5426.0,72.3175965665236,61.28680069271893,6760,7125,8854
29.L1.3060.FUSC3629D,298.0,651.0,651.0,0.0,0.0,521.0,495.0,495.0,95.07357645553422,95.07357645553422,863,435,415.0,50.40556199304751,48.12668984163769,1040,647,561.0,62.21153846153846,53.91025641025641,687,710,1040
29.L1.3060.FUSC3630,2485.0,3998.0,3998.0,39.10127431254191,39.10127431254191,2247.0,3152.0,3152.0,59.7389111407803,59.7389111407803,7368,2628,2842.0,35.66775244299675,38.57672819399205,6406,4855,4033.0,75.78832344676866,62.96180663960871,5087,5474,6406
29.L1.3060.FUSC3631,3403.0,9171.0,9171.0,0.0,0.0,3453.0,6180.0,6180.0,21.015542040737532,21.015542040737532,5442,4409,5054.0,81.01800808526278,92.87026828371923,11334,4438,4099.0,39.15652020469385,36.168460678783596,4542,4691,11334
29.L1.3060.FUSC3631D,560.0,1312.0,1312.0,0.0,0.0,1372.0,839.0,839.0,61.15160349854227,61.15160349854227,1324,1072,1008.0,80.96676737160121,76.13293051359517,2062,1186,1085.0,57.516973811833175,52.63498221791141,1265,1253,2062
29.L1.3060.FUSC3632,2574.0,6473.0,6473.0,0.0,0.0,4471.0,5024.0,5024.0,87.63140237083427,87.63140237083427,6205,3704,3509.0,59.69379532634972,56.54579640075208,6084,4959,4417.0,81.50887573964496,72.59478413324567,5235,5346,6084
29.L1.3060.FUSC3635,1247.0,2237.0,2237.0,20.609462710505213,20.609462710505213,272.0,1857.0,1857.0,0.0,0.0,3603,920,1190.0,25.534276991396055,33.01878064575817,524,2132,1707.0,0.0,0.0,2201,2461,524
29.L1.3060.FUSC3635D,270.0,243.0,243.0,90.0,90.0,328.0,271.0,271.0,82.52032520325203,82.52032520325203,1097,290,274.0,26.435733819507746,25.007596475235484,91,701,565.0,0.0,0.0,745,802,91
29.L1.3060.FUSC3636,1441.0,1619.0,1619.0,87.6705991209808,87.6705991209808,1753.0,1283.0,1283.0,73.16980414527477,73.16980414527477,5416,1488,1363.0,27.474150664697195,25.16617429837519,925,3522,2870.0,0.0,0.0,3736,4008,925
29.L1.3060.FUSC3637,4622.0,6391.0,6391.0,61.73373719890378,61.73373719890378,8834.0,5393.0,5393.0,61.05199607576785,61.05199607576785,6316,6300,6373.0,99.74667511082964,99.10280768418829,5387,6733,6591.0,75.01392240579172,77.65608563826495,7028,6797,5387
29.L1.3060.FUSC3637D,613.0,1102.0,1102.0,20.17400761283308,20.17400761283308,1146.0,836.0,836.0,72.92030250145433,72.92030250145433,785,899,963.0,85.47770700636943,77.36730360934183,909,859,848.0,94.4994499449945,93.28932893289328,894,862,909
29.L1.3060.FUSC3638,4321.0,6672.0,6672.0,45.58358404690273,45.58358404690273,5360.0,5325.0,5325.0,99.34701492537313,99.34701492537313,4082,5110,5298.0,74.81626653601177,70.21884697043932,5221,4513,4588.0,86.43937942922811,87.8695013726617,4553,4447,5221
29.L1.3060.FUSC3639,2486.0,3157.0,3157.0,73.00884955752213,73.00884955752213,1220.0,2824.0,2824.0,0.0,0.0,1538,1637,1705.0,93.5630689206762,89.16341569137407,2085,1632,1748.0,78.27338129496403,83.8369304556355,1521,1558,2085
29.L1.3060.FUSC3639D,100.0,607.0,607.0,0.0,0.0,619.0,505.0,505.0,81.5831987075929,81.5831987075929,225,512,463.0,0.0,0.0,363,318,315.0,87.60330578512396,86.6850321395776,350,315,363
29.L1.3060.FUSC3640,5435.0,5020.0,5020.0,92.35817233977308,92.35817233977308,4274.0,5199.0,5199.0,78.35751052877866,78.35751052877866,3536,4648,4703.0,68.55203619909503,66.99660633484163,4234,4137,4415.0,97.70902220122815,95.72508266414738,3984,3940,4234
29.L1.3060.FUSC3641,7235.0,12884.0,12884.0,21.925823542962462,21.925823542962462,9348.0,8091.0,8091.0,86.55327342747113,86.55327342747113,8189,8092,7607.0,98.8154841861033,92.89290511661986,12468,8346,8257.0,66.93936477382098,66.2282108865362,8499,8391,12468
29.L1.3060.FUSC3641D,322.0,393.0,393.0,77.84679089026916,77.84679089026916,250.0,297.0,297.0,81.2,81.2,434,285,296.0,65.66820276497695,68.12596006144393,754,356,335.0,47.214854111405835,44.47391688770998,358,373,754
29.L1.3060.FUSC3641V,981.0,1431.0,1431.0,54.16241930003397,54.16241930003397,1308.0,1007.0,1007.0,76.98776758409787,76.98776758409787,1164,1101,1018.0,94.58762886597938,87.42840778923254,1767,1171,1151.0,66.27051499717034,65.13865308432372,1196,1182,1767
29.L1.3060.FUSC3642,6558.0,11777.0,11777.0,20.417810308020734,20.417810308020734,9434.0,8989.0,8989.0,95.28301886792453,95.28301886792453,12816,8069,7638.0,62.9603620474407,59.59737827715356,5677,10550,9603.0,14.16240972344548,30.84962715049029,11007,11232,5677
29.L1.3060.FUSC3642D,55.0,556.0,556.0,0.0,0.0,614.0,273.0,273.0,44.462540716612374,44.462540716612374,273,363,289.0,67.03296703296704,94.26129426129425,92,332,314.0,0.0,0.0,371,340,92
29.L1.3060.FUSC3642V,1118.0,1525.0,1525.0,63.62552176505665,63.62552176505665,1239.0,1297.0,1297.0,95.34570890503093,95.34570890503093,2181,1168,1141.0,53.55341586428244,52.300168118600034,1057,1686,1513.0,40.491958372753075,56.89057079785555,1745,1814,1057
29.L1.3060.FUSC3643,10088.0,12836.0,12836.0,72.76301876817341,72.76301876817341,11439.0,10570.0,10570.0,92.40318209633709,92.40318209633709,13874,10599,10264.0,76.3946951131613,73.9777040987939,15664,12386,11800.0,79.07303370786516,75.33409942117808,12643,12812,15664
29.L1.3060.FUSC3643D,172.0,473.0,473.0,0.0,0.0,325.0,282.0,282.0,86.87179487179486,86.87179487179486,263,260,243.0,98.85931558935361,92.26869455006337,399,263,253.0,65.91478696741855,63.49206349206349,275,269,399
29.L1.3060.FUSC3643V,1033.0,1944.0,1944.0,11.842529848338168,11.842529848338168,1045.0,1556.0,1556.0,51.068580542264755,51.068580542264755,1708,1142,1208.0,66.86182669789227,70.7455113192818,2588,1374,1262.0,53.091190108191654,48.76352395672334,1408,1458,2588
29.L1.3060.FUSC3644,13541.0,10832.0,10832.0,79.99409201683775,79.99409201683775,9529.0,11598.0,11598.0,78.28383530975617,78.28383530975617,18078,18100,10438.0,99.87830512224804,57.73868790795442,19985,14606,13716.0,73.08481361020766,68.6314736052039,14632,15313,19985
29.L1.3060.FUSC3644D,650.0,520.0,520.0,79.94871794871794,79.94871794871794,280.0,490.0,490.0,25.0,25.0,415,385,393.0,92.7710843373494,94.61847389558233,551,422,448.0,76.58802177858439,81.36721113127646,392,406,551
29.L1.3060.FUSC3644V,1231.0,1621.0,1621.0,68.31844029244516,68.31844029244516,1053.0,1474.0,1474.0,60.05064893953782,60.05064893953782,2080,1118,1132.0,53.75,54.43910256410256,2841,1602,1455.0,56.38859556494192,51.20262818256482,1636,1715,2841
29.L1.3060.FUSM3645,4873.0,7101.0,7101.0,54.27183801901636,54.27183801901636,5677.0,6057.0,6057.0,93.30045211672832,93.30045211672832,10099,5599,5681.0,55.44113278542431,56.256395022609496,12054,7727,6883.0,64.10320225651236,57.10137713622034,8029,8352,12054
29.L1.3060.FUSM3645D,397.0,739.0,739.0,13.937867338371124,13.937867338371124,242.0,567.0,567.0,0.0,0.0,494,406,489.0,82.18623481781377,98.9203778677463,447,399,378.0,89.26174496644296,84.48918717375093,396,416,447
29.L1.3060.FUSM3646,3573.0,6174.0,6174.0,27.204030226700247,27.204030226700247,3169.0,5009.0,5009.0,41.927001157042184,41.927001157042184,7960,3856,4247.0,48.44221105527639,53.3500837520938,4910,5645,4901.0,85.03054989816701,99.80991174473863,5844,6208,4910
29.L1.3060.FUSM3647,4376.0,5336.0,5336.0,78.06215722120659,78.06215722120659,4940.0,4765.0,4765.0,96.45748987854252,96.45748987854252,6855,4722,4671.0,68.8840262582057,68.14490639435935,4025,5785,5390.0,56.27329192546584,66.07867494824018,5937,6075,4025
29.L1.3060.FUSM3647D,110.0,383.0,383.0,0.0,0.0,310.0,283.0,283.0,91.29032258064515,91.29032258064515,481,279,292.0,58.004158004158,60.63756063756064,547,356,300.0,65.08226691042047,54.90554539914686,384,395,547
29.L1.3060.FUSM3648,2966.0,5302.0,5302.0,21.24072825354012,21.24072825354012,3880.0,4204.0,4204.0,91.64089347079039,91.64089347079039,5431,3814,3922.0,70.22647762842938,72.21506168293132,9022,4473,4092.0,49.57880735978719,45.35949161309393,4642,4749,9022
29.L1.3060.FUSM3649,2515.0,5263.0,5263.0,0.0,0.0,3603.0,4727.0,4727.0,68.8037746322509,68.8037746322509,2103,3405,3454.0,38.088445078459344,35.74258995086383,4846,2635,2740.0,54.37474205530335,56.54835603246664,2669,2546,4846
29.L1.3060.FUSM3649D,239.0,398.0,398.0,33.47280334728033,33.47280334728033,181.0,345.0,345.0,9.576427255985253,9.576427255985253,127,220,237.0,26.77165354330708,13.648293963254599,115,166,182.0,55.65217391304348,41.44927536231883,157,154,115
29.L1.3060.FUSM3650,4400.0,5836.0,5836.0,67.36363636363636,67.36363636363636,5583.0,5040.0,5040.0,90.26807570601231,90.26807570601231,5182,5017,4837.0,96.81590119644925,93.34877138813842,6137,5146,5055.0,83.85204497311389,82.36923578295584,5244,5202,6137
29.L1.3060.FUSM3651,2292.0,2506.0,2506.0,90.67771960442118,90.67771960442118,1053.0,1946.0,1946.0,15.226337448559669,15.226337448559669,1242,1604,1764.0,70.85346215780999,57.9441760601181,2490,1395,1529.0,56.02409638554218,61.405622489959846,1281,1307,2490
29.L1.3060.FUSM3651D,146.0,95.0,95.0,65.06849315068493,65.06849315068493,104.0,113.0,113.0,91.34615384615384,91.34615384615384,171,124,130.0,72.51461988304094,76.0233918128655,251,146,140.0,58.16733067729083,55.909694555112885,145,150,251
29.L1.3060.FUSM3652,3337.0,3080.0,3080.0,92.30846069323744,92.30846069323744,2609.0,2971.0,2971.0,86.13772837613391,86.13772837613391,3084,2785,2781.0,90.30479896238651,90.1750972762646,1965,2992,3010.0,47.73536895674301,46.81933842239185,2943,2986,1965
29.L1.4060.FX46202,1499.0,2916.0,2916.0,5.492550589281753,5.492550589281753,3140.0,2404.0,2404.0,76.57112526539278,76.57112526539278,3124,2767,2792.0,88.57234314980793,89.36192915066155,8576,8576,2588.0,100.0,30.173351990049746,761,6615,8576
29.L1.4060.FX46203,288.0,0.0,0.0,0.0,0.0,0.0,96.0,96.0,,,0,86,96.0,,,0,0,96.0,,,0,0,0
29.L1.4060.FXK46250,3109.0,2533.0,2533.0,81.48386405060577,81.48386405060577,4207.0,2477.0,2477.0,58.885983677997004,58.885983677997004,2469,3100,3562.0,74.44309437019037,55.73106520858647,3548,3118,3262.0,87.880496054115,91.92972566704246,3141,3000,3548
29.L1.4060.FXK46251,7026.0,7026.0,7026.0,99.99525571686118,99.99525571686118,10629.0,6557.0,6557.0,61.686580738231875,61.686580738231875,10801,8717,8043.0,80.70549023238588,74.46224115051076,11088,9994,9485.0,90.13347763347764,85.54593554593555,10363,10340,11088
29.L1.4060.FXK46254,1515.0,1613.0,1613.0,93.55335533553355,93.55335533553355,3241.0,1555.0,1555.0,47.968733929857045,47.968733929857045,4272,2363,2066.0,55.313670411985015,48.35362047440699,5818,3411,3009.0,58.62839463733241,51.72453305832474,3635,3695,5818
29.L1.4060.FXK46255,848.0,608.0,608.0,71.7374213836478,71.7374213836478,407.0,764.0,764.0,12.203112203112198,12.203112203112198,846,586,632.0,69.26713947990544,74.74389282899921,1327,715,700.0,53.880934438583274,52.77568450138157,693,730,1327
29.L1.4060.FXK46256,1064.0,2893.0,2893.0,0.0,0.0,2114.0,2583.0,2583.0,77.83033743298644,77.83033743298644,1424,1700,1678.0,80.6179775280899,82.16292134831461,5252,1559,1534.0,29.68392993145469,29.20792079207921,1630,1568,5252
29.L1.4060.FXK46258,8281.0,6314.0,6314.0,76.2428048142334,76.2428048142334,6618.0,6258.0,6258.0,94.56029011786038,94.56029011786038,9582,7044,7051.0,73.51283656856606,73.58936895568078,7270,8433,8160.0,84.00275103163686,87.75332416322789,8415,8654,7270
29.L1.4060.FXU46001,655.0,4071.0,4071.0,0.0,0.0,4462.0,2525.0,2525.0,56.59644404601822,56.59644404601822,4722,2809,2341.0,59.48750529436679,49.57645065650148,6541,3831,3280.0,58.56902614279163,50.1401416704887,4224,4206,6541
29.L1.4060.FXU46002,2701.0,4395.0,4395.0,37.29482907565098,37.29482907565098,2967.0,3242.0,3242.0,90.74261318952928,90.74261318952928,3613,2851,2818.0,78.90949349570994,78.00535104714457,7120,3237,3094.0,45.46348314606742,43.4503745318352,3296,3342,7120
29.L1.4060.FXU46003,1425.0,1809.0,1809.0,73.05263157894737,73.05263157894737,2338.0,1967.0,1967.0,84.13173652694611,84.13173652694611,4056,1847,1672.0,45.53747534516766,41.214661406969114,5127,3014,2606.0,58.78681490150186,50.835446329887525,3191,3311,5127
29.L1.4080.FC4801,648.0,760.0,760.0,82.66460905349794,82.66460905349794,92.0,320.0,320.0,0.0,0.0,329,240,247.0,72.94832826747721,74.97467071935156,554,322,356.0,58.12274368231047,64.32009626955475,278,301,554
29.L1.4080.FC4801D,0.0,0.0,0.0,,,0.0,0.0,0.0,,,0,0,0.0,,,104,0,0.0,0.0,0.0,0,0,104
29.L1.4080.FC4801V,204.0,83.0,83.0,40.52287581699346,40.52287581699346,16.0,72.0,72.0,0.0,0.0,0,54,73.0,,,112,46,73.0,41.07142857142857,65.47619047619047,26,27,112
29.L1.4080.FC4802,1577.0,2107.0,2107.0,66.37074614246458,66.37074614246458,588.0,1499.0,1499.0,0.0,0.0,1577,966,1053.0,61.25554850982879,66.79348974846755,744,1280,1247.0,27.956989247311824,32.347670250896066,1231,1315,744
29.L1.4080.FC4802D,65.0,24.0,24.0,36.410256410256416,36.410256410256416,17.0,43.0,43.0,0.0,0.0,20,21,36.0,95.0,21.66666666666668,13,28,34.0,0.0,0.0,23,24,13
29.L1.4080.FC4802V,233.0,420.0,420.0,19.599427753934194,19.599427753934194,34.0,247.0,247.0,0.0,0.0,104,290,143.0,0.0,62.82051282051283,181,109,124.0,60.22099447513812,68.32412523020258,92,100,181
29.L1.4080.FC4803,0.0,141.0,141.0,,,0.0,0.0,0.0,,,106,0,0.0,0.0,0.0,0,53,35.0,,,58,66,0
29.L1.4080.FC4803D,0.0,8.0,8.0,,,0.0,0.0,0.0,,,0,0,0.0,,,0,0,0.0,,,0,0,0
29.L1.4080.FC4803V,0.0,0.0,0.0,,,0.0,0.0,0.0,,,0,0,0.0,,,0,0,0.0,,,0,0,0
29.L1.4080.FC4804,4344.0,2423.0,2423.0,55.78575813382444,55.78575813382444,2062.0,2311.0,2311.0,87.90817976075007,87.90817976075007,3017,2487,2389.0,82.43288034471328,79.19566898685228,1723,2996,3141.0,26.1172373766686,17.70168311085316,2816,2910,1723
29.L1.4080.FC4804D,0.0,123.0,123.0,,,48.0,4.0,4.0,9.027777777777779,9.027777777777779,135,158,16.0,82.96296296296296,11.851851851851848,0,82,61.0,,,91,97,0
29.L1.4080.FC4804V,549.0,435.0,435.0,79.17425622343656,79.17425622343656,378.0,327.0,327.0,86.5079365079365,86.5079365079365,251,464,357.0,15.139442231075694,57.63612217795486,214,349,393.0,36.915887850467286,16.510903426791266,325,317,214
29.L1.4080.FC4805,990.0,2044.0,2044.0,0.0,0.0,6.0,1341.0,1341.0,0.0,0.0,1633,1244,831.0,76.17881200244948,50.908348642580115,482,1016,876.0,0.0,18.18810511756569,999,1131,482
29.L1.4080.FC4805D,0.0,40.0,40.0,,,0.0,25.0,25.0,,,12,0,10.0,0.0,86.11111111111111,0,6,4.0,,,7,8,0
29.L1.4080.FC4805V,0.0,61.0,61.0,,,0.0,39.0,39.0,,,145,0,0.0,0.0,0.0,60,72,48.0,80.0,80.55555555555556,80,91,60
29.L1.4080.FC4806,4113.0,3077.0,3077.0,74.81157306102601,74.81157306102601,721.0,3282.0,3282.0,0.0,0.0,2574,2259,1951.0,87.76223776223776,75.7964257964258,422,422,2469.0,100.0,0.0,274,422,422
29.L1.4080.FC4806D,101.0,158.0,158.0,43.894389438943904,43.894389438943904,12.0,90.0,90.0,0.0,0.0,20,105,45.0,0.0,0.0,70,34,44.0,48.57142857142858,63.33333333333333,25,27,70
29.L1.4080.FC4806V,333.0,476.0,476.0,57.05705705705706,57.05705705705706,129.0,381.0,381.0,0.0,0.0,481,256,188.0,53.222453222453225,39.015939015939004,162,346,314.0,0.0,5.967078189300423,343,372,162
29.L1.4080.FC4808,879.0,3113.0,3113.0,0.0,0.0,1817.0,2580.0,2580.0,58.026050266006244,58.026050266006244,6074,1864,2548.0,30.68817912413566,41.95477993634069,2841,3758,2923.0,67.72263287574798,97.10195940396574,4065,4375,2841
29.L1.4080.FC4808D,132.0,48.0,48.0,36.36363636363637,36.36363636363637,19.0,51.0,51.0,0.0,0.0,208,61,58.0,29.326923076923073,27.724358974358964,23,136,120.0,0.0,0.0,134,149,23
29.L1.4080.FC4808V,212.0,380.0,380.0,20.91194968553458,20.91194968553458,139.0,356.0,356.0,0.0,0.0,698,247,282.0,35.38681948424068,40.448901623686716,368,433,350.0,82.33695652173914,95.01811594202898,454,496,368
29.L1.4080.FC4809,1513.0,2074.0,2074.0,62.943379599030635,62.943379599030635,2437.0,1348.0,1348.0,55.313910545752975,55.313910545752975,1645,1839,1594.0,88.20668693009118,96.87943262411348,2158,1856,1865.0,86.00556070435589,86.42261353104726,1909,1840,2158
29.L1.4080.FC4809D,0.0,67.0,67.0,,,0.0,30.0,30.0,,,0,0,28.0,,,19,0,0.0,0.0,0.0,0,0,19
29.L1.4080.FC4809V,0.0,146.0,146.0,,,148.0,79.0,79.0,53.153153153153156,53.153153153153156,24,148,84.0,0.0,0.0,163,56,57.0,34.355828220858896,35.17382413087935,65,54,163
29.L1.4080.FP948601,0.0,217.0,217.0,,,0.0,122.0,122.0,,,0,0,60.0,,,0,0,0.0,,,0,0,0
29.L1.4080.FP948601D,22.0,13.0,13.0,60.60606060606061,60.60606060606061,30.0,12.0,12.0,41.11111111111112,41.11111111111112,2,22,17.0,0.0,0.0,0,14,18.0,,,14,12,0
29.L1.4080.FP948601V,12.0,47.0,47.0,0.0,0.0,7.0,51.0,51.0,0.0,0.0,0,51,23.0,,,0,4,6.0,,,3,3,0
29.L1.4080.FP948602,57.0,189.0,189.0,0.0,0.0,0.0,111.0,111.0,,,0,80,107.0,,,0,0,19.0,,,0,0,0
29.L1.4080.FP948602D,37.0,63.0,63.0,30.63063063063064,30.63063063063064,9.0,30.0,30.0,0.0,0.0,120,37,28.0,30.833333333333336,23.055555555555564,0,70,55.0,,,73,82,0
29.L1.4080.FP948602V,0.0,85.0,85.0,,,0.0,22.0,22.0,,,0,0,2.0,,,0,0,0.0,,,0,0,0
29.L1.4080.FP948603,0.0,609.0,609.0,,,4.0,336.0,336.0,0.0,0.0,61,97,160.0,40.98360655737705,0.0,0,32,22.0,,,35,39,0
29.L1.4080.FP948603D,0.0,56.0,56.0,,,1.0,51.0,51.0,0.0,0.0,0,30,0.0,,,0,0,0.0,,,0,0,0
29.L1.4080.FP948603V,0.0,102.0,102.0,,,1.0,26.0,26.0,0.0,0.0,0,76,1.0,,,0,0,0.0,,,0,0,0
29.L1.4080.FP948604,15.0,115.0,115.0,0.0,0.0,0.0,103.0,103.0,,,22,0,81.0,0.0,0.0,0,14,12.0,,,14,16,0
29.L1.4080.FP948604D,10.0,24.0,24.0,0.0,0.0,0.0,18.0,18.0,,,15,10,15.0,66.66666666666667,100.0,7,10,8.0,57.14285714285714,80.95238095238095,10,11,7
29.L1.4080.FP948604V,5.0,0.0,0.0,0.0,0.0,1.0,2.0,2.0,33.33333333333333,33.33333333333333,0,0,2.0,,,0,1,2.0,,,1,1,0
29.L1.5050.FC5001,2137.0,1875.0,1875.0,87.72422399001715,87.72422399001715,834.0,1812.0,1812.0,0.0,0.0,264,2800,1571.0,0.0,0.0,1622,810,1078.0,49.93834771886559,66.48170982326346,651,621,1622
29.L1.5050.FC5006,2159.0,1746.0,1746.0,80.88621275281767,80.88621275281767,325.0,1767.0,1767.0,0.0,0.0,655,1019,1177.0,44.42748091603054,20.356234096692106,1998,857,1046.0,42.892892892892895,52.36903570236904,690,733,1998
29.L1.5050.FCU5507,686.0,2908.0,2908.0,0.0,0.0,1330.0,1652.0,1652.0,75.81453634085213,75.81453634085213,2148,1400,1453.0,65.17690875232775,67.62880198634389,4358,1610,1388.0,36.94355208811382,31.849472234970165,1715,1770,4358
29.L1.5050.FCU5521,2775.0,4870.0,4870.0,24.50450450450451,24.50450450450451,3413.0,3739.0,3739.0,90.44828596542631,90.44828596542631,4808,3687,3975.0,76.68469217970049,82.68164170826401,6144,3983,3665.0,64.82747395833333,59.65711805555556,4116,4214,6144
29.L1.5050.FCU5524,7174.0,5314.0,5314.0,74.06839513056408,74.06839513056408,5775.0,5346.0,5346.0,92.57142857142857,92.57142857142857,8715,5897,5745.0,67.6649454962708,65.92082616179002,8955,7525,7221.0,84.03126744835288,80.64023822817792,7532,7766,8955
29.L1.6060.FP6602,0.0,0.0,0.0,,,0.0,0.0,0.0,,,0,0,0.0,,,0,0,0.0,,,0,0,0
29.L1.6060.FP6603,0.0,0.0,0.0,,,0.0,0.0,0.0,,,0,0,0.0,,,0,0,0.0,,,0,0,0
29.L1.6060.FP6604,0.0,182.0,182.0,,,0.0,86.0,86.0,,,55,0,11.0,0.0,19.393939393939384,0,28,18.0,,,30,34,0
29.L1.6060.FP6605,49.0,0.0,0.0,0.0,0.0,0.0,16.0,16.0,,,0,49,16.0,,,0,0,16.0,,,0,0,0
29.L1.6060.FP96600,330.0,75.0,75.0,22.626262626262626,22.626262626262626,19.0,147.0,147.0,0.0,0.0,5,100,126.0,0.0,0.0,30,74,118.0,0.0,0.0,42,44,30
29.L1.6060.FP96601,0.0,0.0,0.0,,,0.0,0.0,0.0,,,0,0,0.0,,,0,0,0.0,,,0,0,0
29.L1.6060.FP96604,16.0,215.0,215.0,0.0,0.0,0.0,6.0,6.0,,,0,176,5.0,,,0,0,5.0,,,0,0,0
29.L1.6060.FP96606,4.0,24.0,24.0,0.0,0.0,6.0,9.0,9.0,50.0,50.0,0,12,9.0,,,0,3,3.0,,,3,2,0
29.L1.6060.FP96608,0.0,45.0,45.0,,,0.0,0.0,0.0,,,0,0,0.0,,,0,0,0.0,,,0,0,0
29.L1.6060.FP966602,0.0,0.0,0.0,,,0.0,0.0,0.0,,,0,0,0.0,,,0,0,0.0,,,0,0,0
29.L1.6060.FP966605,0.0,0.0,0.0,,,0.0,0.0,0.0,,,0,0,0.0,,,0,0,0.0,,,0,0,0
29.L1.6060.FP96666,0.0,50.0,50.0,,,8.0,30.0,30.0,0.0,0.0,2,20,23.0,0.0,0.0,0,3,3.0,,,4,3,0
29.L1.6060.FPH6001,35.0,24.0,24.0,67.61904761904762,67.61904761904762,61.0,15.0,15.0,24.590163934426236,24.590163934426236,0,38,35.0,,,0,25,32.0,,,25,20,0
29.L1.6060.FPH966001,0.0,119.0,119.0,,,123.0,1.0,1.0,1.0840108401083959,1.0840108401083959,0,40,41.0,,,0,37,41.0,,,43,33,0
29.L1.6060.FPU6000,120.0,158.0,158.0,68.33333333333333,68.33333333333333,136.0,192.0,192.0,58.82352941176471,58.82352941176471,53,135,144.0,0.0,0.0,106,91,103.0,85.84905660377359,97.16981132075472,89,82,106
29.L1.6060.FPU6001,0.0,0.0,0.0,,,0.0,0.0,0.0,,,76,0,0.0,0.0,0.0,0,38,25.0,,,42,48,0
29.L1.6060.FPU6002,45.0,5.0,5.0,10.370370370370363,10.370370370370363,0.0,15.0,15.0,,,4,18,15.0,0.0,0.0,31,11,16.0,35.483870967741936,52.68817204301075,7,8,31
29.L1.6060.FPU6003,0.0,0.0,0.0,,,0.0,0.0,0.0,,,0,0,0.0,,,0,0,0.0,,,0,0,0
29.L1.6060.FPU6005,0.0,95.0,95.0,,,0.0,75.0,75.0,,,0,0,45.0,,,0,0,0.0,,,0,0,0
29.L1.6060.FPU6006,69.0,238.0,238.0,0.0,0.0,0.0,188.0,188.0,,,61,110,128.0,19.672131147540984,0.0,50,44,43.0,88.0,86.66666666666667,40,45,50
29.L1.6060.FPU6007,153.0,42.0,42.0,27.450980392156865,27.450980392156865,28.0,67.0,67.0,0.0,0.0,0,60,60.0,,,0,39,60.0,,,25,24,0
29.L1.6060.FPU6009,38.0,32.0,32.0,84.21052631578947,84.21052631578947,0.0,30.0,30.0,,,0,41,13.0,,,0,0,13.0,,,0,0,0
29.L1.6060.FPU6010,28.0,189.0,189.0,0.0,0.0,0.0,132.0,132.0,,,0,200,36.0,,,0,0,9.0,,,0,0,0
29.L1.6060.FPU6011,354.0,348.0,348.0,98.21092278719398,98.21092278719398,24.0,350.0,350.0,0.0,0.0,4,322,259.0,0.0,0.0,0,80,127.0,,,46,48,0
29.L1.6060.FPU6012,19.0,39.0,39.0,0.0,0.0,167.0,24.0,24.0,14.171656686626743,14.171656686626743,287,71,77.0,24.73867595818815,26.713124274099886,0,0,158.0,,,8,28,0
29.L1.6060.FPU6013,4.0,17.0,17.0,0.0,0.0,0.0,1.0,1.0,,,17,52,1.0,0.0,7.843137254901967,21,9,7.0,42.85714285714286,33.333333333333336,10,11,21
29.L1.6060.FPU6014,152.0,152.0,152.0,99.78070175438596,99.78070175438596,122.0,131.0,131.0,92.89617486338798,92.89617486338798,76,85,91.0,88.1578947368421,79.82456140350878,12,105,117.0,0.0,0.0,100,97,12
29.L1.6060.FPU6016,1.0,0.0,0.0,0.0,0.0,0.0,0.0,0.0,,,0,0,0.0,,,0,0,0.0,,,0,0,0
29.L1.6060.FPU6017,0.0,51.0,51.0,,,0.0,22.0,22.0,,,0,0,3.0,,,26,0,0.0,0.0,0.0,0,0,26
29.L1.6060.FPU6018,4.0,38.0,38.0,0.0,0.0,0.0,1.0,1.0,,,159,10,1.0,6.2893081761006275,0.8385744234800874,0,80,54.0,,,88,100,0
29.L1.6060.FPU966001,0.0,0.0,0.0,,,0.0,0.0,0.0,,,0,0,0.0,,,0,0,0.0,,,0,0,0
29.L1.6060.FPU966002,0.0,92.0,92.0,,,0.0,67.0,67.0,,,0,0,0.0,,,44,0,0.0,0.0,0.0,0,0,44
29.L1.6060.FPU966003,0.0,8.0,8.0,,,1.0,5.0,5.0,0.0,0.0,0,8,0.0,,,0,0,0.0,,,0,0,0
29.L1.6060.FPU966005,0.0,0.0,0.0,,,0.0,0.0,0.0,,,0,0,0.0,,,0,0,0.0,,,0,0,0
29.L1.6060.FPU966009,43.0,160.0,160.0,0.0,0.0,8.0,158.0,158.0,0.0,0.0,0,18,18.0,,,0,11,17.0,,,7,7,0
29.L1.6060.FPU966013,0.0,0.0,0.0,,,0.0,0.0,0.0,,,0,0,0.0,,,0,0,0.0,,,0,0,0
29.L1.8080.FP18600,0.0,0.0,0.0,,,0.0,0.0,0.0,,,0,0,0.0,,,0,0,0.0,,,0,0,0
29.L1.8080.FP18601,0.0,34.0,34.0,,,0.0,4.0,4.0,,,0,0,0.0,,,0,0,0.0,,,0,0,0
29.L1.8080.FP18604,3.0,18.0,18.0,0.0,0.0,51.0,17.0,17.0,32.67973856209151,32.67973856209151,18,24,30.0,66.66666666666667,31.481481481481488,9,25,24.0,0.0,0.0,28,25,9
29.L1.8080.FP18606,0.0,56.0,56.0,,,0.0,54.0,54.0,,,0,0,30.0,,,3,0,0.0,0.0,0.0,0,0,3
29.L1.8080.FP18607,480.0,128.0,128.0,26.59722222222223,26.59722222222223,3.0,161.0,161.0,0.0,0.0,14,54,161.0,0.0,0.0,78,104,166.0,66.66666666666667,0.0,57,62,78
29.L1.8080.FP18608,15.0,0.0,0.0,0.0,0.0,4.0,5.0,5.0,75.0,75.0,6,10,6.0,33.333333333333336,94.44444444444446,0,7,8.0,,,6,6,0
29.L1.8080.FP18666,10.0,26.0,26.0,0.0,0.0,17.0,17.0,17.0,98.03921568627452,98.03921568627452,11,10,10.0,90.9090909090909,90.9090909090909,0,13,13.0,,,13,13,0
29.L1.8080.FPU188003,0.0,4.0,4.0,,,0.0,0.0,0.0,,,0,0,0.0,,,0,0,0.0,,,0,0,0
29.L1.8080.FPU188005,93.0,193.0,193.0,0.0,0.0,0.0,44.0,44.0,,,0,5,33.0,,,0,0,31.0,,,0,0,0
29.L1.8080.FPU188011,0.0,10.0,10.0,,,63.0,10.0,10.0,15.343915343915338,15.343915343915338,0,0,21.0,,,0,19,21.0,,,22,17,0
29.L1.8080.FPU188013,0.0,22.0,22.0,,,0.0,21.0,21.0,,,32,0,17.0,0.0,53.125,76,76,11.0,100.0,14.035087719298255,1,2,76
29.L1.8080.FPU188017,5.0,51.0,51.0,0.0,0.0,0.0,19.0,19.0,,,2,40,6.0,0.0,0.0,139,2,2.0,1.4388489208633115,1.6786570743405393,2,2,139
29.L1.8080.FPU188033,0.0,43.0,43.0,,,6.0,43.0,43.0,0.0,0.0,205,32,31.0,15.609756097560979,14.95934959349593,0,0,70.0,,,20,72,0
29.L1.8080.FPU188035,0.0,0.0,0.0,,,0.0,0.0,0.0,,,0,0,0.0,,,0,0,0.0,,,0,0,0
29.L1.8080.FPU8000,3.0,14.0,14.0,0.0,0.0,1.0,9.0,9.0,0.0,0.0,2,6,1.0,0.0,66.66666666666666,0,2,2.0,,,2,2,0
29.L1.8080.FPU8001,0.0,87.0,87.0,,,0.0,85.0,85.0,,,0,0,0.0,,,0,0,0.0,,,0,0,0
29.L1.8080.FPU8002,0.0,14.0,14.0,,,0.0,0.0,0.0,,,0,0,0.0,,,0,0,0.0,,,0,0,0
29.L1.8080.FPU8003,0.0,0.0,0.0,,,0.0,0.0,0.0,,,0,0,0.0,,,0,0,0.0,,,0,0,0
29.L1.8080.FPU8006,0.0,0.0,0.0,,,5.0,0.0,0.0,0.0,0.0,6,5,2.0,83.33333333333334,27.77777777777778,0,4,4.0,,,5,5,0
29.L1.8080.FPU8007,0.0,0.0,0.0,,,0.0,0.0,0.0,,,0,0,0.0,,,0,0,0.0,,,0,0,0
29.L1.8080.FPU8011,0.0,0.0,0.0,,,8.0,0.0,0.0,0.0,0.0,0,13,3.0,,,0,2,3.0,,,3,2,0
29.L1.8080.FPU8013,0.0,0.0,0.0,,,0.0,0.0,0.0,,,0,0,0.0,,,0,0,0.0,,,0,0,0
29.L1.8080.FPU8014,0.0,5.0,5.0,,,0.0,0.0,0.0,,,0,0,0.0,,,15,15,0.0,100.0,0.0,0,3,15
29.L1.8080.FPU8016,0.0,13.0,13.0,,,0.0,0.0,0.0,,,3,0,0.0,0.0,0.0,0,2,1.0,,,2,2,0
29.L1.8080.FPU8017,0.0,4.0,4.0,,,74.0,4.0,4.0,5.405405405405405,5.405405405405405,0,42,25.0,,,11,22,25.0,0.0,0.0,26,20,11
29.L1.8080.FPU8888,0.0,0.0,0.0,,,0.0,0.0,0.0,,,0,0,0.0,,,0,0,0.0,,,0,0,0
29.L2.8080.FPU188003,0.0,9.0,9.0,,,0.0,9.0,9.0,,,0,0,0.0,,,0,0,0.0,,,0,0,0
31.L1.LEO-100100-001,4.0,239.0,239.0,0.0,0.0,0.0,207.0,207.0,,,0,37,61.0,,,0,0,1.0,,,0,0,0
31.L1.LEO-100100-002,10.0,45.0,45.0,0.0,0.0,0.0,23.0,23.0,,,263,10,15.0,3.802281368821292,5.703422053231943,72,134,91.0,13.888888888888884,73.61111111111111,146,166,72
31.L1.LEO-100100-003,13.0,346.0,346.0,0.0,0.0,2.0,260.0,260.0,0.0,0.0,203,142,151.0,69.95073891625616,74.2200328407225,790,790,73.0,100.0,9.19831223628691,514,869,790
31.L1.LEO-100100-004,135.0,209.0,209.0,45.4320987654321,45.4320987654321,16.0,201.0,201.0,0.0,0.0,153,124,177.0,81.04575163398692,84.53159041394336,4,108,101.0,0.0,0.0,103,114,4
31.L1.LEO-100100-005,154.0,92.0,92.0,59.74025974025974,59.74025974025974,3.0,91.0,91.0,0.0,0.0,715,66,82.0,9.230769230769232,11.468531468531474,46,389,291.0,0.0,0.0,410,465,46
31.L1.LEO-100100-006,8.0,0.0,0.0,0.0,0.0,0.0,3.0,3.0,,,0,2,3.0,,,0,0,3.0,,,0,0,0
31.L1.LEO-100100-007,173.0,163.0,163.0,94.21965317919076,94.21965317919076,32.0,215.0,215.0,0.0,0.0,64,108,136.0,31.25,0.0,9,76,90.0,0.0,0.0,64,68,9
31.L1.LEO-100100-008,53.0,5.0,5.0,10.062893081761015,10.062893081761015,151.0,23.0,23.0,15.2317880794702,15.2317880794702,427,91,68.0,21.311475409836067,15.925058548009364,0,0,210.0,,,43,149,0
31.L1.LEO-100100-009,71.0,25.0,25.0,35.2112676056338,35.2112676056338,11.0,27.0,27.0,0.0,0.0,9,7,29.0,77.77777777777779,0.0,18,26,30.0,55.55555555555556,31.481481481481488,17,36,18
31.L1.LEO-100100-010,0.0,3.0,3.0,,,0.0,3.0,3.0,,,0,0,0.0,,,0,0,0.0,,,0,0,0
31.L1.LEO-100100-011,119.0,135.0,135.0,86.5546218487395,86.5546218487395,54.0,90.0,90.0,33.95061728395061,33.95061728395061,60,64,61.0,93.33333333333333,98.88888888888889,394,70,78.0,17.76649746192893,19.71235194585449,64,65,394
31.L1.LEO-100100-012,1.0,2.0,2.0,33.33333333333333,33.33333333333333,1.0,1.0,1.0,66.66666666666666,66.66666666666666,50,1,1.0,2.0000000000000018,1.3333333333333308,254,254,17.0,100.0,6.824146981627299,165,279,254
32.L1.ACC-080160-001,5.0,67.0,67.0,0.0,0.0,63.0,12.0,12.0,19.047619047619047,19.047619047619047,35,36,27.0,97.14285714285714,78.0952380952381,11,37,34.0,0.0,0.0,42,39,11
32.L1.ACC-080160-002,0.0,0.0,0.0,,,0.0,0.0,0.0,,,1,0,0.0,0.0,0.0,1,1,0.0,100.0,33.33333333333333,1,1,1
32.L1.ACC-080160-003,116.0,77.0,77.0,66.66666666666666,66.66666666666666,59.0,104.0,104.0,23.728813559322038,23.728813559322038,5,64,58.0,0.0,0.0,6,43,60.0,0.0,0.0,35,31,6
32.L1.ACC-080160-004,21.0,93.0,93.0,0.0,0.0,21.0,97.0,97.0,0.0,0.0,93,45,60.0,48.38709677419355,64.87455197132617,4,57,45.0,0.0,0.0,61,66,4
32.L1.ACC-120120-001,72.0,95.0,95.0,67.59259259259261,67.59259259259261,11.0,27.0,27.0,0.0,0.0,0,27,28.0,,,0,18,28.0,,,11,11,0
32.L1.ACC-120120-002,0.0,513.0,513.0,,,0.0,47.0,47.0,,,0,0,47.0,,,0,0,0.0,,,0,0,0
32.L1.ACC-120120-003,32.0,55.0,55.0,28.125,28.125,62.0,66.0,66.0,94.08602150537634,94.08602150537634,0,41,33.0,,,2,25,31.0,0.0,0.0,25,20,2
32.L1.ACC-120120-004,2.0,23.0,23.0,0.0,0.0,6.0,18.0,18.0,0.0,0.0,14,7,9.0,50.0,61.904761904761905,0,9,7.0,,,10,10,0
32.L1.ACC-120120-005,0.0,59.0,59.0,,,2.0,56.0,56.0,0.0,0.0,43,20,9.0,46.51162790697675,21.705426356589154,3,1,15.0,33.333333333333336,0.0,1,1,3
32.L1.ACC-120120-006,0.0,0.0,0.0,,,0.0,0.0,0.0,,,12,0,0.0,0.0,2.777777777777779,0,6,4.0,,,7,8,0
32.L1.ACC-120120-007,11.0,225.0,225.0,0.0,0.0,1.0,84.0,84.0,0.0,0.0,23,5,4.0,21.739130434782606,17.391304347826086,1,10,12.0,0.0,0.0,6,14,1
32.L1.ACC-120120-008,98.0,85.0,85.0,86.39455782312926,86.39455782312926,0.0,74.0,74.0,,,13,29,33.0,0.0,0.0,0,26,37.0,,,17,19,0
32.L1.ACC-120120-009,15.0,35.0,35.0,0.0,0.0,2.0,40.0,40.0,0.0,0.0,0,12,16.0,,,0,4,6.0,,,2,2,0
32.L1.ACC-120120-010,66.0,31.0,31.0,46.96969696969697,46.96969696969697,0.0,25.0,25.0,,,95,20,22.0,21.052631578947366,23.15789473684211,0,61,54.0,,,59,67,0
33.L1.ICO-020120-11002,5.0,572.0,572.0,0.0,0.0,0.0,367.0,367.0,,,138,159,57.0,84.78260869565217,41.54589371980677,435,2,48.0,0.45977011494252595,10.957854406130274,1,3,435
33.L1.ICO-020120-11005,420.0,569.0,569.0,64.60317460317462,64.60317460317462,144.0,566.0,566.0,0.0,0.0,0,293,347.0,,,103,127,188.0,76.69902912621359,17.47572815533981,92,84,103
33.L1.ICO-020120-13001,1905.0,906.0,906.0,47.54155730533684,47.54155730533684,529.0,1193.0,1193.0,0.0,0.0,192,990,1069.0,0.0,0.0,162,162,875.0,100.0,0.0,97,442,162
33.L1.ICO-020120-13003,574.0,1919.0,1919.0,0.0,0.0,0.0,1654.0,1654.0,,,0,381,539.0,,,0,0,191.0,,,0,0,0
33.L1.ICO-020120-13004,0.0,1454.0,1454.0,,,339.0,293.0,293.0,86.33235004916422,86.33235004916422,210,270,280.0,71.42857142857143,66.50793650793652,0,0,183.0,,,0,32,0
33.L1.ICO-060120-002,0.0,5.0,5.0,,,0.0,5.0,5.0,,,0,0,0.0,,,0,0,0.0,,,0,0,0
33.L1.ICO-060120-003,0.0,1.0,1.0,,,0.0,1.0,1.0,,,4,0,0.0,0.0,0.0,0,2,1.0,,,2,2,0
33.L1.ICO-060120-004,116.0,14.0,14.0,11.781609195402298,11.781609195402298,4.0,41.0,41.0,0.0,0.0,0,37,41.0,,,3,24,40.0,0.0,0.0,13,14,3
33.L1.ICO-060120-005,0.0,0.0,0.0,,,0.0,0.0,0.0,,,0,0,0.0,,,0,0,0.0,,,0,0,0
33.L1.ICO-060120-006,0.0,1.0,1.0,,,0.0,0.0,0.0,,,0,0,0.0,,,0,0,0.0,,,0,0,0
33.L1.ICO-060120-007,0.0,7.0,7.0,,,0.0,7.0,7.0,,,0,0,6.0,,,4,0,0.0,0.0,0.0,0,0,4
33.L1.ICO-060120-008,21.0,29.0,29.0,63.49206349206349,63.49206349206349,30.0,31.0,31.0,97.77777777777777,97.77777777777777,26,30,32.0,84.61538461538461,75.64102564102564,33,26,26.0,78.78787878787878,77.77777777777779,27,26,33
33.L1.ICO-060120-009,0.0,1.0,1.0,,,0.0,0.0,0.0,,,0,0,0.0,,,5,5,0.0,100.0,0.0,0,3,5
33.L1.ICO-080160-001,0.0,0.0,0.0,,,0.0,0.0,0.0,,,0,0,0.0,,,0,0,0.0,,,0,0,0
33.L1.ICO-080160-002,0.0,0.0,0.0,,,0.0,0.0,0.0,,,0,0,0.0,,,0,0,0.0,,,0,0,0
33.L1.ICO-080160-003,0.0,0.0,0.0,,,0.0,0.0,0.0,,,0,0,0.0,,,0,0,0.0,,,0,0,0
33.L1.ICO-080160-005,4.0,34.0,34.0,0.0,0.0,57.0,33.0,33.0,57.89473684210527,57.89473684210527,0,48,52.0,,,13,18,20.0,61.53846153846154,43.5897435897436,20,15,13
34.L1.ITA-060120-002,11.0,94.0,94.0,0.0,0.0,12.0,70.0,70.0,0.0,0.0,4,26,35.0,0.0,0.0,127,8,9.0,6.299212598425196,7.0866141732283445,8,7,127
34.L1.ITA-060120-003,17.0,0.0,0.0,0.0,0.0,4.0,6.0,6.0,58.33333333333333,58.33333333333333,0,7,7.0,,,9,5,7.0,55.55555555555556,77.77777777777779,3,3,9
34.L1.ITA-060120-006,38.0,2.0,2.0,5.263157894736848,5.263157894736848,0.0,15.0,15.0,,,0,13,15.0,,,0,0,13.0,,,0,0,0
34.L1.ITA-060120-007,0.0,1.0,1.0,,,0.0,1.0,1.0,,,0,0,1.0,,,0,0,0.0,,,0,0,0
36.L1.3060.USC3601,0.0,5.0,5.0,,,32.0,5.0,5.0,14.583333333333337,14.583333333333337,32,32,11.0,100.0,33.33333333333333,0,26,21.0,,,29,29,0
36.L1.3060.USC3601D,23.0,66.0,66.0,0.0,0.0,6.0,74.0,74.0,0.0,0.0,649,57,10.0,8.782742681047761,1.489470980996399,47,331,226.0,0.0,0.0,361,410,47
36.L1.3060.USC3601V,7.0,289.0,289.0,0.0,0.0,24.0,37.0,37.0,47.22222222222223,47.22222222222223,17,25,10.0,52.94117647058824,60.7843137254902,62,17,16.0,27.419354838709676,25.806451612903224,18,18,62
36.L1.3060.USC3602,766.0,232.0,232.0,30.287206266318535,30.287206266318535,512.0,258.0,258.0,50.390625,50.390625,0,688,426.0,,,110,110,426.0,100.0,0.0,30,110,110
36.L1.3060.USC3602D,455.0,390.0,390.0,85.71428571428572,85.71428571428572,0.0,280.0,280.0,,,0,420,152.0,,,0,0,152.0,,,0,0,0
36.L1.3060.USC3602V,251.0,494.0,494.0,3.1872509960159334,3.1872509960159334,0.0,240.0,240.0,,,64,360,84.0,0.0,69.27083333333333,163,82,105.0,50.306748466257666,64.41717791411044,60,67,163
36.L1.3060.USC3603,0.0,515.0,515.0,,,148.0,362.0,362.0,0.0,0.0,0,303,49.0,,,0,44,49.0,,,52,39,0
36.L1.3060.USC3603D,476.0,281.0,281.0,59.03361344537815,59.03361344537815,243.0,339.0,339.0,60.63100137174211,60.63100137174211,0,273,253.0,,,0,0,240.0,,,0,0,0
36.L1.3060.USC3603V,418.0,241.0,241.0,57.655502392344495,57.655502392344495,0.0,327.0,327.0,,,0,288,139.0,,,418,0,139.0,0.0,33.333333333333336,0,0,418
36.L1.3060.USC3604,8.0,324.0,324.0,0.0,0.0,0.0,193.0,193.0,,,0,2,3.0,,,0,0,3.0,,,0,0,0
36.L1.3060.USC3604D,0.0,229.0,229.0,,,0.0,72.0,72.0,,,91,0,0.0,0.0,0.0,0,46,30.0,,,50,57,0
36.L1.3060.USC3604V,0.0,214.0,214.0,,,0.0,62.0,62.0,,,314,0,0.0,0.0,0.0,56,157,105.0,0.0,13.095238095238082,173,196,56
36.L1.3060.USC3621,288.0,35.0,35.0,12.268518518518523,12.268518518518523,61.0,110.0,110.0,19.672131147540984,19.672131147540984,0,117,116.0,,,0,76,116.0,,,50,48,0
36.L1.3060.USC3621D,0.0,8.0,8.0,,,0.0,3.0,3.0,,,0,0,0.0,,,0,0,0.0,,,0,0,0
36.L1.3060.USC3622,0.0,22.0,22.0,,,0.0,9.0,9.0,,,0,0,0.0,,,0,0,0.0,,,0,0,0
36.L1.3060.USC3623,0.0,1348.0,1348.0,,,0.0,851.0,851.0,,,24,0,256.0,0.0,0.0,0,0,8.0,,,0,4,0
36.L1.3060.USC3623D,0.0,414.0,414.0,,,0.0,260.0,260.0,,,0,0,77.0,,,0,0,0.0,,,0,0,0
36.L1.3060.USC3624,0.0,48.0,48.0,,,0.0,0.0,0.0,,,0,0,0.0,,,0,0,0.0,,,0,0,0
36.L1.3060.USC3625,0.0,66.0,66.0,,,0.0,0.0,0.0,,,0,0,0.0,,,0,0,0.0,,,0,0,0
36.L1.3060.USC3625D,0.0,3.0,3.0,,,0.0,0.0,0.0,,,0,0,0.0,,,0,0,0.0,,,0,0,0
36.L1.3060.USC3626,0.0,14.0,14.0,,,0.0,3.0,3.0,,,0,0,0.0,,,0,0,0.0,,,0,0,0
36.L1.3060.USC3627,0.0,193.0,193.0,,,0.0,70.0,70.0,,,0,0,70.0,,,0,0,0.0,,,0,0,0
36.L1.3060.USC3627D,0.0,0.0,0.0,,,0.0,0.0,0.0,,,0,0,0.0,,,0,0,0.0,,,0,0,0
36.L1.3060.USC3628,0.0,26.0,26.0,,,0.0,6.0,6.0,,,0,0,0.0,,,0,0,0.0,,,0,0,0
36.L1.3060.USC3629,0.0,328.0,328.0,,,0.0,19.0,19.0,,,0,0,0.0,,,0,0,0.0,,,0,0,0
36.L1.3060.USC3629D,0.0,48.0,48.0,,,0.0,4.0,4.0,,,0,0,0.0,,,0,0,0.0,,,0,0,0
36.L1.3060.USC3630,0.0,4.0,4.0,,,0.0,0.0,0.0,,,0,0,0.0,,,0,0,0.0,,,0,0,0
36.L1.3060.USC3631,77.0,388.0,388.0,0.0,0.0,91.0,393.0,393.0,0.0,0.0,0,258,372.0,,,98,98,56.0,100.0,57.14285714285714,49,83,98
36.L1.3060.USC3631D,0.0,3.0,3.0,,,43.0,3.0,3.0,6.976744186046513,6.976744186046513,0,22,14.0,,,0,13,14.0,,,15,11,0
36.L1.3060.USC3632,175.0,71.0,71.0,40.76190476190475,40.76190476190475,0.0,84.0,84.0,,,237,107,84.0,45.14767932489452,35.58368495077355,0,0,137.0,,,24,83,0
36.L1.3060.USC3633,0.0,391.0,391.0,,,307.0,249.0,249.0,80.99891422366991,80.99891422366991,438,154,103.0,35.15981735159818,23.43987823439879,592,311,248.0,52.53378378378378,41.948198198198206,348,355,592
36.L1.3060.USC3633D,0.0,20.0,20.0,,,8.0,17.0,17.0,0.0,0.0,0,30,3.0,,,0,2,3.0,,,3,2,0
36.L1.3060.USC3634,23.0,27.0,27.0,82.6086956521739,82.6086956521739,0.0,11.0,11.0,,,0,7,8.0,,,0,0,8.0,,,0,0,0
36.L1.3060.USC3635,352.0,1077.0,1077.0,0.0,0.0,0.0,798.0,798.0,,,1612,133,163.0,8.250620347394545,10.090984284532677,0,0,655.0,,,0,0,0
36.L1.3060.USC3635D,16.0,56.0,56.0,0.0,0.0,2.0,13.0,13.0,0.0,0.0,0,24,6.0,,,0,4,6.0,,,2,2,0
36.L1.3060.USC3636,0.0,0.0,0.0,,,0.0,0.0,0.0,,,0,0,0.0,,,0,0,0.0,,,0,0,0
36.L1.3060.USC3637,0.0,28.0,28.0,,,0.0,27.0,27.0,,,0,0,0.0,,,0,0,0.0,,,0,0,0
36.L1.3060.USC3637D,0.0,0.0,0.0,,,0.0,0.0,0.0,,,0,0,0.0,,,0,0,0.0,,,0,0,0
36.L1.3060.USC3638,0.0,0.0,0.0,,,0.0,0.0,0.0,,,0,0,0.0,,,0,0,0.0,,,0,0,0
36.L1.3060.USC3639,199.0,112.0,112.0,56.44891122278057,56.44891122278057,32.0,121.0,121.0,0.0,0.0,24,76,77.0,0.0,0.0,0,61,85.0,,,44,45,0
36.L1.3060.USC3639D,2.0,76.0,76.0,0.0,0.0,8.0,36.0,36.0,0.0,0.0,0,80,3.0,,,0,3,3.0,,,3,2,0
36.L1.3060.USC3640,0.0,78.0,78.0,,,35.0,12.0,12.0,34.285714285714285,34.285714285714285,0,36,12.0,,,0,10,12.0,,,12,9,0
36.L1.3060.USC3641,618.0,548.0,548.0,88.67313915857605,88.67313915857605,341.0,217.0,217.0,63.63636363636363,63.63636363636363,89,308,331.0,0.0,0.0,213,270,349.0,73.23943661971832,35.99374021909234,230,214,213
36.L1.3060.USC3641D,2.0,35.0,35.0,0.0,0.0,12.0,13.0,13.0,91.66666666666666,91.66666666666666,16,37,17.0,0.0,93.75,0,12,10.0,,,13,13,0
36.L1.3060.USC3642,127.0,38.0,38.0,29.92125984251969,29.92125984251969,147.0,46.0,46.0,31.292517006802722,31.292517006802722,6,103,95.0,0.0,0.0,0,72,93.0,,,67,56,0
36.L1.3060.USC3645,16.0,117.0,117.0,0.0,0.0,151.0,11.0,11.0,7.064017660044142,7.064017660044142,0,80,56.0,,,0,48,56.0,,,54,41,0
36.L1.3060.USC3645D,0.0,0.0,0.0,,,11.0,0.0,0.0,0.0,0.0,0,18,4.0,,,0,3,4.0,,,4,3,0
36.L1.3060.USC3646,0.0,0.0,0.0,,,0.0,0.0,0.0,,,0,0,0.0,,,0,0,0.0,,,0,0,0
36.L1.3060.USC3647,0.0,6.0,6.0,,,8.0,6.0,6.0,70.83333333333334,70.83333333333334,0,12,3.0,,,0,2,3.0,,,3,2,0
36.L1.3060.USC3647D,159.0,296.0,296.0,14.046121593291394,14.046121593291394,63.0,130.0,130.0,0.0,0.0,328,128,91.0,39.02439024390244,27.84552845528455,0,0,183.0,,,0,29,0
36.L1.3060.USC3648,0.0,7.0,7.0,,,14.0,0.0,0.0,0.0,0.0,0,22,5.0,,,0,4,5.0,,,5,4,0
36.L1.3060.USC3649,128.0,398.0,398.0,0.0,0.0,130.0,133.0,133.0,97.6923076923077,97.6923076923077,0,184,97.0,,,0,65,86.0,,,58,48,0
36.L1.3060.USC3649D,18.0,210.0,210.0,0.0,0.0,228.0,6.0,6.0,2.631578947368418,2.631578947368418,85,228,82.0,0.0,96.47058823529412,97,114,110.0,82.4742268041237,86.25429553264605,128,115,97
36.L1.3060.USC3650,0.0,11.0,11.0,,,16.0,0.0,0.0,0.0,0.0,0,8,5.0,,,16,5,5.0,31.25,33.33333333333333,6,4,16
36.L1.3060.USC3651,3.0,527.0,527.0,0.0,0.0,97.0,411.0,411.0,0.0,0.0,36,225,217.0,0.0,0.0,0,48,45.0,,,54,49,0
36.L1.3060.USC3651D,82.0,168.0,168.0,0.0,0.0,32.0,179.0,179.0,0.0,0.0,4,48,38.0,0.0,0.0,155,28,39.0,18.06451612903226,25.376344086021508,22,20,155
36.L1.3060.USC3652,0.0,65.0,65.0,,,0.0,47.0,47.0,,,72,0,0.0,0.0,0.0,0,36,24.0,,,40,45,0
36.L1.6060.IP6001,0.0,0.0,0.0,,,0.0,0.0,0.0,,,0,0,0.0,,,0,0,0.0,,,0,0,0
36.L1.6060.IP6002,0.0,0.0,0.0,,,0.0,0.0,0.0,,,0,0,0.0,,,0,0,0.0,,,0,0,0
36.L1.6060.IP6003,40.0,192.0,192.0,0.0,0.0,0.0,131.0,131.0,,,59,223,13.0,0.0,22.598870056497177,0,38,33.0,,,37,42,0
36.L1.6060.IP6007,0.0,0.0,0.0,,,0.0,0.0,0.0,,,0,0,0.0,,,0,0,0.0,,,0,0,0
36.L1.8080.IP8001,0.0,1.0,1.0,,,22.0,1.0,1.0,6.060606060606055,6.060606060606055,0,11,7.0,,,0,7,7.0,,,8,6,0
36.L1.8080.IP8002,0.0,0.0,0.0,,,7.0,0.0,0.0,0.0,0.0,0,4,2.0,,,33,33,2.0,100.0,7.070707070707072,21,36,33
36.L1.8080.IP8003,0.0,6.0,6.0,,,0.0,6.0,6.0,,,0,0,0.0,,,53,53,0.0,100.0,0.0,34,58,53
38.L1.3060.ICC3600,3062.0,12041.0,12041.0,0.0,0.0,1499.0,8490.0,8490.0,0.0,0.0,2395,2400,3642.0,99.79123173277662,47.933194154488525,4157,2260,2319.0,54.36612942025499,55.77740357629701,2148,2231,4157
38.L1.3060.ICC3600D,21.0,325.0,325.0,0.0,0.0,40.0,195.0,195.0,0.0,0.0,35,126,180.0,0.0,0.0,19,34,32.0,21.052631578947366,31.57894736842105,36,35,19
38.L1.3060.ICC3600V,583.0,1136.0,1136.0,5.088622069754156,5.088622069754156,280.0,1061.0,1061.0,0.0,0.0,533,510,613.0,95.68480300187618,84.92808005003127,846,467,465.0,55.20094562647755,55.00394011032308,449,471,846
38.L1.3060.ICC3601,5576.0,4012.0,4012.0,71.95121951219512,71.95121951219512,3499.0,4723.0,4723.0,65.02810326760026,65.02810326760026,683,3911,4186.0,0.0,0.0,1610,2506,3253.0,44.34782608695652,0.0,2158,1967,1610
38.L1.3060.ICC3601D,0.0,17.0,17.0,,,53.0,0.0,0.0,0.0,0.0,152,53,18.0,34.86842105263158,11.622807017543856,0,92,68.0,,,102,109,0
38.L1.3060.ICC3601V,469.0,287.0,287.0,61.12295664534471,61.12295664534471,294.0,391.0,391.0,67.12018140589568,67.12018140589568,136,394,431.0,0.0,0.0,193,250,300.0,70.46632124352332,44.73229706390327,225,215,193
38.L1.3060.ICC3602,6292.0,7034.0,7034.0,88.21254503072684,88.21254503072684,3514.0,6047.0,6047.0,27.91690381331816,27.91690381331816,813,4128,4074.0,0.0,0.0,3324,2719,3540.0,81.79903730445247,93.51183313277176,2306,2131,3324
38.L1.3060.ICC3602D,54.0,611.0,611.0,0.0,0.0,48.0,416.0,416.0,0.0,0.0,110,176,261.0,40.0,0.0,86,86,71.0,100.0,82.17054263565892,54,86,86
38.L1.3060.ICC3602V,1534.0,1251.0,1251.0,81.52976966536289,81.52976966536289,726.0,1285.0,1285.0,22.956841138659335,22.956841138659335,72,1016,1074.0,0.0,0.0,342,561,777.0,35.96491228070175,0.0,447,406,342
38.L1.3060.ICC3603,592.0,2791.0,2791.0,0.0,0.0,3322.0,2630.0,2630.0,79.17920931165965,79.17920931165965,1104,2400,2607.0,0.0,0.0,10,10,1673.0,100.0,0.0,5,8,10
38.L1.3060.ICC3603D,163.0,508.0,508.0,0.0,0.0,52.0,484.0,484.0,0.0,0.0,18,200,421.0,0.0,0.0,16,57,78.0,0.0,0.0,44,43,16
38.L1.3060.ICC3604,880.0,2770.0,2770.0,0.0,0.0,1292.0,2103.0,2103.0,37.22910216718266,37.22910216718266,1160,1569,1822.0,64.74137931034483,42.95977011494252,113,113,1111.0,100.0,0.0,73,113,113
38.L1.3060.ICC3605,1320.0,2893.0,2893.0,0.0,0.0,1310.0,1538.0,1538.0,82.56997455470739,82.56997455470739,1839,1446,1535.0,78.62969004893964,83.4874025738626,407,407,1490.0,100.0,0.0,265,1221,407
38.L1.3060.ICC3605D,128.0,506.0,506.0,0.0,0.0,28.0,168.0,168.0,0.0,0.0,25,375,52.0,0.0,0.0,36,46,60.0,72.22222222222221,32.4074074074074,36,37,36
38.L1.3060.ICC3606,375.0,1669.0,1669.0,0.0,0.0,651.0,718.0,718.0,89.75934459805428,89.75934459805428,507,619,643.0,77.90927021696253,73.10979618671925,507,524,511.0,96.64694280078896,99.21104536489152,544,531,507
38.L1.3060.ICC3607,3121.0,3309.0,3309.0,93.98696998825163,93.98696998825163,5985.0,3328.0,3328.0,55.611250348092454,55.611250348092454,2224,2108,4349.0,94.7841726618705,4.436450839328554,939,3532,3777.0,0.0,0.0,3630,3319,939
38.L1.3060.ICC3607D,80.0,456.0,456.0,0.0,0.0,4.0,256.0,256.0,0.0,0.0,105,155,242.0,52.38095238095239,0.0,8,70,63.0,0.0,0.0,67,76,8
38.L1.3060.ICC3608,3346.0,4276.0,4276.0,72.20561864913329,72.20561864913329,387.0,4469.0,4469.0,0.0,0.0,710,1989,2690.0,0.0,0.0,408,408,1481.0,100.0,0.0,307,1398,408
38.L1.3060.KAI3600,15205.0,13849.0,13849.0,91.07968869889291,91.07968869889291,21152.0,12126.0,12126.0,57.326336359051936,57.326336359051936,14398,16919,15088.0,82.4906236977358,95.20535259526785,12743,16586,16918.0,69.84226634230558,67.23429856914909,16843,16277,12743
38.L1.3060.KAI3600D,592.0,299.0,299.0,50.50675675675676,50.50675675675676,35.0,341.0,341.0,0.0,0.0,24,283,212.0,0.0,0.0,115,141,217.0,77.39130434782608,11.304347826086957,85,90,115
38.L1.3060.KAI3600V,2700.0,1780.0,1780.0,65.92592592592592,65.92592592592592,2148.0,1901.0,1901.0,88.50093109869646,88.50093109869646,1581,2045,1884.0,70.65148640101202,80.85599831330381,1010,1975,2143.0,4.455445544554459,0.0,1891,1854,1010
38.L1.3060.KAI3601,7578.0,7885.0,7885.0,95.95319785343538,95.95319785343538,11275.0,6219.0,6219.0,55.15447154471544,55.15447154471544,9791,8352,7019.0,85.30282912879174,71.69168964695469,19573,9794,9548.0,50.038318091248144,48.781484698308894,10089,9941,19573
38.L1.3060.KAI3601AD,47.0,200.0,200.0,0.0,0.0,41.0,119.0,119.0,0.0,0.0,167,58,31.0,34.73053892215569,18.36327345309381,296,105,85.0,35.47297297297297,28.716216216216218,111,120,296
38.L1.3060.KAI3601AV,666.0,963.0,963.0,55.45545545545546,55.45545545545546,1002.0,510.0,510.0,50.8649367930805,50.8649367930805,619,719,586.0,83.84491114701132,94.61497038233709,1568,743,762.0,47.38520408163265,48.618197278911566,758,726,1568
38.L1.3060.KAI3601BD,100.0,201.0,201.0,0.0,0.0,284.0,234.0,234.0,82.27699530516432,82.27699530516432,128,93,150.0,72.65625,82.55208333333333,408,169,171.0,41.42156862745098,41.83006535947712,180,166,408
38.L1.3060.KAI3601BV,674.0,465.0,465.0,69.04055390702275,69.04055390702275,628.0,471.0,471.0,74.94692144373674,74.94692144373674,1206,581,541.0,48.175787728026535,44.886677722498625,1408,926,836.0,65.76704545454545,59.375,950,994,1408
38.L1.3060.KAI3603,6278.0,4239.0,4239.0,67.52150366358714,67.52150366358714,4841.0,4247.0,4247.0,87.7229222612408,87.7229222612408,7015,4600,4200.0,65.57377049180329,59.86695177001664,6977,6215,6045.0,89.07840045864985,86.63704553055277,6180,6358,6977
38.L1.3060.KAI3603D,718.0,978.0,978.0,63.788300835654596,63.788300835654596,983.0,788.0,788.0,80.16276703967446,80.16276703967446,862,793,710.0,91.9953596287703,82.40525908739367,1115,870,854.0,78.02690582959642,76.62182361733932,890,878,1115
38.L1.3060.KAI3604,1995.0,4327.0,4327.0,0.0,0.0,3277.0,3286.0,3286.0,99.71518665446038,99.71518665446038,3309,2796,2689.0,84.49682683590208,81.27329505389342,3190,3037,2860.0,95.2037617554859,89.66562173458725,3167,3156,3190
38.L1.3060.KAI3605,2191.0,9369.0,9369.0,0.0,0.0,6252.0,6779.0,6779.0,91.57602900405203,91.57602900405203,11416,11400,4404.0,99.85984583041345,38.57451530016351,6068,8022,6620.0,67.79828609096901,90.90859151834762,8686,9033,6068
38.L1.3060.KAI3605D,314.0,857.0,857.0,0.0,0.0,555.0,464.0,464.0,83.6036036036036,83.6036036036036,651,410,353.0,62.98003072196621,54.224270353302614,464,555,507.0,80.38793103448276,90.80459770114942,584,589,464
38.L1.3060.KAI3606,2115.0,4792.0,4792.0,0.0,0.0,3794.0,3237.0,3237.0,85.32771041996135,85.32771041996135,5496,3024,2791.0,55.021834061135365,50.776322173702084,2220,4309,3802.0,5.900900900900896,28.753753753753763,4562,4673,2220
38.L1.3060.KAI3607,296.0,3364.0,3364.0,0.0,0.0,1498.0,1831.0,1831.0,77.79261237205162,77.79261237205162,275,0,1793.0,0.0,0.0,1830,646,690.0,35.30054644808743,37.686703096539155,705,601,1830
38.L1.3060.KAI3607D,69.0,342.0,342.0,0.0,0.0,405.0,224.0,224.0,55.22633744855967,55.22633744855967,183,276,246.0,49.18032786885246,65.39162112932604,100,227,219.0,0.0,0.0,249,229,100
38.L1.3060.KAI3608,1185.0,3013.0,3013.0,0.0,0.0,1843.0,1662.0,1662.0,90.16096943389402,90.16096943389402,1780,1716,1741.0,96.40449438202248,97.79026217228464,1805,1680,1603.0,93.07479224376732,88.7903970452447,1743,1732,1805
38.L1.3060.UGC3600,0.0,49.0,49.0,,,0.0,49.0,49.0,,,0,0,27.0,,,0,0,0.0,,,0,0,0
38.L1.3060.UGC3600AD,199.0,106.0,106.0,53.43383584589614,53.43383584589614,0.0,173.0,173.0,,,128,144,95.0,87.5,73.95833333333334,0,0,109.0,,,13,45,0
38.L1.3060.UGC3600AV,0.0,27.0,27.0,,,0.0,27.0,27.0,,,34,0,27.0,0.0,78.43137254901961,0,17,11.0,,,19,21,0
38.L1.3060.UGC3600BD,0.0,0.0,0.0,,,0.0,0.0,0.0,,,0,0,0.0,,,0,0,0.0,,,0,0,0
38.L1.3060.UGC3600BV,0.0,0.0,0.0,,,112.0,0.0,0.0,0.0,0.0,0,112,37.0,,,0,34,37.0,,,39,30,0
38.L1.3060.UGC3602,0.0,0.0,0.0,,,0.0,0.0,0.0,,,0,0,0.0,,,0,0,0.0,,,0,0,0
38.L1.3060.UGC3602AD,0.0,0.0,0.0,,,0.0,0.0,0.0,,,0,0,0.0,,,0,0,0.0,,,0,0,0
38.L1.3060.UGC3602AV,0.0,0.0,0.0,,,0.0,0.0,0.0,,,0,0,0.0,,,0,0,0.0,,,0,0,0
38.L1.3060.UGC3602BD,0.0,0.0,0.0,,,0.0,0.0,0.0,,,0,0,0.0,,,0,0,0.0,,,0,0,0
38.L1.3060.UGC3602BV,0.0,8.0,8.0,,,0.0,0.0,0.0,,,360,0,0.0,0.0,0.0,582,582,120.0,100.0,20.618556701030933,457,485,582
38.L1.4080.UT481001D,42.0,146.0,146.0,0.0,0.0,9.0,108.0,108.0,0.0,0.0,403,24,28.0,5.955334987593053,6.94789081885856,9,213,151.0,0.0,0.0,229,259,9
38.L1.4080.UT481001T,2698.0,3591.0,3591.0,66.8890536199654,66.8890536199654,5696.0,3556.0,3556.0,62.42977528089888,62.42977528089888,5024,4312,3890.0,85.828025477707,77.42170912951167,4033,4760,4473.0,81.97371683610216,89.09827258451111,5026,4946,4033
38.L1.4080.UT481001V,156.0,422.0,422.0,0.0,0.0,13.0,383.0,383.0,0.0,0.0,518,70,85.0,13.513513513513509,16.34491634491635,306,294,229.0,96.07843137254902,74.83660130718954,305,344,306
38.L1.4080.UT481002D,76.0,122.0,122.0,39.912280701754376,39.912280701754376,331.0,55.0,55.0,16.717019133937562,16.717019133937562,25,194,145.0,0.0,0.0,0,0,144.0,,,0,0,0
38.L1.4080.UT481002V,154.0,224.0,224.0,54.54545454545454,54.54545454545454,384.0,182.0,182.0,47.48263888888889,47.48263888888889,152,279,248.0,16.447368421052634,37.06140350877194,80,222,230.0,0.0,0.0,233,214,80
38.L1.4080.UT481003D,32.0,15.0,15.0,45.83333333333333,45.83333333333333,185.0,19.0,19.0,10.090090090090087,10.090090090090087,119,122,77.0,97.47899159663865,64.70588235294117,25,121,112.0,0.0,0.0,133,127,25
38.L1.4080.UT481003V,32.0,162.0,162.0,0.0,0.0,227.0,136.0,136.0,59.91189427312775,59.91189427312775,542,139,113.0,25.645756457564573,20.910209102091017,29,346,267.0,0.0,0.0,381,403,29
38.L1.4080.UT481004D,75.0,88.0,88.0,82.66666666666667,82.66666666666667,240.0,72.0,72.0,29.861111111111114,29.861111111111114,223,152,120.0,68.16143497757847,53.96113602391629,0,0,179.0,,,0,0,0
38.L1.4080.UT481004T,6848.0,8814.0,8814.0,71.2957554517134,71.2957554517134,4421.0,7689.0,7689.0,26.08761215411294,26.08761215411294,9491,5641,6050.0,59.435254451585706,63.74108804832649,4107,7441,6920.0,18.821524226929633,31.50718285853421,7452,7856,4107
38.L1.4080.UT481004V,282.0,309.0,309.0,90.42553191489363,90.42553191489363,240.0,188.0,188.0,78.47222222222223,78.47222222222223,352,256,259.0,72.72727272727273,73.67424242424242,134,304,291.0,0.0,0.0,306,315,134
38.L1.4080.UT481005D,213.0,122.0,122.0,57.43348982785602,57.43348982785602,7.0,181.0,181.0,0.0,0.0,386,84,101.0,21.761658031088082,26.07944732297064,66,238,202.0,0.0,0.0,236,267,66
38.L1.4080.UT481005V,515.0,404.0,404.0,78.38187702265373,78.38187702265373,206.0,558.0,558.0,0.0,0.0,414,366,385.0,88.40579710144928,92.9951690821256,157,322,378.0,0.0,0.0,208,454,157
38.L1.4080.UT481006D,30.0,107.0,107.0,0.0,0.0,30.0,45.0,45.0,51.11111111111112,51.11111111111112,0,42,50.0,,,60,15,20.0,25.0,33.333333333333336,14,12,60
38.L1.4080.UT481006V,73.0,454.0,454.0,0.0,0.0,232.0,153.0,153.0,66.0919540229885,66.0919540229885,194,168,151.0,86.5979381443299,77.83505154639175,275,181,166.0,65.81818181818181,60.484848484848484,195,191,275
38.L1.5050.SVICC501,10530.0,8891.0,8891.0,84.43178220955998,84.43178220955998,6192.0,8096.0,8096.0,69.25064599483204,69.25064599483204,384,0,7936.0,0.0,0.0,340,340,5702.0,100.0,0.0,199,905,340
38.L1.5050.SVICC502,11174.0,9580.0,9580.0,85.73474136388045,85.73474136388045,3974.0,8969.0,8969.0,0.0,0.0,82,0,8309.0,0.0,0.0,724,724,5077.0,100.0,0.0,222,1008,724
38.L1.5050.SVICC503,896.0,2666.0,2666.0,0.0,0.0,324.0,1511.0,1511.0,0.0,0.0,0,661,791.0,,,0,0,407.0,,,0,0,0
38.L1.5050.SVICC504,14784.0,8213.0,8213.0,55.55330086580086,55.55330086580086,1020.0,11925.0,11925.0,0.0,0.0,1160,1200,7676.0,96.55172413793103,0.0,1736,4806,5655.0,0.0,0.0,941,1593,1736
38.L1.5050.SVICC505,21260.0,20661.0,20661.0,97.18093446221387,97.18093446221387,6494.0,20151.0,20151.0,0.0,0.0,2744,2800,12987.0,97.95918367346938,0.0,3042,3042,10166.0,100.0,0.0,1591,3304,3042
38.L1.5050.SVICC506,20830.0,15947.0,15947.0,76.55624899983997,76.55624899983997,11947.0,16917.0,16917.0,58.40238832621857,58.40238832621857,2028,2100,14364.0,96.44970414201184,0.0,3747,9861,11602.0,0.0,0.0,1877,3176,3747
38.L1.5050.SVICC507,30724.0,31319.0,31319.0,98.06448813088574,98.06448813088574,20906.0,26036.0,26036.0,75.4615899741701,75.4615899741701,3873,3900,26141.0,99.30286599535243,0.0,3613,3613,18501.0,100.0,0.0,2059,5182,3613
38.L1.5050.SVICC508,18008.0,21745.0,21745.0,79.24811195024434,79.24811195024434,17178.0,18087.0,18087.0,94.70640742034387,94.70640742034387,1412,1500,15908.0,93.76770538243626,0.0,2569,2569,12199.0,100.0,0.0,1095,4976,2569
38.L1.5050.SVICC509,12428.0,19244.0,19244.0,45.156099130994534,45.156099130994534,16325.0,17625.0,17625.0,92.03879530372639,92.03879530372639,5600,5900,14508.0,94.64285714285714,0.0,3616,10183,11451.0,0.0,0.0,2995,5069,3616
38.L1.5050.SVKAI501,7109.0,9689.0,9689.0,63.7079758053172,63.7079758053172,11032.0,8343.0,8343.0,75.62243171380226,75.62243171380226,7649,9744,9539.0,72.6107987972284,75.29524556586918,9535,8556,8597.0,89.73256423702149,90.15906310085649,8779,8486,9535
38.L1.5050.SVKAI502,2120.0,4085.0,4085.0,7.327044025157237,7.327044025157237,948.0,2636.0,2636.0,0.0,0.0,1332,1977,2468.0,51.57657657657657,14.714714714714717,3477,1374,1467.0,39.51682484900777,42.18195762630621,1276,1317,3477
38.L1.5050.SVKAI503,2344.0,3206.0,3206.0,63.21103526734926,63.21103526734926,4752.0,2642.0,2642.0,55.5976430976431,55.5976430976431,4350,3605,3241.0,82.87356321839081,74.51340996168582,4780,4069,3815.0,85.12552301255229,79.8186889818689,4290,4236,4780
38.L1.5050.SVKAI504,9186.0,11890.0,11890.0,70.56753029973149,70.56753029973149,5140.0,9195.0,9195.0,21.10246433203631,21.10246433203631,6630,6694,7056.0,99.03469079939669,93.57466063348416,5889,6694,6985.0,86.33044659534725,81.38337012509199,6364,6516,5889
38.L1.5050.SVKAI505,6069.0,7354.0,7354.0,78.82133245455046,78.82133245455046,3026.0,6589.0,6589.0,0.0,0.0,5270,6272,3853.0,80.98671726755218,73.11827956989248,5393,4757,4788.0,88.20693491563138,88.78793497743989,4565,4764,5393
38.L1.5050.SVKAI506,19178.0,12303.0,12303.0,64.14989397573608,64.14989397573608,10253.0,13034.0,13034.0,72.87948242790728,72.87948242790728,15088,12992,13330.0,86.1081654294804,88.346147048427,15302,14456,14840.0,94.47131093974643,96.97860846076766,13805,14257,15302
38.L1.5050.SVKAI507,4345.0,7346.0,7346.0,30.939777522056,30.939777522056,3172.0,5434.0,5434.0,28.699033207229917,28.699033207229917,4902,3998,4354.0,81.55854753161975,88.81408948728411,6016,4272,4140.0,71.01063829787235,68.8109485815603,4241,4382,6016
38.L1.5050.SVUSC505,2012.0,742.0,742.0,36.89529489728297,36.89529489728297,934.0,1047.0,1047.0,87.86581013561742,87.86581013561742,2618,1016,1175.0,38.80825057295646,44.894321364909594,2190,1992,1855.0,90.95890410958904,84.68797564687975,1968,2105,2190
38.L1.5050.SVUSC506,2020.0,4089.0,4089.0,0.0,0.0,3333.0,2680.0,2680.0,80.4080408040804,80.4080408040804,3691,2520,2198.0,68.27418043890545,59.54122640657455,2838,3249,3015.0,85.51797040169133,93.77495889123797,3398,3412,2838
38.L1.5050.SVUSC507,3494.0,2710.0,2710.0,77.57107422247664,77.57107422247664,2414.0,2849.0,2849.0,81.99392433029551,81.99392433029551,2986,3146,2583.0,94.64166108506363,86.49252065193123,1836,2916,2965.0,41.17647058823529,38.52578068264344,2837,2890,1836
38.L1.5050.SVUSC510,1806.0,887.0,887.0,49.09560723514211,49.09560723514211,1146.0,1173.0,1173.0,97.67306573589295,97.67306573589295,586,1396,1452.0,0.0,0.0,1822,998,1179.0,54.77497255762898,64.72740578119283,904,869,1822
38.L1.5050.SVUSC511,1182.0,2168.0,2168.0,16.553863508178214,16.553863508178214,2455.0,1783.0,1783.0,72.61371350984386,72.61371350984386,2454,2070,2026.0,84.3520782396088,82.57267046998098,2360,2200,2030.0,93.22033898305084,86.03107344632768,2327,2314,2360
38.L1.5050.SVUSC512,1928.0,3318.0,3318.0,27.904564315352697,27.904564315352697,1343.0,2711.0,2711.0,0.0,0.0,2774,1797,2002.0,64.78010093727468,72.18216774813746,3455,2176,2015.0,62.98118668596238,58.32127351664255,2189,2302,3455
38.L1.5050.SVUSC513,4504.0,3289.0,3289.0,73.03137951450563,73.03137951450563,3414.0,3319.0,3319.0,97.20757664518648,97.20757664518648,3034,3486,3352.0,85.10217534607779,89.51878707976269,3692,3442,3651.0,93.22860238353196,98.88046226074395,3314,3296,3692
38.L1.5050.SVUSC514,4002.0,2452.0,2452.0,61.269365317341325,61.269365317341325,1992.0,2414.0,2414.0,78.83199464524766,78.83199464524766,1338,2100,2186.0,43.04932735426009,36.64673642252119,3399,2067,2444.0,60.812003530450134,71.90350102971462,1833,1804,3399
39.L1.3060.USGM3601,167.0,557.0,557.0,0.0,0.0,230.0,308.0,308.0,65.94202898550725,65.94202898550725,470,254,281.0,54.04255319148936,59.85815602836879,1132,337,289.0,29.770318021201415,25.53003533568905,356,373,1132
39.L1.3060.USGM3602,0.0,81.0,81.0,,,0.0,70.0,70.0,,,0,0,0.0,,,85,0,0.0,0.0,0.0,0,0,85
39.L1.3060.USGM3603,434.0,67.0,67.0,15.437788018433185,15.437788018433185,402.0,188.0,188.0,46.683250414593694,46.683250414593694,161,357,322.0,0.0,0.20703933747411307,3411,3411,332.0,100.0,9.742988370956718,1089,3318,3411
39.L1.3060.USGM3604,654.0,1835.0,1835.0,0.0,0.0,152.0,1873.0,1873.0,0.0,0.0,1128,1111,1667.0,98.49290780141844,52.18676122931443,642,740,645.0,84.73520249221184,99.5846313603323,739,817,642
39.L1.3060.USGM3605,38.0,62.0,62.0,35.964912280701746,35.964912280701746,32.0,31.0,31.0,95.83333333333334,95.83333333333334,328,38,41.0,11.585365853658535,12.601626016260159,88,181,133.0,0.0,49.242424242424256,195,217,88
39.L1.3060.USGM3606,971.0,1657.0,1657.0,29.385513216615166,29.385513216615166,857.0,1446.0,1446.0,31.310774017891863,31.310774017891863,1058,900,899.0,85.06616257088847,85.00315059861374,1135,980,962.0,86.34361233480176,84.75770925110132,979,995,1135
39.L1.3060.USGM3607,251.0,746.0,746.0,0.0,0.0,52.0,470.0,470.0,0.0,0.0,859,216,291.0,25.14551804423748,33.91540551028327,1791,495,387.0,27.63819095477387,21.626651777405538,516,578,1791
39.L1.3060.USGM3608,24.0,43.0,43.0,20.833333333333336,20.833333333333336,16.0,45.0,45.0,0.0,0.0,69,32,26.0,46.37681159420289,38.164251207729464,75,44,36.0,58.666666666666664,48.44444444444444,46,50,75
39.L1.3060.USGM3609,570.0,1076.0,1076.0,11.286549707602322,11.286549707602322,2082.0,942.0,942.0,45.260967018892096,45.260967018892096,979,1351,1115.0,62.00204290091931,86.10827374872318,771,1228,1210.0,40.72632944228275,43.01772589710334,1324,1226,771
39.L1.3060.USGM3610,516.0,1302.0,1302.0,0.0,0.0,573.0,810.0,810.0,58.580570098894704,58.580570098894704,216,601,629.0,0.0,0.0,701,383,435.0,54.63623395149786,62.05420827389443,371,344,701
39.L1.3060.USGM3611,38.0,61.0,61.0,39.473684210526315,39.473684210526315,16.0,29.0,29.0,20.833333333333325,20.833333333333325,0,38,18.0,,,80,12,18.0,15.000000000000002,22.499999999999996,9,8,80
39.L1.3060.USGM3612,719.0,1007.0,1007.0,59.944367176634216,59.944367176634216,92.0,817.0,817.0,0.0,0.0,348,435,559.0,75.0,39.272030651340984,398,345,386.0,86.68341708542714,97.06867671691792,295,321,398
39.L1.3060.USGM3613,4176.0,1422.0,1422.0,34.059706257982114,34.059706257982114,2826.0,2213.0,2213.0,78.2967681056853,78.2967681056853,4327,4000,3071.0,92.44280101687082,70.96525691395115,5933,3846,3776.0,64.82386650935446,63.64964323838418,3786,3912,5933
39.L1.3060.USGM3614,4567.0,6162.0,6162.0,65.06824319392746,65.06824319392746,1449.0,4966.0,4966.0,0.0,0.0,3046,3106,3692.0,98.03020354563363,78.80280148829067,2800,2871,3021.0,97.46428571428571,92.11904761904762,2639,2790,2800
39.L1.3060.USGM3615,4181.0,2288.0,2288.0,54.7317228733158,54.7317228733158,2236.0,2876.0,2876.0,71.36255217650566,71.36255217650566,7387,3400,3603.0,46.026803844591846,48.77036234826948,10495,10495,4601.0,100.0,43.843099888835944,8737,9129,10495
39.L1.3060.USGM3616,4479.0,1899.0,1899.0,42.39041452705218,42.39041452705218,4579.0,3363.0,3363.0,73.43670379267671,73.43670379267671,6353,4755,4889.0,74.84652919880371,76.95576892806548,9534,9534,5137.0,100.0,53.880847493182294,8084,8346,9534
39.L1.3060.USGM3617,7001.0,858.0,858.0,12.260153311431699,12.260153311431699,6492.0,3192.0,3192.0,49.16820702402958,49.16820702402958,8389,5856,5347.0,69.80569793777566,63.74220209003853,11058,11058,7294.0,100.0,65.96129499005245,9801,10037,11058
39.L1.3060.USGM3618,2691.0,2263.0,2263.0,84.08274495231016,84.08274495231016,3274.0,1210.0,1210.0,36.968030950926476,36.968030950926476,3061,2700,2285.0,88.20646847435478,74.6379178917565,5253,3051,3009.0,58.08109651627642,57.275207817754925,3099,3077,5253
39.L1.3060.USGM3619,3901.0,4225.0,4225.0,91.70298214133128,91.70298214133128,5330.0,2993.0,2993.0,56.15384615384615,56.15384615384615,5080,4800,3788.0,94.48818897637796,74.56036745406824,2308,4919,4770.0,0.0,0.0,5050,5017,2308
39.L1.3060.USGM3620,2852.0,379.0,379.0,13.277232351566148,13.277232351566148,3485.0,1318.0,1318.0,37.8287900526064,37.8287900526064,14412,14400,2480.0,99.91673605328893,17.207882320288647,11933,11933,6916.0,100.0,57.959719545238684,11832,12120,11933
39.L1.4080.USG48003,626.0,599.0,599.0,95.74014909478169,95.74014909478169,4515.0,511.0,511.0,11.317829457364336,11.317829457364336,1977,1500,1730.0,75.87253414264038,87.48946214803574,566,2468,2373.0,0.0,0.0,2730,2501,566
39.L1.4080.USG48004,0.0,27.0,27.0,,,270.0,26.0,26.0,9.506172839506167,9.506172839506167,328,138,95.0,42.07317073170732,28.861788617886187,140,245,199.0,25.0,57.61904761904761,275,277,140
39.L1.4080.USG48005,161.0,453.0,453.0,0.0,0.0,834.0,434.0,434.0,51.998401278976814,51.998401278976814,979,594,545.0,60.67415730337078,55.70309839972762,565,772,658.0,63.36283185840708,83.53982300884955,846,850,565
39.L1.4080.USG48006,2183.0,1252.0,1252.0,57.36753702855397,57.36753702855397,1425.0,1312.0,1312.0,92.09356725146198,92.09356725146198,1515,1539,1489.0,98.41584158415841,98.28382838283828,801,1622,1708.0,0.0,0.0,1550,1565,801
39.L1.4080.USG48007,256.0,54.0,54.0,20.963541666666664,20.963541666666664,13.0,90.0,90.0,0.0,0.0,14,83,90.0,0.0,0.0,187,62,94.0,33.155080213903744,50.44563279857397,38,40,187
39.L1.4080.USG48008,942.0,244.0,244.0,25.866949752300062,25.866949752300062,338.0,354.0,354.0,95.26627218934911,95.26627218934911,102,400,427.0,0.0,0.0,382,341,461.0,89.26701570680629,79.40663176265271,269,257,382
39.L1.4080.USG48009,1736.0,2412.0,2412.0,61.04070660522273,61.04070660522273,2140.0,1746.0,1746.0,81.58878504672897,81.58878504672897,216,1963,1912.0,0.0,0.0,12,12,1364.0,100.0,0.0,63,285,12
39.L1.4080.USG48010,140.0,111.0,111.0,79.04761904761905,79.04761904761905,245.0,110.0,110.0,44.761904761904766,44.761904761904766,0,164,128.0,,,0,0,128.0,,,0,0,0
39.L1.4080.USG48011,1835.0,693.0,693.0,37.78383287920073,37.78383287920073,382.0,1142.0,1142.0,0.0,0.0,30,955,1095.0,0.0,0.0,0,0,749.0,,,0,4,0
39.L1.4080.USG48012,920.0,2864.0,2864.0,0.0,0.0,63.0,1458.0,1458.0,0.0,0.0,638,477,611.0,74.76489028213167,95.71577847439916,0,0,540.0,,,0,96,0
39.L1.4080.USG48013,223.0,388.0,388.0,26.00896860986547,26.00896860986547,3.0,370.0,370.0,0.0,0.0,255,253,152.0,99.2156862745098,59.6078431372549,12,173,160.0,0.0,0.0,164,185,12
39.L1.4080.USG48014,758.0,1116.0,1116.0,52.81442392260334,52.81442392260334,146.0,1117.0,1117.0,0.0,0.0,209,416,494.0,0.9569377990430672,0.0,372,300,371.0,80.64516129032258,99.73118279569893,242,253,372
39.L1.4080.USG48015,87.0,222.0,222.0,0.0,0.0,240.0,117.0,117.0,48.611111111111114,48.611111111111114,151,180,182.0,80.79470198675497,79.2494481236203,0,0,159.0,,,27,90,0
39.L1.4080.USG48016,0.0,1.0,1.0,,,311.0,1.0,1.0,0.3215434083601254,0.3215434083601254,65,4,104.0,6.153846153846154,40.512820512820504,0,0,125.0,,,6,23,0
39.L1.4080.USG48017,244.0,2343.0,2343.0,0.0,0.0,4202.0,1556.0,1556.0,37.02205299063939,37.02205299063939,1679,2952,2779.0,24.181060154854084,34.504665475481445,238,238,2042.0,100.0,0.0,155,714,238
39.L1.6060.UGG6001,3479.0,7719.0,7719.0,0.0,0.0,2116.0,6395.0,6395.0,0.0,0.0,2310,2800,3796.0,78.78787878787878,35.685425685425685,1960,2486,2635.0,73.16326530612245,65.5612244897959,2359,2387,1960
39.L1.6060.UGG6003,1289.0,4717.0,4717.0,0.0,0.0,1619.0,3178.0,3178.0,3.685402511838576,3.685402511838576,1508,1400,2126.0,92.83819628647215,59.04067197170646,891,1498,1472.0,31.874298540965206,34.79236812570146,1525,1514,891
39.L1.6060.UGG6004,3012.0,8592.0,8592.0,0.0,0.0,3308.0,7872.0,7872.0,0.0,0.0,1854,3500,3979.0,11.218985976267525,0.0,1656,2522,2725.0,47.70531400966183,35.46698872785831,2479,2367,1656
39.L1.6060.UGG6006,1652.0,1278.0,1278.0,77.34059725585149,77.34059725585149,1266.0,965.0,965.0,76.19799894681411,76.19799894681411,525,1200,1206.0,0.0,0.0,2156,973,1148.0,45.12987012987013,53.2312925170068,897,845,2156
39.L1.6060.UGG6007,3053.0,6387.0,6387.0,0.0,0.0,3286.0,5352.0,5352.0,37.12720632988435,37.12720632988435,1924,3200,3628.0,33.679833679833685,11.43451143451143,1071,1071,2754.0,100.0,0.0,696,1369,1071
39.L1.6060.UGG6010,1602.0,2292.0,2292.0,56.908031627132736,56.908031627132736,2604.0,2186.0,2186.0,83.96057347670252,83.96057347670252,1615,2100,1981.0,69.96904024767801,77.35810113519092,1811,1909,1940.0,94.58862506902264,92.85845757408431,1960,1876,1811
39.L1.6060.USGM6001,44.0,2119.0,2119.0,0.0,0.0,611.0,1431.0,1431.0,0.0,0.0,28,650,719.0,0.0,0.0,402,206,228.0,51.243781094527364,56.6334991708126,234,184,402
39.L1.6060.USGM6002,3790.0,1969.0,1969.0,51.95250659630607,51.95250659630607,1042.0,2787.0,2787.0,0.0,0.0,3825,2037,2242.0,53.25490196078431,58.605664488017425,1084,2983,2886.0,0.0,0.0,2847,3083,1084
39.L1.6060.USGM6003,1131.0,3831.0,3831.0,0.0,0.0,2886.0,3017.0,3017.0,95.44929544929545,95.44929544929545,4371,2780,3001.0,63.60100663463738,68.65705788149165,3027,3278,2796.0,91.70796167822927,92.36868186323092,3528,3622,3027
39.L1.6060.USGM6004,2913.0,3288.0,3288.0,87.11523057558072,87.11523057558072,2342.0,3724.0,3724.0,40.99060631938514,40.99060631938514,1246,3000,3418.0,0.0,0.0,1995,1908,2167.0,95.6390977443609,91.37844611528823,1796,1720,1995
39.L1.6060.USGM6005,2177.0,3432.0,3432.0,42.367171949165524,42.367171949165524,2106.0,3468.0,3468.0,35.3434631212409,35.3434631212409,2593,2200,2234.0,84.84381025838796,86.14217765779662,2835,2364,2292.0,83.3862433862434,80.84656084656085,2381,2418,2835
39.L1.6060.USGM6006,2727.0,3531.0,3531.0,70.51705170517052,70.51705170517052,1427.0,3356.0,3356.0,0.0,0.0,2080,2211,2518.0,93.70192307692308,78.95833333333334,1190,2014,2078.0,30.756302521008404,25.3781512605042,1916,1978,1190
39.L1.6060.USGM6007,2745.0,2752.0,2752.0,99.74499089253187,99.74499089253187,2742.0,2027.0,2027.0,73.93629953805008,73.93629953805008,5187,2636,2564.0,50.81935608251398,49.43127048390207,2941,3965,3558.0,65.18191091465488,79.02074124447466,4087,4270,2941
39.L1.6060.USGM6008,6235.0,4507.0,4507.0,72.28013900026731,72.28013900026731,2075.0,4898.0,4898.0,0.0,0.0,1958,4200,4762.0,0.0,0.0,2800,2848,3423.0,98.28571428571429,77.76190476190476,2426,2459,2800
39.L2.3060.USGM3613,0.0,0.0,0.0,,,0.0,0.0,0.0,,,0,0,0.0,,,0,0,0.0,,,0,0,0
39.L2.3060.USGM3619,0.0,0.0,0.0,,,0.0,0.0,0.0,,,0,0,0.0,,,0,0,0.0,,,0,0,0
39.L2.6060.UGG6003,0.0,0.0,0.0,,,0.0,0.0,0.0,,,0,0,0.0,,,0,0,0.0,,,0,0,0
39.L3.6060.USGM6008,0.0,0.0,0.0,,,0.0,0.0,0.0,,,0,0,0.0,,,0,0,0.0,,,0,0,0
40.L1.3060.UGC3600,45147.0,57935.0,57935.0,71.67401303888778,71.67401303888778,52532.0,47235.0,47235.0,89.91725678316709,89.91725678316709,61346,46222,43246.0,75.34639585303036,70.49468044642954,43852,55462,53008.0,73.52458268722066,79.1199185137888,56641,57228,43852
40.L1.3060.UGC3600AD,105.0,139.0,139.0,67.61904761904762,67.61904761904762,110.0,82.0,82.0,74.84848484848484,74.84848484848484,368,86,72.0,23.369565217391308,19.47463768115942,301,238,194.0,79.06976744186046,64.562569213732,251,270,301
40.L1.3060.UGC3600AV,2145.0,3834.0,3834.0,21.258741258741253,21.258741258741253,2517.0,2761.0,2761.0,90.30591974572904,90.30591974572904,2841,2200,1970.0,77.43752199929602,69.341781063006,2262,2605,2501.0,84.83642793987622,89.4341290893015,2658,2679,2262
40.L1.3060.UGC3600BD,89.0,238.0,238.0,0.0,0.0,248.0,198.0,198.0,79.83870967741935,79.83870967741935,404,158,125.0,39.10891089108911,30.85808580858086,528,294,247.0,55.68181818181819,46.78030303030303,318,328,528
40.L1.3060.UGC3600BV,2125.0,2688.0,2688.0,73.49019607843137,73.49019607843137,1521.0,2415.0,2415.0,41.222879684418146,41.222879684418146,2819,1775,1844.0,62.96559063497694,65.40144259193568,3178,2291,2155.0,72.08936438011328,67.80994336060415,2295,2399,3178
40.L1.3060.UGC3602,27944.0,42665.0,42665.0,47.3184464166428,47.3184464166428,37288.0,32629.0,32629.0,87.50625759851248,87.50625759851248,39602,34000,32653.0,85.85424978536437,82.45290641886773,31389,36576,34945.0,83.47510274299914,88.67225248760182,37626,37706,31389
40.L1.3060.UGC3602AD,240.0,126.0,126.0,52.5,52.5,310.0,156.0,156.0,50.215053763440864,50.215053763440864,418,259,236.0,61.96172248803828,56.459330143540676,342,350,323.0,97.6608187134503,94.34697855750488,362,370,342
40.L1.3060.UGC3602AV,2043.0,3236.0,3236.0,41.6054821341165,41.6054821341165,2355.0,2482.0,2482.0,94.60721868365181,94.60721868365181,2449,2308,2329.0,94.24254797876685,95.08642983530692,2565,2340,2282.0,91.22807017543859,88.97985705003249,2376,2380,2565
40.L1.3060.UGC3602BD,280.0,340.0,340.0,78.45238095238096,78.45238095238096,289.0,219.0,219.0,75.89388696655132,75.89388696655132,555,261,244.0,47.027027027027025,43.903903903903895,213,420,375.0,2.8169014084507005,24.100156494522686,434,454,213
40.L1.3060.UGC3602BV,2641.0,2940.0,2940.0,88.66590937776094,88.66590937776094,3184.0,2380.0,2380.0,74.73827470686767,74.73827470686767,3724,3000,2941.0,80.55853920515574,78.98317221625493,2019,3345,3183.0,34.323922734026745,42.347696879643394,3426,3461,2019
40.L1.3060.USC3601,6568.0,11891.0,11891.0,18.955542021924487,18.955542021924487,16380.0,8989.0,8989.0,54.877899877899885,54.877899877899885,11677,11929,10597.0,97.8419114498587,90.75390368530731,5807,12066,11542.0,0.0,1.2456230985592232,12812,12361,5807
40.L1.3060.USC3601D,212.0,267.0,267.0,74.2138364779874,74.2138364779874,603.0,238.0,238.0,39.414040906578215,39.414040906578215,262,350,320.0,66.41221374045801,77.98982188295165,175,354,359.0,0.0,0.0,376,347,175
40.L1.3060.USC3601V,906.0,1715.0,1715.0,10.669610007358365,10.669610007358365,2387.0,1270.0,1270.0,53.21882418656612,53.21882418656612,1607,1500,1552.0,93.34163036714375,96.59821613773076,1081,1701,1633.0,42.64569842738205,48.90533456675919,1810,1737,1081
40.L1.3060.USC3602,1838.0,5440.0,5440.0,0.0,0.0,4746.0,4673.0,4673.0,98.46888607950555,98.46888607950555,6097,4324,4527.0,70.92012465146793,74.25509813569515,1056,4840,4227.0,0.0,0.0,5198,5270,1056
40.L1.3060.USC3602D,11.0,86.0,86.0,0.0,0.0,312.0,67.0,67.0,21.36752136752137,21.36752136752137,200,74,120.0,37.0,59.833333333333336,96,196,174.0,0.0,18.402777777777768,220,209,96
40.L1.3060.USC3602V,194.0,715.0,715.0,0.0,0.0,635.0,617.0,617.0,97.21784776902888,97.21784776902888,425,530,534.0,75.29411764705883,74.43137254901961,72,72,418.0,100.0,0.0,47,151,72
40.L1.3060.USC3603,4169.0,11456.0,11456.0,0.0,0.0,5631.0,8131.0,8131.0,55.59699283726989,55.59699283726989,8936,5581,5792.0,62.455237242614146,64.816472694718,5736,6991,6245.0,78.12064156206415,91.12040911204092,7302,7536,5736
40.L1.3060.USC3603D,178.0,372.0,372.0,0.0,0.0,279.0,279.0,279.0,99.88052568697731,99.88052568697731,93,368,207.0,0.0,0.0,262,166,183.0,63.3587786259542,69.97455470737914,167,152,262
40.L1.3060.USC3603V,726.0,1370.0,1370.0,11.248852157943078,11.248852157943078,943.0,1025.0,1025.0,91.3396960056557,91.3396960056557,1383,866,850.0,62.61749819233551,61.46059291395517,860,1120,1017.0,69.76744186046511,81.70542635658914,1164,1195,860
40.L1.3060.USC3604,0.0,0.0,0.0,,,0.0,0.0,0.0,,,0,0,0.0,,,0,0,0.0,,,0,0,0
40.L1.3060.USC3604D,0.0,0.0,0.0,,,0.0,0.0,0.0,,,0,0,0.0,,,0,0,0.0,,,0,0,0
40.L1.3060.USC3604V,0.0,165.0,165.0,,,88.0,0.0,0.0,0.0,0.0,0,30,29.0,,,0,26,29.0,,,31,23,0
41.L1.3060.M3101,9376.0,8260.0,8260.0,88.09371444823663,88.09371444823663,2990.0,8279.0,8279.0,0.0,0.0,9797,5573,6231.0,56.884760641012555,63.60110237827907,1619,7671,7388.0,0.0,0.0,7373,7947,1619
41.L1.3060.M3102,714.0,1081.0,1081.0,48.59943977591037,48.59943977591037,593.0,876.0,876.0,52.22034851039909,52.22034851039909,1331,664,692.0,49.88730277986476,51.96594039569247,304,986,879.0,0.0,0.0,1011,1068,304
41.L1.3060.M3103,4667.0,7144.0,7144.0,46.91807728019428,46.91807728019428,6033.0,5666.0,5666.0,93.91126581579094,93.91126581579094,6495,5712,5725.0,87.9445727482679,88.14472671285604,4100,5991,5732.0,53.87804878048781,60.20325203252032,6151,6172,4100
41.L1.3060.M3104,350.0,876.0,876.0,0.0,0.0,699.0,633.0,633.0,90.60562708631379,90.60562708631379,784,576,552.0,73.46938775510203,70.40816326530613,453,672,611.0,51.65562913907284,65.12141280353201,711,714,453
41.L1.3060.M3105,82.0,492.0,492.0,0.0,0.0,62.0,434.0,434.0,0.0,0.0,39,100,160.0,0.0,0.0,1449,1449,61.0,100.0,4.209799861973773,0,258,1449
41.L1.3060.M3106,127.0,368.0,368.0,0.0,0.0,144.0,285.0,285.0,2.083333333333337,2.083333333333337,39,164,180.0,0.0,0.0,581,88,103.0,15.146299483648884,17.785427423981638,84,76,581
41.L1.3060.M3107,50.0,927.0,927.0,0.0,0.0,0.0,185.0,185.0,,,0,31,43.0,,,262,0,17.0,0.0,6.361323155216281,0,0,262
41.L1.3060.M3108,75.0,901.0,901.0,0.0,0.0,44.0,179.0,179.0,0.0,0.0,56,76,92.0,64.28571428571428,35.11904761904763,374,374,58.0,100.0,15.597147950089118,187,318,374
41.L1.3060.M3201,136.0,92.0,92.0,67.40196078431373,67.40196078431373,0.0,117.0,117.0,,,1309,136,52.0,10.389610389610393,3.997962821492229,18,682,482.0,0.0,0.0,734,833,18
41.L1.3060.M3203,169.0,175.0,175.0,96.2524654832347,96.2524654832347,151.0,167.0,167.0,89.40397350993378,89.40397350993378,0,182,203.0,,,8,79,107.0,0.0,0.0,70,59,8
41.L1.3060.M3205,68.0,62.0,62.0,91.66666666666667,91.66666666666667,63.0,37.0,37.0,58.730158730158735,58.730158730158735,0,49,48.0,,,25,32,44.0,72.0,25.333333333333343,29,24,25
41.L1.3060.M3207,19.0,162.0,162.0,0.0,0.0,0.0,55.0,55.0,,,0,6,7.0,,,22,0,6.0,0.0,28.787878787878785,0,0,22
41.L1.3060.M3301,9207.0,20733.0,20733.0,0.0,0.0,7517.0,18535.0,18535.0,0.0,0.0,14709,14700,9654.0,99.93881297165001,65.6310195571872,11574,8906,10478.0,76.94833246932781,90.52761937676401,5763,12573,11574
41.L1.3060.M3302,1460.0,2524.0,2524.0,27.123287671232877,27.123287671232877,2130.0,2304.0,2304.0,91.84663536776215,91.84663536776215,1215,1813,1520.0,50.78189300411522,74.89711934156378,1305,1538,1602.0,82.1455938697318,77.26692209450829,1560,1484,1305
41.L1.3060.M3303,7163.0,12626.0,12626.0,23.733072734887617,23.733072734887617,11121.0,11673.0,11673.0,95.03342025597217,95.03342025597217,21846,21800,9097.0,99.78943513686717,41.63996460068967,6180,11370,13377.0,16.019417475728158,0.0,7357,16052,6180
41.L1.3060.M3304,1066.0,2334.0,2334.0,0.0,0.0,832.0,2281.0,2281.0,0.0,0.0,3203,1312,1381.0,40.96159850140493,43.12623582058487,670,1445,1700.0,0.0,0.0,935,2040,670
41.L1.3060.M3305,10176.0,7460.0,7460.0,73.31302410901468,73.31302410901468,12749.0,8813.0,8813.0,69.12960493633489,69.12960493633489,13183,11506,10349.0,87.27907153151786,78.50008849781284,9367,10231,12036.0,90.77612896338209,71.50635208711434,6620,14443,9367
41.L1.3060.M3306,20578.0,8847.0,8847.0,42.990896426604465,42.990896426604465,16718.0,12312.0,12312.0,73.6451728675679,73.6451728675679,10223,10200,14874.0,99.77501711826274,54.5012879454824,9256,14242,15840.0,46.13223854796888,28.87136271967733,13532,13083,9256
41.L1.3060.M3307,9539.0,9679.0,9679.0,98.5358353426285,98.5358353426285,19053.0,10148.0,10148.0,53.26195349813678,53.26195349813678,24073,24100,10753.0,99.88784114983592,44.666915908555914,12510,19660,17555.0,42.845723421262996,59.67226219024779,20862,21144,12510
41.L1.3060.M3308,11767.0,7667.0,7667.0,65.15962720602815,65.15962720602815,11194.0,8240.0,8240.0,73.61086296230124,73.61086296230124,7377,10582,8771.0,56.55415480547647,81.09891102977723,5207,9400,10113.0,19.473785289033994,5.787081492862189,9152,8871,5207
41.L1.3060.M3401,565.0,1005.0,1005.0,22.064896755162234,22.064896755162234,759.0,829.0,829.0,90.82125603864735,90.82125603864735,419,454,478.0,91.64677804295943,85.83929992044551,334,494,581.0,52.09580838323353,26.047904191616766,320,697,334
41.L1.3060.M3403,180.0,752.0,752.0,0.0,0.0,36.0,606.0,606.0,0.0,0.0,1814,193,204.0,10.639470782800442,11.227489893421538,118,575,677.0,0.0,0.0,372,812,118
41.L1.3060.M3405,2126.0,1454.0,1454.0,68.39134524929445,68.39134524929445,2021.0,1694.0,1694.0,83.8363846280719,83.8363846280719,714,1691,1780.0,0.0,0.0,1260,1377,1620.0,90.71428571428571,71.4021164021164,891,1944,1260
41.L1.3060.M3407,1074.0,1509.0,1509.0,59.528243327126006,59.528243327126006,1687.0,1285.0,1285.0,76.17071724955542,76.17071724955542,1971,1442,1102.0,73.16083206494166,55.910705225773725,889,1341,1577.0,49.156355455568054,22.572178477690297,868,1893,889
41.L1.3060.MS361001T,2410.0,4776.0,4776.0,1.8257261410788428,1.8257261410788428,4471.0,3003.0,3003.0,67.17363751584284,67.17363751584284,2168,3086,2506.0,57.656826568265686,84.39421894218941,1508,2907,3016.0,7.228116710875332,0.0,2998,2805,1508
41.L1.3060.MS361002D,0.0,68.0,68.0,,,16.0,15.0,15.0,91.66666666666666,91.66666666666666,0,11,10.0,,,56,5,5.0,8.92857142857143,9.523809523809524,6,4,56
41.L1.3060.MS361003V,255.0,1121.0,1121.0,0.0,0.0,190.0,545.0,545.0,0.0,0.0,272,184,169.0,67.64705882352942,62.254901960784316,32,32,239.0,100.0,0.0,21,136,32
41.L1.3060.MT361001T,6730.0,13051.0,13051.0,6.082218920257565,6.082218920257565,1655.0,10670.0,10670.0,0.0,0.0,2006,3587,4030.0,21.1864406779661,0.0,393,393,3464.0,100.0,0.0,660,1439,393
41.L1.3060.MT361002D,92.0,175.0,175.0,9.782608695652172,9.782608695652172,92.0,141.0,141.0,46.37681159420289,46.37681159420289,40,99,104.0,0.0,0.0,0,66,75.0,,,63,59,0
41.L1.3060.MT361003V,1749.0,1824.0,1824.0,95.71183533447685,95.71183533447685,194.0,1718.0,1718.0,0.0,0.0,757,712,799.0,94.0554821664465,94.4958168207838,75,75,900.0,100.0,0.0,49,378,75
41.L1.3060.S3101,1337.0,2682.0,2682.0,0.0,0.0,6040.0,1253.0,1253.0,20.745033112582778,20.745033112582778,1778,3589,2739.0,0.0,45.93175853018372,1985,2968,3052.0,50.478589420654906,46.26364399664149,3225,2858,1985
41.L1.3060.S3102,306.0,591.0,591.0,6.753812636165568,6.753812636165568,747.0,306.0,306.0,40.963855421686745,40.963855421686745,501,609,398.0,78.44311377245509,79.44111776447106,84,84,518.0,100.0,0.0,55,250,84
41.L1.3060.S3103,763.0,7456.0,7456.0,0.0,0.0,1748.0,3509.0,3509.0,0.0,0.0,2079,1748,1913.0,84.07888407888407,92.01539201539202,575,575,1530.0,100.0,0.0,374,575,575
41.L1.3060.S3104,184.0,1340.0,1340.0,0.0,0.0,358.0,536.0,536.0,50.37243947858474,50.37243947858474,358,350,405.0,97.76536312849163,86.96461824953444,23,23,300.0,100.0,0.0,15,179,23
41.L1.3060.S3105,0.0,1198.0,1198.0,,,449.0,173.0,173.0,38.45582776540459,38.45582776540459,0,283,247.0,,,330,135,150.0,40.90909090909091,45.35353535353535,157,119,330
41.L1.3060.S3106,0.0,836.0,836.0,,,489.0,161.0,161.0,32.85616905248806,32.85616905248806,1329,288,235.0,21.670428893905193,17.657386506144977,443,811,606.0,16.930022573363434,63.20541760722347,902,960,443
41.L1.3060.S3107,440.0,575.0,575.0,69.24242424242424,69.24242424242424,52.0,178.0,178.0,0.0,0.0,216,160,167.0,74.07407407407408,77.1604938271605,223,212,236.0,95.06726457399103,94.17040358744396,181,197,223
41.L1.3060.S3108,267.0,461.0,461.0,27.340823970037455,27.340823970037455,238.0,327.0,327.0,62.60504201680672,62.60504201680672,932,282,307.0,30.257510729613735,32.97567954220314,568,591,479.0,95.95070422535211,84.33098591549295,623,675,568
41.L1.3060.S3201,104.0,100.0,100.0,95.83333333333334,95.83333333333334,214.0,83.0,83.0,38.62928348909658,38.62928348909658,8,134,117.0,0.0,0.0,142,89,109.0,62.676056338028175,76.52582159624414,90,73,142
41.L1.3060.S3203,16.0,307.0,307.0,0.0,0.0,125.0,128.0,128.0,97.86666666666666,97.86666666666666,24,94,68.0,0.0,0.0,25,53,55.0,0.0,0.0,59,50,25
41.L1.3060.S3205,0.0,362.0,362.0,,,117.0,42.0,42.0,35.89743589743589,35.89743589743589,10,71,60.0,0.0,0.0,86,40,42.0,46.51162790697675,49.224806201550386,46,37,86
41.L1.3060.S3207,111.0,154.0,154.0,61.261261261261254,61.261261261261254,101.0,116.0,116.0,85.14851485148515,85.14851485148515,160,120,130.0,75.0,81.45833333333334,188,132,124.0,70.2127659574468,65.95744680851064,134,139,188
41.L1.3060.U3101,1812.0,3828.0,3828.0,0.0,0.0,1120.0,2574.0,2574.0,0.0,0.0,2874,1365,1414.0,47.494780793319414,49.1881234052424,2772,2135,1935.0,77.02020202020202,69.81721981721982,2154,2292,2772
41.L1.3060.U3102,238.0,414.0,414.0,26.190476190476186,26.190476190476186,149.0,277.0,277.0,13.870246085011196,13.870246085011196,573,163,158.0,28.446771378708547,27.51599767306573,104,104,320.0,100.0,0.0,68,312,104
41.L1.3060.U3103,4274.0,5775.0,5775.0,64.88067384183435,64.88067384183435,5751.0,4240.0,4240.0,73.72051237465949,73.72051237465949,1464,5000,4252.0,0.0,0.0,891,891,3830.0,100.0,0.0,648,2944,891
41.L1.3060.U3104,769.0,839.0,839.0,90.85392284351971,90.85392284351971,948.0,506.0,506.0,53.340365682137836,53.340365682137836,184,800,653.0,0.0,0.0,122,122,634.0,100.0,0.0,84,339,122
41.L1.3060.U3105,2189.0,1917.0,1917.0,87.55900715699711,87.55900715699711,1108.0,2124.0,2124.0,8.30324909747292,8.30324909747292,1848,1694,1904.0,91.66666666666666,96.95165945165945,1404,1694,1715.0,79.34472934472934,77.84900284900284,1623,1689,1404
41.L1.3060.U3106,1597.0,2791.0,2791.0,25.23481527864746,25.23481527864746,1532.0,2426.0,2426.0,41.66666666666667,41.66666666666667,1184,1437,1985.0,78.63175675675676,32.37612612612612,280,280,1438.0,100.0,0.0,182,592,280
41.L1.3060.U3107,1672.0,892.0,892.0,53.329346092504,53.329346092504,306.0,959.0,959.0,0.0,0.0,474,602,866.0,72.9957805907173,17.29957805907173,935,663,817.0,70.9090909090909,87.41532976827095,535,561,935
41.L1.3060.U3108,247.0,563.0,563.0,0.0,0.0,122.0,446.0,446.0,0.0,0.0,484,480,243.0,99.17355371900827,50.20661157024793,347,328,284.0,94.52449567723343,81.94044188280499,334,362,347
41.L1.3060.U3201,14.0,92.0,92.0,0.0,0.0,0.0,71.0,71.0,,,112,19,30.0,16.964285714285708,26.488095238095244,0,59,42.0,,,63,72,0
41.L1.3060.U3203,139.0,303.0,303.0,0.0,0.0,260.0,132.0,132.0,50.8974358974359,50.8974358974359,199,188,159.0,94.47236180904522,80.06700167504188,58,205,199.0,0.0,0.0,214,208,58
41.L1.3060.U3205,125.0,182.0,182.0,54.400000000000006,54.400000000000006,119.0,153.0,153.0,71.14845938375349,71.14845938375349,50,126,130.0,0.0,0.0,142,86,98.0,60.56338028169015,69.01408450704226,82,77,142
41.L1.3060.U3207,28.0,20.0,20.0,70.23809523809524,70.23809523809524,11.0,16.0,16.0,54.54545454545454,54.54545454545454,98,27,13.0,27.55102040816326,13.265306122448983,47,17,46.0,36.170212765957444,97.16312056737588,11,23,47
41.L1.3060.U3301,17269.0,14477.0,14477.0,83.83423089543885,83.83423089543885,15257.0,17231.0,17231.0,87.06167660745888,87.06167660745888,15710,15585,14534.0,99.20432845321452,92.51432208784213,17846,13667,16079.0,76.58298778437745,90.0967537076469,8843,19294,17846
41.L1.3060.U3302,1699.0,2045.0,2045.0,79.61546007455367,79.61546007455367,1906.0,2058.0,2058.0,92.02518363064009,92.02518363064009,2206,1787,1647.0,81.00634632819583,74.66001813236628,2384,2015,1937.0,84.5218120805369,81.25,2050,2071,2384
41.L1.3060.U3303,18803.0,14530.0,14530.0,77.27667570777713,77.27667570777713,10056.0,17807.0,17807.0,22.918324051975613,22.918324051975613,18487,16970,14712.0,91.79423378590361,79.58024557797371,14960,13415,15782.0,89.67245989304813,94.50534759358288,8680,18938,14960
41.L1.3060.U3304,1465.0,2371.0,2371.0,38.179749715585906,38.179749715585906,857.0,2615.0,2615.0,0.0,0.0,2395,1432,1508.0,59.791231732776616,62.95059151009047,2030,1336,1572.0,65.8128078817734,77.45484400656815,865,1887,2030
41.L1.3060.U3305,12219.0,13095.0,13095.0,92.82810922879668,92.82810922879668,7581.0,13303.0,13303.0,24.521830893022035,24.521830893022035,25818,25800,10376.0,99.93028119916337,40.1903065045059,11806,12925,15206.0,90.52176859224123,71.20108419447739,8363,18247,11806
41.L1.3060.U3306,15230.0,10298.0,10298.0,67.6143576274896,67.6143576274896,5466.0,12708.0,12708.0,0.0,0.0,13015,13745,10794.0,94.39108720706876,82.93251376616723,10744,9551,11237.0,88.89612807148175,95.41139240506328,6180,13484,10744
41.L1.3060.U3307,23310.0,16126.0,16126.0,69.18060918060918,69.18060918060918,20844.0,21457.0,21457.0,97.05910573786221,97.05910573786221,25573,21037,21720.0,82.26254252531967,84.93202466142678,20054,19756,23242.0,98.5140121671487,84.10125993151824,12783,27891,20054
41.L1.3060.U3308,11260.0,13069.0,13069.0,83.93428063943162,83.93428063943162,18113.0,14404.0,14404.0,79.52115423544784,79.52115423544784,18110,16347,14605.0,90.2650469353948,80.64605190502485,11714,13454,15828.0,85.14597917022367,64.88247680837745,8705,18993,11714
41.L1.3060.U3401,350.0,676.0,676.0,6.952380952380965,6.952380952380965,868.0,622.0,622.0,71.69738863287252,71.69738863287252,430,670,552.0,44.18604651162791,71.6279069767442,605,545,549.0,90.08264462809917,90.79889807162536,575,537,605
41.L1.3060.U3403,1707.0,1206.0,1206.0,70.630736184339,70.630736184339,608.0,1492.0,1492.0,0.0,0.0,748,1052,1354.0,59.35828877005347,18.983957219251334,318,898,1021.0,0.0,0.0,795,816,318
41.L1.3060.U3405,2526.0,1785.0,1785.0,70.65188704143574,70.65188704143574,1502.0,2124.0,2124.0,58.566355969818005,58.566355969818005,2954,2043,2150.0,69.16046039268788,72.79395170390431,1937,1978,2327.0,97.88332472896232,79.84856307003957,1280,2793,1937
41.L1.3060.U3407,2399.0,2420.0,2420.0,99.13852994303183,99.13852994303183,3264.0,2733.0,2733.0,83.73161764705883,83.73161764705883,3402,2791,2623.0,82.03997648442093,77.11150303742897,1626,2568,3022.0,42.06642066420664,14.165641656416572,1662,3626,1626
41.L1.3060.UT361001T,7797.0,12688.0,12688.0,37.26647000983283,37.26647000983283,9514.0,7881.0,7881.0,82.8323172868054,82.8323172868054,8809,7812,6963.0,88.682029742309,79.04794339122867,1502,1502,8707.0,100.0,0.0,976,4404,1502
41.L1.3060.UT361002D,319.0,239.0,239.0,75.02612330198536,75.02612330198536,10.0,293.0,293.0,0.0,0.0,136,141,177.0,96.32352941176471,70.09803921568628,15,135,155.0,0.0,0.0,110,123,15
41.L1.3060.UT361003V,763.0,1531.0,1531.0,0.0,0.0,1366.0,958.0,958.0,70.10736944851146,70.10736944851146,1299,929,738.0,71.51655119322555,56.812933025404156,46,46,1143.0,100.0,0.0,30,650,46
41.L1.4060.MS462001,1786.0,2279.0,2279.0,72.39641657334826,72.39641657334826,2257.0,1652.0,1652.0,73.19450598139123,73.19450598139123,4249,2048,1987.0,48.199576370910805,46.75609947438614,3691,3159,2764.0,85.58656190734219,74.88485505283121,3306,3450,3691
41.L1.4060.MS462002,1725.0,1183.0,1183.0,68.59903381642512,68.59903381642512,3140.0,1291.0,1291.0,41.11464968152866,41.11464968152866,1820,2352,2063.0,70.76923076923076,86.64835164835165,2689,2197,2228.0,81.70323540349573,82.86847650923517,2272,2159,2689
41.L1.4060.MS462003,91.0,806.0,806.0,0.0,0.0,407.0,717.0,717.0,23.751023751023737,23.751023751023737,1417,282,251.0,19.90119971771348,17.689955304634207,325,849,638.0,0.0,3.589743589743577,931,1004,325
41.L1.4060.MS462004,1514.0,2572.0,2572.0,30.11889035667107,30.11889035667107,1042.0,1427.0,1427.0,63.05182341650672,63.05182341650672,1445,1196,1220.0,82.7681660899654,84.42906574394465,1905,1338,1334.0,70.23622047244095,70.00874890638671,1311,1346,1905
41.L1.4060.MT462001,1201.0,1584.0,1584.0,68.13766305856231,68.13766305856231,583.0,1579.0,1579.0,0.0,0.0,2029,1169,1457.0,57.61458846722524,71.80877279448003,4391,4391,1271.0,100.0,28.945570485083127,2854,4830,4391
41.L1.4060.MT462002,8241.0,4226.0,4226.0,51.28018444363548,51.28018444363548,2911.0,6058.0,6058.0,0.0,0.0,4395,4746,5081.0,92.0136518771331,84.39893818733408,286,286,5182.0,100.0,0.0,186,2198,286
41.L1.4060.MT462003,3418.0,2445.0,2445.0,71.53306026916326,71.53306026916326,1197.0,3177.0,3177.0,0.0,0.0,3373,1738,1729.0,51.526830714497486,51.260005929439664,2863,2729,2663.0,95.31959483059728,93.00267784375363,2616,2801,2863
41.L1.4060.MT462004,3506.0,2885.0,2885.0,82.29701464156685,82.29701464156685,1094.0,3447.0,3447.0,0.0,0.0,3756,2162,2471.0,57.561235356762516,65.79694710685126,6647,2907,2785.0,43.73401534526854,41.90361566621533,2799,3023,6647
41.L1.4080.M4101,0.0,482.0,482.0,,,282.0,158.0,158.0,55.910165484633566,55.910165484633566,0,120,113.0,,,34,85,94.0,0.0,0.0,99,75,34
41.L1.4080.M4102,0.0,250.0,250.0,,,312.0,18.0,18.0,5.876068376068366,5.876068376068366,0,100,111.0,,,34,94,104.0,0.0,0.0,109,83,34
41.L1.4080.M4103,72.0,838.0,838.0,0.0,0.0,240.0,62.0,62.0,25.83333333333333,25.83333333333333,0,130,127.0,,,0,0,104.0,,,0,0,0
41.L1.4080.M4104,78.0,396.0,396.0,0.0,0.0,0.0,358.0,358.0,,,0,74,111.0,,,0,0,26.0,,,0,0,0
41.L1.4080.M4201,0.0,15.0,15.0,,,60.0,15.0,15.0,25.555555555555564,25.555555555555564,0,60,20.0,,,18,18,20.0,100.0,88.88888888888889,21,16,18
41.L1.4080.M4203,0.0,83.0,83.0,,,0.0,10.0,10.0,,,0,0,0.0,,,0,0,0.0,,,0,0,0
41.L1.4080.MT483001,3729.0,1636.0,1636.0,43.881290783945644,43.881290783945644,3810.0,2879.0,2879.0,75.57305336832896,75.57305336832896,10246,10200,4149.0,99.55104430997463,40.49710456112955,9770,9770,5928.0,100.0,60.678949164107806,9317,9546,9770
41.L1.4080.MT483001D,492.0,240.0,240.0,48.84823848238482,48.84823848238482,363.0,404.0,404.0,88.61340679522498,88.61340679522498,118,438,525.0,0.0,0.0,349,266,324.0,76.21776504297995,92.93218720152817,241,224,349
41.L1.4080.MT483001V,431.0,504.0,504.0,82.98530549110596,82.98530549110596,353.0,648.0,648.0,16.43059490084986,16.43059490084986,604,492,766.0,81.4569536423841,73.23399558498897,1376,1376,463.0,100.0,33.624031007751945,894,1514,1376
41.L1.4080.MT483002B,807.0,0.0,0.0,0.04130524576622108,0.04130524576622108,1291.0,269.0,269.0,20.862380583526974,20.862380583526974,3145,1162,700.0,36.94753577106519,22.24695283518813,1663,1663,1748.0,100.0,94.9087993585889,2070,2056,1663
41.L1.4080.MT483002D,505.0,0.0,0.0,0.06600660066006236,0.06600660066006236,803.0,169.0,169.0,21.00456621004566,21.00456621004566,602,633,436.0,94.85049833887044,72.48062015503875,405,643,637.0,41.23456790123456,42.79835390946503,663,645,405
41.L1.4080.MT483002W,2251.0,82.0,82.0,3.6576336443062463,3.6576336443062463,5675.0,833.0,833.0,14.672540381791489,14.672540381791489,5173,5108,2724.0,98.7434757394162,52.664475803853335,6396,6396,4366.0,100.0,68.26662497394204,5957,6010,6396
41.L1.4080.S4101,0.0,1120.0,1120.0,,,0.0,160.0,160.0,,,162,0,0.0,0.0,0.0,412,81,54.0,19.660194174757283,13.10679611650486,89,101,412
41.L1.4080.S4103,0.0,120.0,120.0,,,0.0,80.0,80.0,,,0,0,0.0,,,138,0,0.0,0.0,0.0,0,0,138
41.L1.4080.S4104,0.0,1067.0,1067.0,,,0.0,480.0,480.0,,,0,0,0.0,,,0,0,0.0,,,0,0,0
41.L1.4080.S4105,60.0,118.0,118.0,3.3333333333333326,3.3333333333333326,0.0,20.0,20.0,,,0,0,20.0,,,0,0,20.0,,,0,0,0
41.L1.4080.S4106,0.0,454.0,454.0,,,0.0,319.0,319.0,,,0,0,318.0,,,27,27,0.0,100.0,0.0,14,23,27
41.L1.4080.S4107,0.0,128.0,128.0,,,0.0,57.0,57.0,,,0,0,52.0,,,160,0,0.0,0.0,0.0,0,0,160
41.L1.4080.S4108,0.0,456.0,456.0,,,0.0,31.0,31.0,,,18,0,31.0,0.0,29.629629629629626,70,9,6.0,12.857142857142856,8.571428571428575,10,11,70
41.L1.4080.S4109,0.0,524.0,524.0,,,0.0,524.0,524.0,,,41,0,32.0,0.0,78.04878048780488,2,20,14.0,0.0,0.0,22,25,2
41.L1.4080.S4201,0.0,80.0,80.0,,,0.0,0.0,0.0,,,0,0,0.0,,,0,0,0.0,,,0,0,0
41.L1.4080.S4204,0.0,0.0,0.0,,,18.0,0.0,0.0,0.0,0.0,0,18,6.0,,,0,5,6.0,,,6,4,0
41.L1.4080.S4206,0.0,79.0,79.0,,,0.0,46.0,46.0,,,0,0,46.0,,,29,0,0.0,0.0,0.0,0,0,29
41.L1.4080.S4208,0.0,111.0,111.0,,,0.0,111.0,111.0,,,2,0,3.0,0.0,33.33333333333333,5,1,1.0,19.999999999999996,13.333333333333341,1,1,5
41.L1.4080.U4101,22.0,144.0,144.0,0.0,0.0,0.0,24.0,24.0,,,41,17,24.0,41.463414634146346,59.34959349593496,108,25,21.0,23.148148148148152,19.444444444444443,25,28,108
41.L1.4080.U4102,195.0,380.0,380.0,5.128205128205132,5.128205128205132,0.0,199.0,199.0,,,41,30,76.0,73.17073170731707,15.4471544715447,207,60,79.0,28.985507246376805,38.00322061191628,42,47,207
41.L1.4080.U4103,151.0,41.0,41.0,27.15231788079471,27.15231788079471,0.0,62.0,62.0,,,0,50,62.0,,,0,0,50.0,,,0,0,0
41.L1.4080.U4104,21.0,53.0,53.0,0.0,0.0,42.0,11.0,11.0,26.190476190476186,26.190476190476186,0,30,25.0,,,0,17,21.0,,,17,14,0
41.L1.4080.U4201,114.0,10.0,10.0,8.479532163742698,8.479532163742698,0.0,39.0,39.0,,,44,25,39.0,56.81818181818181,89.3939393939394,30,45,53.0,50.0,24.444444444444457,36,40,30
41.L1.4080.U4203,8.0,36.0,36.0,0.0,0.0,0.0,3.0,3.0,,,0,54,3.0,,,0,0,3.0,,,0,0,0
41.L1.4080.UT483001,7658.0,623.0,623.0,8.130930617219468,8.130930617219468,5508.0,3175.0,3175.0,57.64947954490438,57.64947954490438,6004,5789,5011.0,96.41905396402399,83.46657783699756,5675,6186,6390.0,90.99559471365639,87.40088105726872,5996,6055,5675
41.L1.4080.UT483001D,760.0,54.0,54.0,7.105263157894736,7.105263157894736,60.0,307.0,307.0,0.0,0.0,234,280,327.0,80.34188034188034,60.11396011396013,208,287,351.0,62.019230769230774,31.089743589743602,226,246,208
41.L1.4080.UT483001V,1085.0,191.0,191.0,17.603686635944705,17.603686635944705,638.0,553.0,553.0,86.62486938349006,86.62486938349006,688,766,765.0,88.66279069767442,88.75968992248062,889,752,804.0,84.58942632170978,90.40119985001874,710,718,889
41.L1.4080.UT483002B,4067.0,441.0,441.0,10.843373493975905,10.843373493975905,1232.0,1797.0,1797.0,54.166666666666664,54.166666666666664,2651,2092,2207.0,78.91361750282913,83.26417704011065,2145,2508,2650.0,83.07692307692307,76.45687645687646,2296,2431,2145
41.L1.4080.UT483002D,921.0,136.0,136.0,14.766558089033655,14.766558089033655,226.0,443.0,443.0,3.9823008849557473,3.9823008849557473,647,453,518.0,70.01545595054095,80.11334363730036,330,576,598.0,25.454545454545453,18.787878787878785,527,566,330
41.L1.4080.UT483002W,6555.0,395.0,395.0,6.03101957793033,6.03101957793033,3808.0,2580.0,2580.0,67.7608543417367,67.7608543417367,4819,4370,3850.0,90.68271425606973,79.88517673099537,4053,4863,5061.0,80.01480384900074,75.13775803931244,4639,4742,4053
41.L1.5050.91501,8532.0,9302.0,9302.0,90.97515236755743,90.97515236755743,7427.0,8841.0,8841.0,80.96135721017907,80.96135721017907,6570,8324,8738.0,73.30289193302892,67.00659563673264,12686,7220,7510.0,56.91313258710389,59.196489568553254,7066,7013,12686
41.L1.5050.91502,3471.0,5187.0,5187.0,50.56179775280899,50.56179775280899,5039.0,5015.0,5015.0,99.53033009194947,99.53033009194947,5802,4689,4718.0,80.81695966907962,81.31104216936689,6825,5107,4771.0,74.82783882783883,69.89987789987791,5302,5344,6825
41.L1.5050.91503,8699.0,5618.0,5618.0,64.58213587768708,64.58213587768708,6866.0,7395.0,7395.0,92.30022332265268,92.30022332265268,7656,7129,6998.0,93.11650992685475,91.40978753047719,9994,7628,7740.0,76.32579547728638,77.44980321526249,7484,7562,9994
41.L1.5050.91504,10250.0,11544.0,11544.0,87.37235772357724,87.37235772357724,6391.0,10312.0,10312.0,38.65331455692902,38.65331455692902,6850,7500,8116.0,90.51094890510949,81.52311435523114,9495,7392,7830.0,77.85150078988941,82.46796559592768,7029,7102,9495
41.L1.5050.91505,7133.0,7873.0,7873.0,89.62101032758541,89.62101032758541,7792.0,6567.0,6567.0,84.27446954141,84.27446954141,10905,7053,6670.0,64.6767537826685,61.161546691120286,11092,9217,8610.0,83.0959249909845,77.6235124413992,9438,9665,11092
41.L1.5050.91506,7208.0,8474.0,8474.0,82.43618201997779,82.43618201997779,4989.0,8119.0,8119.0,37.25529498229439,37.25529498229439,6894,6291,6789.0,91.25326370757179,98.4769364664926,8087,6385,6364.0,78.95387659206133,78.6900787271753,6258,6423,8087
41.L1.5050.91507,6136.0,7532.0,7532.0,77.25445458496306,77.25445458496306,6633.0,7344.0,7344.0,89.2858937635057,89.2858937635057,8899,5905,5503.0,66.35577031127093,61.83840880997865,6662,7667,7223.0,84.91444010807565,91.58410887621335,7830,7995,6662
41.L1.5050.91508,3227.0,4042.0,4042.0,74.74434459250077,74.74434459250077,4083.0,3922.0,3922.0,96.06498489672627,96.06498489672627,1835,3550,4224.0,6.539509536784738,0.0,2987,2788,3048.0,93.33779712085705,97.94665773909162,2761,2584,2987
41.L1.5050.M5102,4944.0,8332.0,8332.0,31.46574973031282,31.46574973031282,1903.0,8623.0,8623.0,0.0,0.0,4866,4704,6065.0,96.6707768187423,75.36648856007672,4982,3993,3904.0,80.14853472501004,78.36879432624113,3837,4090,4982
41.L1.5050.M5103,5202.0,12554.0,12554.0,0.0,0.0,6428.0,9612.0,9612.0,50.47189379796724,50.47189379796724,6662,7314,8109.0,90.21314920444311,78.27479235464826,8054,6300,6097.0,78.22200148994288,75.70565350550451,6434,6439,8054
41.L1.5050.M5104,4518.0,10235.0,10235.0,0.0,0.0,7483.0,7726.0,7726.0,96.75263931578245,96.75263931578245,3764,5300,6586.0,59.192348565356,25.03542330853701,5289,5030,5255.0,95.10304405369635,99.3571563622613,5141,4832,5289
41.L1.5050.M5105,13889.0,18820.0,18820.0,64.49708402332782,64.49708402332782,9536.0,17838.0,17838.0,12.936940715883683,12.936940715883683,14911,12691,14069.0,85.11166253101737,94.35316209509757,12746,13094,12779.0,97.26973168052723,99.74371044510697,12928,13374,12746
41.L1.5050.M5151,744.0,2179.0,2179.0,0.0,0.0,138.0,1060.0,1060.0,0.0,0.0,1168,578,770.0,49.486301369863014,65.89611872146118,1924,774,683.0,40.22869022869023,35.51628551628553,765,848,1924
41.L1.5050.M5152,806.0,2622.0,2622.0,0.0,0.0,1349.0,1631.0,1631.0,79.07091672844082,79.07091672844082,2548,1142,1095.0,44.81946624803768,42.96180010465726,2976,1840,1568.0,61.82795698924731,52.67697132616488,1954,2039,2976
41.L1.5050.M5153,1886.0,6968.0,6968.0,0.0,0.0,612.0,5453.0,5453.0,0.0,0.0,2958,2610,3729.0,88.23529411764706,73.92382240252422,2714,2040,1819.0,75.16580692704495,67.01056251535249,2030,2219,2714
41.L1.5050.M5154,1527.0,1833.0,1833.0,79.96070726915521,79.96070726915521,662.0,1927.0,1927.0,0.0,0.0,852,1075,1206.0,73.8262910798122,58.48982785602503,258,258,1014.0,100.0,0.0,168,258,258
41.L1.5050.M5155,3952.0,10209.0,10209.0,0.0,0.0,3156.0,7030.0,7030.0,0.0,0.0,8344,4181,4732.0,50.107861936721,56.71540428251838,6852,5909,5151.0,86.23759486281376,75.17026658883051,6089,6486,6852
41.L1.5050.M5190,60172.0,41434.0,41434.0,68.85982405991713,68.85982405991713,30660.0,48805.0,48805.0,40.817569036747116,40.817569036747116,37763,40445,42049.0,92.89781002568652,88.64938343528496,43220,40114,42865.0,92.81351226284129,99.17862100879222,37518,38346,43220
41.L1.5050.M5191,3375.0,4047.0,4047.0,80.09876543209877,80.09876543209877,3189.0,3538.0,3538.0,89.05613044841643,89.05613044841643,4346,3478,3640.0,80.02761159687068,83.76284706243288,5774,3805,3637.0,65.89885694492553,62.983489204479845,3844,3933,5774
41.L1.5050.M5192,8670.0,4797.0,4797.0,55.324875048058445,55.324875048058445,6512.0,5450.0,5450.0,83.68652743652744,83.68652743652744,3187,5800,6425.0,18.010668340131787,0.0,7279,5281,6123.0,72.55117461189724,84.11869762329991,4899,4671,7279
41.L1.5050.M5193,5640.0,3706.0,3706.0,65.70921985815603,65.70921985815603,2905.0,4106.0,4106.0,58.65748709122202,58.65748709122202,4128,3822,3978.0,92.58720930232558,96.36627906976744,4944,4064,4224.0,82.20064724919094,85.44363538295576,3851,3970,4944
41.L1.5050.MS552001,30496.0,23139.0,23139.0,75.87443161944736,75.87443161944736,8902.0,21625.0,21625.0,0.0,0.0,9352,9400,15388.0,99.48674080410608,35.457656116338754,11956,13446,16250.0,87.53763800602208,64.08497825359652,11309,11559,11956
41.L1.5050.MS552002,3036.0,3676.0,3676.0,78.91963109354414,78.91963109354414,1152.0,3900.0,3900.0,0.0,0.0,1476,1866,2277.0,73.57723577235772,45.70912375790424,1861,1691,1888.0,90.8651262761956,98.54916711445459,1519,1562,1861
41.L1.5050.MS552003,838.0,808.0,808.0,96.4200477326969,96.4200477326969,572.0,1034.0,1034.0,19.23076923076923,19.23076923076923,3188,677,579.0,21.23588456712673,18.172312839815984,1956,1956,1533.0,100.0,78.3571915473756,2187,2218,1956
41.L1.5050.MS552004,3790.0,0.0,0.0,0.0,0.0,1393.0,1263.0,1263.0,90.69155300311078,90.69155300311078,940,1973,1728.0,0.0,16.205673758865235,168,168,2041.0,100.0,0.0,109,470,168
41.L1.5050.S5101,1624.0,4022.0,4022.0,0.0,0.0,74.0,2759.0,2759.0,0.0,0.0,1990,1448,2105.0,72.76381909547739,94.22110552763819,2482,1342,1229.0,54.069298952457686,49.529948965887726,1283,1442,2482
41.L1.5050.S5102,21989.0,27510.0,27510.0,74.8919914502706,74.8919914502706,27380.0,21924.0,21924.0,80.0718285853421,80.0718285853421,16544,19000,22896.0,85.15473887814314,61.605415860735,26734,20884,21971.0,78.1177526744969,82.18373606643226,20881,20014,26734
41.L1.5050.S5103,9095.0,13619.0,13619.0,50.258383727322695,50.258383727322695,8739.0,10460.0,10460.0,80.30285692489605,80.30285692489605,4778,3000,7883.0,62.787777312683126,35.00767406167156,8511,6830,7537.0,80.24908941369992,88.55990287079464,6596,6303,8511
41.L1.5050.S5104,7604.0,8514.0,8514.0,88.02823075574258,88.02823075574258,6445.0,6691.0,6691.0,96.18308766485649,96.18308766485649,3607,4500,5897.0,75.24258386470751,36.52157841234636,5520,5258,5885.0,95.2536231884058,93.3816425120773,5000,4799,5520
41.L1.5050.S5151,0.0,2251.0,2251.0,,,3234.0,353.0,353.0,10.90496804782518,10.90496804782518,232,1711,1234.0,0.0,0.0,597,1086,1155.0,18.090452261306535,6.476828587381367,1259,1002,597
41.L1.5050.S5152,338.0,727.0,727.0,0.0,0.0,1506.0,657.0,657.0,43.62549800796812,43.62549800796812,230,1005,865.0,0.0,0.0,350,634,691.0,18.85714285714286,2.476190476190465,687,580,350
41.L1.5050.S5153,662.0,180.0,180.0,27.190332326283983,27.190332326283983,1058.0,286.0,286.0,27.032136105860115,27.032136105860115,336,344,617.0,97.61904761904762,16.26984126984126,0,0,685.0,,,0,1536,0
41.L1.5050.S5154,472.0,73.0,73.0,15.3954802259887,15.3954802259887,806.0,221.0,221.0,27.46071133167908,27.46071133167908,0,550,435.0,,,0,0,426.0,,,0,0,0
41.L1.5050.S5155,112.0,736.0,736.0,0.0,0.0,1622.0,172.0,172.0,10.624743115495273,10.624743115495273,68,970,586.0,0.0,0.0,434,543,601.0,74.88479262672811,61.59754224270354,616,484,434
41.L1.5050.U5101,4961.0,9344.0,9344.0,11.644157763891672,11.644157763891672,6012.0,7043.0,7043.0,82.85650920381458,82.85650920381458,10098,7000,6751.0,69.32065755595167,66.85812372086882,5993,7845,7024.0,69.09728016018688,82.80215807330774,8154,8450,5993
41.L1.5050.U5102,8336.0,6564.0,6564.0,78.74680102367242,78.74680102367242,6083.0,7529.0,7529.0,76.22883445668256,76.22883445668256,3325,5500,7150.0,34.58646616541353,0.0,6553,5155,5915.0,78.66625972836869,90.25891449209014,4792,4608,6553
41.L1.5050.U5103,14818.0,14506.0,14506.0,97.89670220902507,97.89670220902507,7260.0,13172.0,13172.0,18.567493112947663,18.567493112947663,19581,19600,12866.0,99.90296716204485,65.7065522700577,9314,14932,13886.0,39.68219884045523,50.90902583923842,14792,15792,9314
41.L1.5050.U5104,2681.0,5845.0,5845.0,0.0,0.0,2140.0,4050.0,4050.0,10.732087227414322,10.732087227414322,3085,3070,3600.0,99.51377633711506,83.31712587790385,4477,2721,2635.0,60.77730623185169,58.86382250018614,2714,2790,4477
41.L1.5050.U5151,1268.0,1335.0,1335.0,94.74237644584646,94.74237644584646,828.0,1525.0,1525.0,15.821256038647347,15.821256038647347,1757,1122,1245.0,63.85885031303358,70.840447732878,3699,1380,1284.0,37.307380373073805,34.7210957916554,1383,1457,3699
41.L1.5050.U5152,610.0,2857.0,2857.0,0.0,0.0,1750.0,1372.0,1372.0,78.38095238095238,78.38095238095238,290,1450,1441.0,0.0,0.0,2692,792,883.0,29.42050520059435,32.813273897969296,833,712,2692
41.L1.5050.U5153,3117.0,2320.0,2320.0,74.44123623141911,74.44123623141911,4599.0,2411.0,2411.0,52.42444009567298,52.42444009567298,1492,3501,3017.0,0.0,0.0,915,2749,3069.0,0.0,0.0,2742,2494,915
41.L1.5050.U5154,4142.0,4487.0,4487.0,91.66264284564623,91.66264284564623,1285.0,4210.0,4210.0,0.0,0.0,7980,8000,3103.0,99.74937343358397,38.88471177944862,5625,5204,4469.0,92.51555555555555,79.44888888888889,5253,5784,5625
41.L1.5050.U5155,3142.0,2549.0,2549.0,81.1372798642054,81.1372798642054,1702.0,3068.0,3068.0,19.72189580885232,19.72189580885232,1249,2255,2383.0,19.455564451561248,9.20736589271417,4088,1764,2031.0,43.150684931506845,49.68199608610567,1597,1578,4088
41.L1.5050.UT552001,8682.0,13015.0,13015.0,50.09214466712739,50.09214466712739,8321.0,13576.0,13576.0,36.850538797420185,36.850538797420185,30875,30900,10899.0,99.91902834008097,35.30040485829959,28318,28318,15959.0,100.0,56.35755820797137,27085,27834,28318
41.L1.5050.UT552002,1952.0,708.0,708.0,36.270491803278695,36.270491803278695,4508.0,1359.0,1359.0,30.13901212658977,30.13901212658977,2042,3446,2671.0,31.24387855044074,69.21318968331703,3592,2764,2834.0,76.94877505567929,78.89755011135857,2896,2686,3592
41.L1.5050.UT552003,634.0,2810.0,2810.0,0.0,0.0,1027.0,1946.0,1946.0,10.516066212268749,10.516066212268749,596,1159,1729.0,5.536912751677847,0.0,994,733,752.0,73.74245472837022,75.68745808182429,751,715,994
41.L1.5050.UT552004,404.0,685.0,685.0,30.363036303630352,30.363036303630352,1526.0,677.0,677.0,44.34250764525993,44.34250764525993,1440,1232,995.0,85.55555555555556,69.12037037037038,1449,955,1123.0,65.90752242926156,77.52472969864273,618,1348,1449
41.L1.6060.6106,0.0,0.0,0.0,,,0.0,0.0,0.0,,,0,0,0.0,,,0,0,0.0,,,0,0,0
41.L1.6060.6201,0.0,0.0,0.0,,,0.0,0.0,0.0,,,0,0,0.0,,,0,0,0.0,,,0,0,0
41.L1.6060.6202,0.0,0.0,0.0,,,0.0,0.0,0.0,,,0,0,0.0,,,0,0,0.0,,,0,0,0
41.L1.6060.6203,0.0,0.0,0.0,,,0.0,0.0,0.0,,,0,0,0.0,,,0,0,0.0,,,0,0,0
41.L1.6060.AM6151,3135.0,4165.0,4165.0,67.15576820839978,67.15576820839978,5114.0,4393.0,4393.0,85.90796506322513,85.90796506322513,2744,3991,3572.0,54.55539358600583,69.82507288629738,8915,3533,3664.0,39.62983735277622,41.10300990839409,3612,3415,8915
41.L1.6060.AM6153,929.0,5057.0,5057.0,0.0,0.0,1502.0,4217.0,4217.0,0.0,0.0,3637,2043,2499.0,56.172669782788006,68.719640729539,2137,2455,2023.0,85.11932615816565,94.64982062080799,2619,2773,2137
41.L1.6060.AM6154,5181.0,20869.0,20869.0,0.0,0.0,8599.0,11997.0,11997.0,60.47990076365468,60.47990076365468,10608,7845,7911.0,73.95361990950227,74.57893413775767,8514,8920,8129.0,95.23138360347663,95.48195129590478,9362,9479,8514
41.L1.6060.AM6155,5211.0,12467.0,12467.0,0.0,0.0,8809.0,7902.0,7902.0,89.70749612139099,89.70749612139099,5440,7206,6737.0,67.53676470588235,76.1642156862745,9964,6405,6487.0,64.28141308711362,65.10103037602035,6596,6308,9964
41.L1.6060.AM6156,2436.0,462.0,462.0,18.965517241379317,18.965517241379317,1084.0,1021.0,1021.0,94.18819188191881,94.18819188191881,2228,1376,1345.0,61.759425493716336,60.35308198683423,1372,1926,1916.0,59.62099125364432,60.349854227405245,1848,1947,1372
41.L1.6060.AM6157,1598.0,635.0,635.0,39.71631205673759,39.71631205673759,1115.0,1167.0,1167.0,95.30642750373693,95.30642750373693,897,1195,1059.0,66.77814938684503,81.93979933110369,1242,1103,1203.0,88.80837359098228,96.88674181427804,1044,1032,1242
41.L1.6060.AS6152,1515.0,4294.0,4294.0,0.0,0.0,2213.0,2190.0,2190.0,98.96068685042928,98.96068685042928,1783,1898,1804.0,93.55019629837354,98.82220975883342,2561,1858,1837.0,72.54978524014058,71.72979304959,1906,1867,2561
41.L1.6060.AS6154,2736.0,5749.0,5749.0,0.0,0.0,3142.0,4297.0,4297.0,63.2399745385105,63.2399745385105,1627,2828,3070.0,26.18315918869084,11.309157959434547,2451,2126,2502.0,86.74010607915137,97.9328165374677,1376,3002,2451
41.L1.6060.AU6151,3789.0,6181.0,6181.0,36.86988651359198,36.86988651359198,3008.0,4061.0,4061.0,64.99335106382979,64.99335106382979,3692,3692,4017.0,100.0,91.18815456843625,6706,3506,3496.0,52.28153892036982,52.1373894025251,3462,3521,6706
41.L1.6060.AU6152,2098.0,1655.0,1655.0,78.86876390212902,78.86876390212902,1726.0,1471.0,1471.0,85.22595596755505,85.22595596755505,2113,1704,1627.0,80.64363464268813,76.99952673923332,746,1994,1979.0,0.0,0.0,1976,2009,746
41.L1.6060.AU6153,6354.0,8017.0,8017.0,73.82751022977652,73.82751022977652,5690.0,6274.0,6274.0,89.73052138254248,89.73052138254248,1640,5282,4900.0,0.0,0.0,3984,3798,4561.0,95.33132530120481,85.50870147255691,3529,3232,3984
41.L1.6060.AU6154,3928.0,10113.0,10113.0,0.0,0.0,6916.0,6917.0,6917.0,99.98072103335261,99.98072103335261,4347,5665,5329.0,69.68023924545663,77.40970784449046,7217,5034,5064.0,69.75197450464181,70.16304096808462,5204,4982,7217
41.L1.6060.AU6155,3279.0,2922.0,2922.0,89.1227000101657,89.1227000101657,2885.0,3103.0,3103.0,92.4321201617562,92.4321201617562,2234,3051,3096.0,63.42882721575649,61.41450313339302,3514,2638,2799.0,75.07114399544679,79.66230316827927,2566,2521,3514
41.L1.6060.AU6156,1018.0,1046.0,1046.0,97.21676489849379,97.21676489849379,898.0,1194.0,1194.0,67.00074239049741,67.00074239049741,672,1165,1324.0,26.636904761904766,3.02579365079364,1737,809,863.0,46.57455382843983,49.66417194396469,786,770,1737
41.L1.6060.AU6158,935.0,1888.0,1888.0,0.0,0.0,2553.0,1838.0,1838.0,71.99373286329809,71.99373286329809,1601,2201,2460.0,62.52342286071205,46.36685404955237,2569,1753,1696.0,68.2366679641884,66.03088101725703,1867,1780,2569
41.L1.6060.M6101,1126.0,3013.0,3013.0,0.0,0.0,1137.0,2813.0,2813.0,0.0,0.0,321,1300,1581.0,0.0,0.0,108,108,861.0,100.0,0.0,118,108,108
41.L1.6060.M6102,2252.0,2720.0,2720.0,79.20367081113085,79.20367081113085,714.0,2337.0,2337.0,0.0,0.0,846,1476,1727.0,25.531914893617024,0.0,1804,1088,1271.0,60.31042128603104,70.43606799704361,941,966,1804
41.L1.6060.M6103,1295.0,1616.0,1616.0,75.2123552123552,75.2123552123552,1832.0,1466.0,1466.0,80.04002911208151,80.04002911208151,1629,1576,1494.0,96.7464702271332,91.73316963372211,1336,1623,1585.0,78.5179640718563,81.33732534930141,1667,1646,1336
41.L1.6060.M6105,847.0,1723.0,1723.0,0.0,0.0,220.0,1150.0,1150.0,0.0,0.0,438,500,685.0,85.84474885844749,43.6834094368341,179,179,502.0,100.0,0.0,116,197,179
41.L1.6060.M6106,1958.0,1627.0,1627.0,83.09499489274769,83.09499489274769,1007.0,1576.0,1576.0,43.495531281032775,43.495531281032775,2519,1400,1239.0,55.577610162763,49.19941775836973,1268,1953,1828.0,45.97791798107256,55.835962145110415,1934,2057,1268
41.L1.6060.M6151,534.0,2763.0,2763.0,0.0,0.0,81.0,1374.0,1374.0,0.0,0.0,349,200,755.0,57.306590257879655,0.0,411,411,321.0,100.0,78.18329278183292,206,349,411
41.L1.6060.M6152,3086.0,3210.0,3210.0,95.98185353208036,95.98185353208036,2009.0,3345.0,3345.0,33.515845362535266,33.515845362535266,609,2800,3174.0,0.0,0.0,2252,1524,1901.0,67.67317939609237,84.42865600947306,1346,1252,2252
41.L1.6060.M6153,1084.0,698.0,698.0,64.39114391143912,64.39114391143912,539.0,631.0,631.0,82.86951144094,82.86951144094,59,698,713.0,0.0,0.0,570,408,561.0,71.57894736842105,98.3625730994152,330,299,570
41.L1.6060.M6154,731.0,105.0,105.0,14.363885088919293,14.363885088919293,148.0,285.0,285.0,7.207207207207222,7.207207207207222,1,318,334.0,0.0,0.0,71,191,293.0,0.0,0.0,125,120,71
41.L1.6060.M6155,253.0,1068.0,1068.0,0.0,0.0,111.0,768.0,768.0,0.0,0.0,54,369,517.0,0.0,0.0,75,75,139.0,100.0,14.222222222222214,38,64,75
41.L1.6060.M6156,1070.0,2170.0,2170.0,0.0,0.0,1076.0,1938.0,1938.0,19.857496902106575,19.857496902106575,102,1384,1590.0,0.0,0.0,470,588,749.0,74.8936170212766,40.567375886524815,540,467,470
41.L1.6060.M6157,315.0,1776.0,1776.0,0.0,0.0,932.0,1081.0,1081.0,83.97711015736768,83.97711015736768,711,906,991.0,72.57383966244726,60.61884669479607,807,698,653.0,86.49318463444857,80.8756712102437,749,726,807
41.L1.6060.MS663001,1605.0,5552.0,5552.0,0.0,0.0,4633.0,5907.0,5907.0,72.50881358371105,72.50881358371105,2311,3933,4319.0,29.813933362180876,13.111207269580271,4635,2866,2850.0,61.83387270765912,61.48148148148147,3053,2848,4635
41.L1.6060.MS663002,4938.0,12274.0,12274.0,0.0,0.0,7636.0,11951.0,11951.0,43.49135673127292,43.49135673127292,5194,7803,9991.0,49.76896418944936,7.643434732383514,9199,5875,5923.0,63.865637569301015,64.3838098344023,6023,5813,9199
41.L1.6060.MS663003,2811.0,4725.0,4725.0,31.910352187833514,31.910352187833514,3262.0,5609.0,5609.0,28.05027590435316,28.05027590435316,1923,3208,3383.0,33.17732709308372,24.059629051828736,2427,2502,2665.0,96.9097651421508,90.17992034061255,2480,2375,2427
41.L1.6060.MS663004,6779.0,8956.0,8956.0,67.881201750504,67.881201750504,10323.0,9941.0,9941.0,96.2995253317834,96.2995253317834,7836,9238,9068.0,82.10821847881572,84.27769270035732,6898,8371,8313.0,78.6459843432879,79.49164008891468,8601,8379,6898
41.L1.6060.MS663005,1310.0,1139.0,1139.0,86.97201017811705,86.97201017811705,3008.0,1537.0,1537.0,51.09707446808511,51.09707446808511,1906,2393,2091.0,74.44910807974816,90.2938090241343,1451,2117,2075.0,54.10062026188835,57.01814840339996,2232,2132,1451
41.L1.6060.MT663001,6758.0,2934.0,2934.0,43.410279175298406,43.410279175298406,5430.0,5186.0,5186.0,95.51258440761202,95.51258440761202,10883,5907,6135.0,54.27731324083433,56.3723238077736,9488,8422,7690.0,88.76475548060708,81.05326025857222,8562,8984,9488
41.L1.6060.MT663002,8744.0,5988.0,5988.0,68.47743214394633,68.47743214394633,12425.0,8902.0,8902.0,71.64855801475521,71.64855801475521,13081,11199,10792.0,85.61272074000459,82.49878959304844,14596,12017,11417.0,82.33077555494657,78.21777655978806,12418,12430,14596
41.L1.6060.MT663003,7238.0,2713.0,2713.0,37.48273003592153,37.48273003592153,2818.0,5126.0,5126.0,18.109770522829415,18.109770522829415,6601,6514,5382.0,98.68201787607939,81.52805130535779,7160,4719,5552.0,65.90782122905028,77.54655493482309,3054,6663,7160
41.L1.6060.MT663004,10276.0,5737.0,5737.0,55.82911638769949,55.82911638769949,5955.0,9162.0,9162.0,46.140498180800435,46.140498180800435,15062,15100,8853.0,99.7477094675342,58.77484176514849,14105,11373,10431.0,80.6309819213045,73.95249911378944,11396,12122,14105
41.L1.6060.MT663005,2074.0,1847.0,1847.0,89.07103825136612,89.07103825136612,1506.0,2539.0,2539.0,31.429836210712715,31.429836210712715,3126,1805,2124.0,57.74152271273192,67.93559394327148,4363,2430,2235.0,55.69562227824891,51.233860493544206,2454,2581,4363
41.L1.6060.S6101,77.0,604.0,604.0,0.0,0.0,332.0,220.0,220.0,66.36546184738957,66.36546184738957,113,282,291.0,0.0,0.0,24,24,174.0,100.0,0.0,12,20,24
41.L1.6060.S6102,366.0,1233.0,1233.0,0.0,0.0,497.0,863.0,863.0,26.42521797451376,26.42521797451376,785,591,676.0,75.28662420382166,86.07218683651804,324,615,549.0,10.185185185185187,30.452674897119326,642,662,324
41.L1.6060.S6103,352.0,521.0,521.0,51.98863636363637,51.98863636363637,244.0,417.0,417.0,29.234972677595618,29.234972677595618,401,304,327.0,75.81047381546135,81.46300914380716,758,344,332.0,45.38258575197889,43.84344766930519,341,354,758
41.L1.6060.S6104,536.0,1036.0,1036.0,6.716417910447758,6.716417910447758,228.0,637.0,637.0,0.0,0.0,578,775,375.0,65.91695501730104,64.9365628604383,842,465,447.0,55.225653206650826,53.12747426761678,452,481,842
41.L1.6060.S6151,254.0,2138.0,2138.0,0.0,0.0,897.0,936.0,936.0,95.61501300631735,95.61501300631735,1435,773,798.0,53.86759581881533,55.60975609756098,1487,1037,862.0,69.73772696704773,57.96906523201075,1128,1162,1487
41.L1.6060.S6152,260.0,713.0,713.0,0.0,0.0,212.0,190.0,190.0,89.77987421383648,89.77987421383648,110,187,163.0,30.000000000000004,52.121212121212125,360,171,194.0,47.5,53.888888888888886,161,154,360
41.L1.6060.S6153,0.0,1484.0,1484.0,,,0.0,703.0,703.0,,,0,0,39.0,,,882,0,0.0,0.0,0.0,0,0,882
41.L1.6060.S6154,85.0,1139.0,1139.0,0.0,0.0,302.0,208.0,208.0,68.87417218543047,68.87417218543047,0,260,268.0,,,0,0,129.0,,,0,0,0
41.L1.6060.S6155,114.0,926.0,926.0,0.0,0.0,1848.0,836.0,836.0,45.238095238095234,45.238095238095234,632,1198,1261.0,10.443037974683545,0.5274261603375408,553,735,865.0,67.08860759493672,43.6407474382158,476,1038,553
41.L1.6060.S6156,23.0,585.0,585.0,0.0,0.0,150.0,153.0,153.0,97.77777777777777,97.77777777777777,20,121,123.0,0.0,0.0,1389,60,64.0,4.3196544276457916,4.631629469642418,66,55,1389
41.L1.6060.S6157,1727.0,975.0,975.0,56.4755838641189,56.4755838641189,385.0,1005.0,1005.0,0.0,0.0,519,762,790.0,53.179190751445084,47.848426461143234,3013,720,877.0,23.89644872220379,29.107202124128772,593,616,3013
41.L1.6060.U6101,594.0,1297.0,1297.0,0.0,0.0,1270.0,958.0,958.0,75.43307086614173,75.43307086614173,1727,1150,1173.0,66.58946149392008,67.90194943061185,396,1363,1197.0,0.0,0.0,1454,1481,396
41.L1.6060.U6102,309.0,708.0,708.0,0.0,0.0,626.0,525.0,525.0,83.86581469648561,83.86581469648561,1226,550,490.0,44.86133768352365,39.9673735725938,1132,863,720.0,76.23674911660777,63.6336866902238,924,966,1132
41.L1.6060.U6103,64.0,1002.0,1002.0,0.0,0.0,288.0,725.0,725.0,0.0,0.0,288,412,532.0,56.94444444444444,15.277777777777779,456,243,213.0,53.289473684210535,46.783625730994146,266,264,456
41.L1.6060.U6104,2020.0,484.0,484.0,23.943894389438945,23.943894389438945,2206.0,1066.0,1066.0,48.337866424901776,48.337866424901776,13,1700,1737.0,0.0,0.0,1089,1072,1413.0,98.43893480257117,70.24793388429752,981,815,1089
41.L1.6060.U6105,264.0,1500.0,1500.0,0.0,0.0,528.0,632.0,632.0,80.36616161616162,80.36616161616162,272,380,337.0,60.29411764705883,75.98039215686275,25,25,355.0,100.0,0.0,82,261,25
41.L1.6060.U6151,779.0,786.0,786.0,99.10141206675225,99.10141206675225,201.0,613.0,613.0,0.0,0.0,76,300,507.0,0.0,0.0,274,254,352.0,92.7007299270073,71.53284671532847,190,186,274
41.L1.6060.U6152,826.0,588.0,588.0,71.22679580306699,71.22679580306699,236.0,510.0,510.0,0.0,0.0,279,350,366.0,74.55197132616487,68.81720430107528,53,53,447.0,100.0,0.0,34,105,53
41.L1.6060.U6153,884.0,772.0,772.0,87.33031674208145,87.33031674208145,649.0,380.0,380.0,58.60297894196199,58.60297894196199,291,500,534.0,28.1786941580756,16.49484536082474,0,0,608.0,,,0,0,0
41.L1.6060.U6154,35.0,240.0,240.0,0.0,0.0,75.0,213.0,213.0,0.0,0.0,4,100,148.0,0.0,0.0,115,32,38.0,27.826086956521735,33.04347826086956,32,26,115
41.L1.6060.U6155,573.0,3108.0,3108.0,0.0,0.0,1017.0,1113.0,1113.0,90.593248115372,90.593248115372,796,800,805.0,99.49748743718592,98.91122278056952,778,818,795.0,94.85861182519281,97.7720651242502,851,830,778
41.L1.6060.U6156,673.0,1217.0,1217.0,19.217434373452193,19.217434373452193,927.0,1122.0,1122.0,79.00035958288385,79.00035958288385,719,973,1047.0,64.67315716272601,54.427445526193786,507,772,773.0,47.73175542406312,47.53451676528599,787,769,507
41.L1.6060.U6157,596.0,1475.0,1475.0,0.0,0.0,576.0,797.0,797.0,61.68981481481482,61.68981481481482,1224,672,733.0,54.90196078431373,59.885620915032675,458,904,799.0,2.6200873362445365,25.61863173216886,934,983,458
41.L1.6060.U6158,1420.0,1196.0,1196.0,84.2018779342723,84.2018779342723,823.0,919.0,919.0,88.29485621709193,88.29485621709193,81,990,1002.0,0.0,0.0,484,571,775.0,82.02479338842976,39.94490358126722,474,424,484
41.L1.6060.UT663001,9290.0,2.0,2.0,0.021528525296021783,0.021528525296021783,10921.0,3099.0,3099.0,28.373470072948137,28.373470072948137,16976,17000,6739.0,99.85862393967955,39.69721960414703,9779,10536,12396.0,92.25892218018203,73.24198111599686,6818,14875,9779
41.L1.6060.UT663002,3167.0,120.0,120.0,3.789074834227979,3.789074834227979,3790.0,1176.0,1176.0,31.020228671943716,31.020228671943716,8977,9000,2439.0,99.74378968474991,27.169432995432775,5861,5861,5311.0,100.0,90.62162315873286,6589,6609,5861
41.L1.6060.UT663003,2954.0,8.0,8.0,0.27081922816519777,0.27081922816519777,3042.0,993.0,993.0,32.63204032434801,32.63204032434801,3879,2738,2007.0,70.5852023717453,51.73154593108189,5314,5314,3292.0,100.0,61.94329444235353,4656,4776,5314
41.L1.6060.UT663004,14513.0,3.0,3.0,0.022967913824389896,0.022967913824389896,10948.0,4841.0,4841.0,44.21812203142126,44.21812203142126,11865,13062,8490.0,89.91150442477877,71.55780306222785,10968,10576,12442.0,96.42596644784828,86.56090444930707,6843,14930,10968
41.L1.6060.UT663005,1015.0,0.0,0.0,0.0,0.0,1144.0,338.0,338.0,29.574592074592065,29.574592074592065,3965,1030,720.0,25.97730138713745,18.15048339638503,3245,3245,2041.0,100.0,62.90703646635849,3251,3321,3245
41.L1.8080.MS883001,867.0,38.0,38.0,4.382929642445211,4.382929642445211,2197.0,327.0,327.0,14.883932635411924,14.883932635411924,1334,1590,1059.0,80.8095952023988,79.4102948525737,461,1500,1466.0,0.0,0.0,1590,1512,461
41.L1.8080.MS883002,1907.0,517.0,517.0,27.110644992134247,27.110644992134247,4131.0,1153.0,1153.0,27.902848382151223,27.902848382151223,2680,3206,2530.0,80.3731343283582,94.39054726368158,3861,3861,2906.0,100.0,75.26547526547527,3534,3547,3861
41.L1.8080.MS883003,459.0,52.0,52.0,11.256354393609303,11.256354393609303,803.0,205.0,205.0,25.487754254877537,25.487754254877537,424,635,472.0,50.235849056603776,88.60062893081762,682,545,562.0,79.91202346041055,82.40469208211142,560,528,682
41.L1.8080.MS883004,3585.0,190.0,190.0,5.299860529986056,5.299860529986056,559.0,1385.0,1385.0,0.0,0.0,1551,1468,1571.0,94.64861379754996,98.68901783795401,2443,2443,1898.0,100.0,77.70500750443443,1588,2687,2443
41.L1.8080.MS883006,378.0,47.0,47.0,12.43386243386243,12.43386243386243,785.0,173.0,173.0,22.03821656050955,22.03821656050955,876,706,435.0,80.59360730593608,49.61948249619482,1380,1380,680.0,100.0,49.2512077294686,1169,1203,1380
41.L1.8080.MT883001,2042.0,220.0,220.0,10.773751224289907,10.773751224289907,2086.0,901.0,901.0,43.17673378076062,43.17673378076062,3896,1877,1596.0,48.177618069815196,40.965092402464066,3755,3755,2675.0,100.0,71.2294718153573,3630,3694,3755
41.L1.8080.MT883002,2969.0,734.0,734.0,24.733355787582802,24.733355787582802,2859.0,1724.0,1724.0,60.3008044770899,60.3008044770899,3850,2826,2677.0,73.40259740259741,69.53246753246754,5608,5608,3226.0,100.0,57.52496433666191,4806,4951,5608
41.L1.8080.MT883003,761.0,212.0,212.0,27.814279456855008,27.814279456855008,1220.0,465.0,465.0,38.14207650273224,38.14207650273224,1551,1098,872.0,70.79303675048357,56.221792392005156,811,1001,1177.0,76.57213316892725,54.82942868886149,648,1413,811
41.L1.8080.MT883004,2524.0,576.0,576.0,22.80771262546223,22.80771262546223,3711.0,1417.0,1417.0,38.18377795742387,38.18377795742387,4605,3340,2654.0,72.52985884907709,57.633007600434304,3887,3071,3613.0,79.0069462310265,92.9594374410428,1987,4336,3887
41.L1.8080.MT883006,1238.0,417.0,417.0,33.71028540656973,33.71028540656973,1460.0,830.0,830.0,56.849315068493155,56.849315068493155,2485,1373,1317.0,55.25150905432595,52.98457411133468,1447,1928,1728.0,66.75881133379406,80.6035475696844,2002,2076,1447
41.L1.8080.UT883001,3174.0,878.0,878.0,27.662255828607442,27.662255828607442,2739.0,1936.0,1936.0,70.68273092369478,70.68273092369478,3546,2857,2355.0,80.56965595036661,66.41285956006769,3733,2680,3153.0,71.7921242968122,84.46289847307796,1734,3784,3733
41.L1.8080.UT883002,533.0,664.0,664.0,75.42213883677297,75.42213883677297,2041.0,842.0,842.0,41.23795525069409,41.23795525069409,3273,1837,1218.0,56.1258783990223,37.213565536205316,3593,3593,1949.0,100.0,54.244364041191204,3342,3410,3593
41.L1.8080.UT883003,270.0,633.0,633.0,0.0,0.0,1446.0,723.0,723.0,50.0,50.0,1272,1301,901.0,97.72012578616352,70.83333333333333,1808,1808,996.0,100.0,55.088495575221245,1611,1636,1808
41.L1.8080.UT883004,2947.0,1263.0,1263.0,42.86845379481959,42.86845379481959,1285.0,2246.0,2246.0,25.23994811932556,25.23994811932556,3382,2652,1990.0,78.41513897102305,58.840922531046715,3869,2157,2538.0,55.750840010338585,65.59834582579478,1396,3046,3869
41.L1.8080.UT883006,819.0,94.0,94.0,11.436711436711434,11.436711436711434,361.0,367.0,367.0,98.43028624192058,98.43028624192058,1908,737,487.0,38.62683438155137,25.524109014675055,684,875,1029.0,72.07602339181287,49.51267056530215,566,1235,684
46.L1.4080.USC4804,24.0,1195.0,1195.0,0.0,0.0,0.0,230.0,230.0,,,6,0,160.0,0.0,0.0,0,0,10.0,,,0,1,0
46.L1.4080.USC4804D,0.0,18.0,18.0,,,0.0,8.0,8.0,,,0,0,2.0,,,0,0,0.0,,,0,0,0
46.L1.4080.USC4804V,0.0,143.0,143.0,,,0.0,14.0,14.0,,,0,0,14.0,,,0,0,0.0,,,0,0,0
46.L1.4080.USC4806,162.0,804.0,804.0,0.0,0.0,403.0,323.0,323.0,80.14888337468983,80.14888337468983,0,250,222.0,,,0,0,188.0,,,0,0,0
46.L1.4080.USC4806D,0.0,11.0,11.0,,,0.0,3.0,3.0,,,12,0,0.0,0.0,0.0,0,6,4.0,,,7,8,0
46.L1.4080.USC4806V,40.0,141.0,141.0,0.0,0.0,0.0,84.0,84.0,,,32,12,13.0,37.5,41.66666666666667,5,24,24.0,0.0,0.0,22,25,5
46.L1.4080.USC4808,311.0,1315.0,1315.0,0.0,0.0,375.0,857.0,857.0,0.0,0.0,330,336,321.0,98.18181818181819,97.17171717171718,0,0,339.0,,,0,50,0
46.L1.4080.USC4808D,0.0,8.0,8.0,,,0.0,4.0,4.0,,,0,0,0.0,,,0,0,0.0,,,0,0,0
46.L1.4080.USC4808V,0.0,44.0,44.0,,,0.0,0.0,0.0,,,4,0,0.0,0.0,0.0,0,2,1.0,,,2,2,0
46.L1.4080.USC4809,536.0,761.0,761.0,57.96019900497511,57.96019900497511,153.0,645.0,645.0,0.0,0.0,0,400,680.0,,,574,153,230.0,26.655052264808365,40.011614401858296,107,99,574
46.L1.4080.USC4809D,0.0,0.0,0.0,,,8.0,0.0,0.0,0.0,0.0,0,4,3.0,,,0,2,3.0,,,3,2,0
46.L1.4080.USC4809V,0.0,60.0,60.0,,,0.0,0.0,0.0,,,0,0,0.0,,,66,0,0.0,0.0,0.0,0,0,66
47.L1.3060.FP936601,3759.0,2256.0,2256.0,60.00709408530638,60.00709408530638,2743.0,2979.0,2979.0,91.38412929882124,91.38412929882124,148,2948,2915.0,0.0,0.0,176,176,2217.0,100.0,0.0,89,194,176
47.L1.3060.FP936601D,66.0,14.0,14.0,20.707070707070706,20.707070707070706,58.0,31.0,31.0,53.448275862068975,53.448275862068975,5,53,48.0,0.0,0.0,14,33,43.0,0.0,0.0,30,26,14
47.L1.3060.FP936601V,56.0,107.0,107.0,9.523809523809511,9.523809523809511,348.0,84.0,84.0,24.042145593869733,24.042145593869733,0,200,150.0,,,22,116,135.0,0.0,0.0,128,99,22
47.L1.3060.FP936604,32.0,575.0,575.0,0.0,0.0,291.0,374.0,374.0,71.47766323024055,71.47766323024055,269,183,154.0,68.02973977695169,57.125154894671624,0,0,197.0,,,0,40,0
47.L1.3060.FP936604D,0.0,25.0,25.0,,,0.0,8.0,8.0,,,71,0,8.0,0.0,11.737089201877938,0,36,24.0,,,39,44,0
47.L1.3060.FP936605,352.0,658.0,658.0,13.162878787878796,13.162878787878796,98.0,433.0,433.0,0.0,0.0,409,178,189.0,43.52078239608802,46.291768541157296,115,115,286.0,100.0,0.0,75,204,115
47.L1.3060.FP936606,528.0,2320.0,2320.0,0.0,0.0,543.0,1031.0,1031.0,10.19030079803559,10.19030079803559,1541,482,444.0,31.278390655418566,28.790828466363838,0,0,871.0,,,0,770,0
47.L1.3060.FP936606D,41.0,417.0,417.0,0.0,0.0,56.0,170.0,170.0,0.0,0.0,380,515,60.0,64.47368421052632,15.789473684210531,120,41,159.0,34.166666666666664,67.5,27,58,120
47.L1.3060.FP936607,118.0,1365.0,1365.0,0.0,0.0,335.0,514.0,514.0,46.56716417910448,46.56716417910448,1054,1391,206.0,68.02656546489563,19.54459203036053,0,0,502.0,,,0,527,0
47.L1.3060.FP936608,151.0,213.0,213.0,59.16114790286977,59.16114790286977,407.0,92.0,92.0,22.522522522522525,22.522522522522525,400,258,201.0,64.5,50.24999999999999,450,352,319.0,78.22222222222223,70.96296296296296,377,374,450
47.L1.3060.FP936608D,0.0,29.0,29.0,,,0.0,3.0,3.0,,,1,0,3.0,0.0,0.0,3,0,0.0,0.0,11.111111111111116,0,0,3
47.L1.3060.FP936608V,0.0,39.0,39.0,,,17.0,10.0,10.0,58.82352941176471,58.82352941176471,80,8,6.0,9.999999999999998,7.083333333333341,89,45,32.0,50.56179775280899,36.329588014981276,50,54,89
47.L1.3060.FP936610,265.0,724.0,724.0,0.0,0.0,521.0,579.0,579.0,88.8675623800384,88.8675623800384,233,521,563.0,0.0,0.0,653,326,340.0,49.923430321592654,52.0163348647269,337,313,653
47.L1.3060.FP936610D,0.0,188.0,188.0,,,0.0,188.0,188.0,,,8,0,89.0,0.0,0.0,32,4,3.0,12.5,8.333333333333337,4,5,32
47.L1.3060.FP936611,309.0,1272.0,1272.0,0.0,0.0,194.0,1348.0,1348.0,0.0,0.0,1126,511,466.0,45.38188277087034,41.41503848431024,419,214,543.0,51.07398568019092,70.4057279236277,138,302,419
47.L1.3060.FP936612,2.0,1290.0,1290.0,0.0,0.0,0.0,597.0,597.0,,,2,38,63.0,0.0,0.0,189,189,1.0,100.0,0.7054673721340388,94,161,189
47.L1.3060.FP936612D,0.0,172.0,172.0,,,1.0,42.0,42.0,0.0,0.0,6,2,2.0,33.333333333333336,38.88888888888889,0,3,2.0,,,4,4,0
47.L1.3060.FP936613,0.0,189.0,189.0,,,0.0,0.0,0.0,,,0,0,0.0,,,1,0,0.0,0.0,0.0,0,0,1
47.L1.4080.FP948601,0.0,665.0,665.0,,,0.0,374.0,374.0,,,0,0,0.0,,,0,0,0.0,,,0,0,0
47.L1.4080.FP948601D,0.0,34.0,34.0,,,104.0,8.0,8.0,7.371794871794879,7.371794871794879,0,52,35.0,,,0,31,35.0,,,36,27,0
47.L1.4080.FP948601V,0.0,133.0,133.0,,,0.0,86.0,86.0,,,0,0,0.0,,,0,0,0.0,,,0,0,0
47.L1.4080.FP948602,1035.0,294.0,294.0,28.40579710144927,28.40579710144927,89.0,451.0,451.0,0.0,0.0,181,355,375.0,3.8674033149171283,0.0,0,0,435.0,,,0,0,0
47.L1.4080.FP948602D,0.0,14.0,14.0,,,0.0,14.0,14.0,,,0,0,0.0,,,0,0,0.0,,,0,0,0
47.L1.4080.FP948602V,130.0,93.0,93.0,71.53846153846153,71.53846153846153,37.0,85.0,85.0,0.0,0.0,17,66,69.0,0.0,0.0,0,46,61.0,,,36,35,0
47.L1.4080.FP948603,165.0,646.0,646.0,0.0,0.0,12.0,678.0,678.0,0.0,0.0,100,64,74.0,64.0,74.0,0,0,92.0,,,0,15,0
47.L1.4080.FP948603D,50.0,97.0,97.0,5.3333333333333455,5.3333333333333455,0.0,111.0,111.0,,,0,62,94.0,,,0,0,17.0,,,0,0,0
47.L1.4080.FP948603V,0.0,9.0,9.0,,,231.0,5.0,5.0,2.3088023088023157,2.3088023088023157,102,116,77.0,86.27450980392157,75.49019607843137,0,0,111.0,,,0,0,0
47.L1.4080.FP948604,17.0,1153.0,1153.0,0.0,0.0,0.0,425.0,425.0,,,0,124,204.0,,,0,0,6.0,,,0,0,0
47.L1.4080.FP948604D,21.0,75.0,75.0,0.0,0.0,0.0,19.0,19.0,,,0,9,12.0,,,0,0,7.0,,,0,0,0
47.L1.4080.FP948604V,0.0,103.0,103.0,,,0.0,52.0,52.0,,,2,0,52.0,0.0,0.0,0,1,1.0,,,1,1,0
47.L1.6060.AFP96600,706.0,351.0,351.0,49.71671388101983,49.71671388101983,727.0,491.0,491.0,67.58367721228794,67.58367721228794,498,588,500.0,81.92771084337349,99.66532797858099,688,608,644.0,88.37209302325581,93.5562015503876,599,582,688
47.L1.6060.AFP96604,139.0,462.0,462.0,0.0,0.0,80.0,508.0,508.0,0.0,0.0,210,172,346.0,81.9047619047619,35.07936507936509,12,157,143.0,0.0,0.0,158,168,12
47.L1.6060.AFP96607,0.0,150.0,150.0,,,0.0,150.0,150.0,,,219,0,0.0,0.0,0.0,190,110,73.0,57.89473684210527,38.421052631578945,121,137,190
47.L1.6060.AFP966602,115.0,267.0,267.0,0.0,0.0,450.0,120.0,120.0,26.66666666666667,26.66666666666667,917,428,188.0,46.673936750272624,20.537986186841152,609,240,494.0,39.408866995073886,81.11658456486043,155,339,609
47.L1.6060.AFP966605,56.0,100.0,100.0,20.833333333333336,20.833333333333336,202.0,77.0,77.0,38.11881188118812,38.11881188118812,65,125,98.0,7.692307692307687,49.74358974358973,42,104,108.0,0.0,0.0,112,100,42
47.L1.6060.AFP96666,676.0,698.0,698.0,96.79487179487181,96.79487179487181,740.0,923.0,923.0,75.27027027027027,75.27027027027027,744,856,1170.0,84.94623655913979,42.78673835125447,706,729,720.0,96.74220963172804,98.01699716713881,736,736,706
47.L1.6060.AFPH966001,0.0,91.0,91.0,,,505.0,83.0,83.0,16.43564356435644,16.43564356435644,95,252,168.0,0.0,22.807017543859644,363,199,200.0,54.82093663911846,55.09641873278237,229,193,363
47.L1.6060.AFPU966005,0.0,0.0,0.0,,,75.0,0.0,0.0,0.0,0.0,419,52,25.0,12.410501193317424,5.9665871121718395,981,981,165.0,100.0,16.78559293238192,722,769,981
47.L1.6060.AFPU966009,630.0,298.0,298.0,47.35449735449735,47.35449735449735,1225.0,368.0,368.0,30.068027210884352,30.068027210884352,1413,824,656.0,58.31564048124558,46.40245340882283,423,1200,1089.0,0.0,0.0,1269,1277,423
47.L1.6060.FP96600,626.0,284.0,284.0,45.4206602768903,45.4206602768903,675.0,430.0,430.0,63.70370370370371,63.70370370370371,126,591,543.0,0.0,0.0,11,391,476.0,0.0,0.0,368,326,11
47.L1.6060.FP966605,20.0,56.0,56.0,0.0,0.0,173.0,7.0,7.0,3.8535645472061564,3.8535645472061564,0,92,64.0,,,19,56,64.0,0.0,0.0,63,48,19
47.L1.6060.FPU6666,114.0,395.0,395.0,0.0,0.0,4.0,191.0,191.0,0.0,0.0,4,54,70.0,0.0,0.0,143,26,41.0,18.181818181818176,28.43822843822843,15,16,143
47.L1.6060.FPU966002,640.0,317.0,317.0,49.53125000000001,49.53125000000001,752.0,504.0,504.0,67.02127659574468,67.02127659574468,254,643,464.0,0.0,17.322834645669293,0,0,549.0,,,0,0,0
47.L1.6060.FPU966003,730.0,2484.0,2484.0,0.0,0.0,355.0,1515.0,1515.0,0.0,0.0,180,587,679.0,0.0,0.0,0,0,422.0,,,0,27,0
47.L1.6060.FPU966009,91.0,288.0,288.0,0.0,0.0,90.0,122.0,122.0,64.44444444444444,64.44444444444444,50,85,81.0,30.000000000000004,38.0,70,70,77.0,100.0,90.0,68,65,70
47.L1.6060.MECO633,122.0,197.0,197.0,38.25136612021856,38.25136612021856,211.0,221.0,221.0,95.10268562401262,95.10268562401262,132,161,161.0,78.03030303030303,78.28282828282829,138,132,155.0,95.65217391304348,87.68115942028986,85,186,138
47.L1.8080.FP18600,581.0,545.0,545.0,93.74641422834193,93.74641422834193,673.0,524.0,524.0,77.9098563645369,77.9098563645369,2032,553,489.0,27.214566929133856,24.0485564304462,877,1334,1095.0,47.890535917901936,75.10452299505891,1411,1512,877
47.L1.8080.FP18666,444.0,1595.0,1595.0,0.0,0.0,567.0,1475.0,1475.0,0.0,0.0,839,720,758.0,85.81644815256257,90.30591974572903,809,524,617.0,64.77132262051917,76.22579316028018,339,740,809
47.L1.8080.FPU188005,0.0,235.0,235.0,,,0.0,152.0,152.0,,,0,0,73.0,,,265,0,0.0,0.0,0.0,0,0,265
47.L1.8080.FPU188011,1001.0,64.0,64.0,6.393606393606399,6.393606393606399,123.0,398.0,398.0,0.0,0.0,0,370,389.0,,,124,237,375.0,8.870967741935488,0.0,143,143,124
47.L1.8080.FPU188013,21.0,341.0,341.0,0.0,0.0,0.0,47.0,47.0,,,157,156,7.0,99.36305732484077,4.458598726114649,189,9,59.0,4.761904761904767,31.393298059964735,6,13,189
47.L1.8080.FPU188033,90.0,86.0,86.0,95.55555555555556,95.55555555555556,0.0,94.0,94.0,,,199,171,92.0,85.92964824120604,46.231155778894475,361,361,96.0,100.0,26.68513388734994,276,294,361
47.L1.8080.FPU188035,0.0,757.0,757.0,,,14.0,710.0,710.0,0.0,0.0,0,175,285.0,,,0,4,5.0,,,5,4,0
47.L1.8080.FPU8003,1062.0,815.0,815.0,76.77338355304457,76.77338355304457,368.0,1085.0,1085.0,0.0,0.0,1434,750,884.0,52.30125523012552,61.668991166899126,652,1040,955.0,40.49079754601227,53.57873210633948,1024,1111,652
47.L1.8080.FPU8017,539.0,605.0,605.0,87.69325912183055,87.69325912183055,375.0,487.0,487.0,70.04444444444444,70.04444444444444,497,430,469.0,86.51911468812877,94.43326626425218,717,469,470.0,65.41143654114366,65.59739655973965,459,470,717
47.L2.8080.CTN8002DB,16.0,16.0,16.0,97.91666666666666,97.91666666666666,23.0,19.0,19.0,84.05797101449275,84.05797101449275,69,23,24.0,33.333333333333336,35.26570048309178,102,102,36.0,100.0,35.29411764705882,84,88,102
