fsku,actual_t10,actual_t11,actual_t12,actual_t1,final_fc_t12,ma3_fc_t12,acc_final_t12,acc_ma3_t12,final_fc_t1,ma3_fc_t1,acc_final_t1,acc_ma3_t1,final_fc_t2,final_fc_t3
03.L1.3060.68414,0.0,0.0,0,,0,0.0,,,0,0.0,,,0,0
03.L1.3060.68416,0.0,0.0,0,,0,0.0,,,0,0.0,,,0,0
03.L1.6060.8000,45.0,0.0,53,62,39,21.0,73.6%,40.3%,36,33.0,58.1%,52.7%,34,38
05.L1.3060.KAG36900,2442.0,1555.0,4867,6514,1838,1879.0,37.8%,38.6%,3388,2955.0,52.0%,45.4%,3465,3722
05.L1.3060.KAG36900D,60.0,192.0,300,443,117,89.0,39.0%,29.8%,443,184.0,100.0%,41.5%,375,388
05.L1.3060.KAG36900V,41.0,336.0,178,411,209,174.0,82.6%,97.6%,198,185.0,48.2%,45.0%,220,205
05.L1.3060.KAG36901,3900.0,1204.0,2537,3708,2518,2945.0,99.3%,83.9%,2410,2547.0,65.0%,68.7%,2207,2334
05.L1.3060.KAG36901D,37.0,5.0,104,264,28,37.0,26.9%,35.9%,264,49.0,100.0%,18.4%,190,204
05.L1.3060.KAG36901V,362.0,222.0,278,363,275,287.0,98.9%,96.8%,278,287.0,76.6%,79.2%,267,272
05.L1.3060.KAG36902,1247.0,607.0,1439,1246,908,1001.0,63.1%,69.6%,1151,1098.0,92.4%,88.1%,1129,1198
05.L1.3060.KAG36902D,163.0,106.0,36,139,128,134.0,0.0%,0.0%,82,102.0,59.0%,73.1%,73,68
05.L1.3060.KAG36903,782.0,592.0,901,1313,709,756.0,78.7%,83.9%,784,758.0,59.7%,57.8%,781,806
05.L1.3060.KAG36904,4294.0,1426.0,2283,1720,2349,2486.0,97.1%,91.1%,2428,2668.0,58.8%,44.9%,2184,2277
05.L1.3060.KAG36904D,618.0,162.0,230,337,297,310.0,70.9%,65.1%,287,337.0,85.2%,99.9%,245,255
05.L1.3060.KAG36905,1458.0,2602.0,1905,1407,1856,1550.0,97.4%,81.4%,2025,1988.0,56.1%,58.7%,2104,2040
05.L1.3060.KAG36906,2560.0,2249.0,5112,2543,2089,1931.0,40.9%,37.8%,3743,3307.0,52.8%,70.0%,3855,4073
05.L1.3060.KAG36906D,318.0,301.0,464,221,276,257.0,59.5%,55.5%,386,361.0,25.3%,36.7%,392,405
05.L1.3060.KAG36907,1548.0,457.0,1795,2034,769,796.0,42.8%,44.3%,1344,1267.0,66.1%,62.3%,1302,1413
05.L1.3060.USG36000,23685.0,23088.0,21410,10710,21485,20316.0,99.6%,94.9%,22368,22728.0,0.0%,0.0%,22225,22105
05.L1.3060.USG36000AD,187.0,188.0,504,110,165,149.0,32.7%,29.6%,346,293.0,0.0%,0.0%,362,386
05.L1.3060.USG36000AV,813.0,995.0,1065,301,766,643.0,71.9%,60.4%,994,958.0,0.0%,0.0%,1016,1019
05.L1.3060.USG36000BD,226.0,210.0,398,42,188,171.0,47.2%,42.9%,307,278.0,0.0%,0.0%,315,329
05.L1.3060.USG36000BV,590.0,663.0,1363,936,645,645.0,47.3%,47.3%,998,872.0,93.4%,93.2%,1040,1092
05.L1.3060.USG36001,4233.0,4382.0,4331,4387,3944,3100.0,91.1%,71.6%,3668,4315.0,83.6%,98.4%,2373,5178
05.L1.3060.USG36001D,6.0,97.0,272,26,60,34.0,22.1%,12.6%,166,125.0,0.0%,0.0%,184,196
05.L1.3060.USG36001V,674.0,1067.0,542,260,847,596.0,43.7%,90.0%,726,761.0,0.0%,0.0%,739,696
05.L1.3060.USG36002,761.0,2989.0,2102,1871,2056,1364.0,97.8%,64.9%,2100,1951.0,87.8%,95.7%,2278,2189
05.L1.3060.USG36002D,92.0,100.0,140,155,90,64.0,64.3%,45.7%,155,111.0,100.0%,71.4%,145,148
05.L1.3060.USG36002V,47.0,30.0,324,335,37,42.0,11.4%,12.9%,335,134.0,100.0%,39.9%,301,314
05.L1.3060.USG36003,1190.0,8422.0,1449,3029,5492,3476.0,0.0%,0.0%,3489,3687.0,84.8%,78.3%,3864,3268
05.L1.3060.USG36003D,197.0,191.0,221,187,176,136.0,79.6%,61.4%,207,203.0,89.3%,91.4%,208,210
05.L1.3060.USG36004,1449.0,3579.0,1313,1215,2641,1872.0,0.0%,57.5%,2020,2114.0,33.7%,26.0%,2120,1929
05.L1.3060.USG36005,2166.0,2700.0,3979,3074,2524,2471.0,63.4%,62.1%,3233,2948.0,94.8%,95.9%,3350,3441
05.L1.3060.USG36005D,37.0,145.0,134,188,130,69.0,97.0%,51.2%,188,105.0,100.0%,56.0%,168,170
05.L1.3060.USG36006,1745.0,9391.0,1607,1545,6218,3911.0,0.0%,0.0%,3970,4248.0,0.0%,0.0%,4345,3685
05.L1.3060.USG36007,2611.0,1984.0,2713,976,2350,1838.0,86.6%,67.8%,2071,2436.0,0.0%,0.0%,1340,2923
05.L1.3060.USG36007D,366.0,162.0,134,114,214,248.0,40.3%,14.9%,188,221.0,35.1%,6.4%,121,265
05.L1.3060.USG36008,979.0,1870.0,3156,1427,1683,1248.0,53.3%,39.5%,1701,2002.0,80.8%,59.7%,1101,2402
05.L1.3060.USG36009,2917.0,1882.0,3218,2802,2625,1836.0,81.6%,57.1%,2271,2672.0,81.0%,95.4%,1470,3207
05.L1.3060.USG36009D,578.0,246.0,136,561,332,313.0,0.0%,0.0%,561,320.0,100.0%,57.0%,365,617
05.L1.3060.USG36010,2248.0,1623.0,3357,1904,2023,1407.0,60.3%,41.9%,2048,2409.0,92.4%,73.5%,1325,2891
05.L1.6060.686001,1159.0,551.0,501,1190,750,1215.0,50.3%,0.0%,648,737.0,54.5%,61.9%,584,587
05.L1.6060.686002,568.0,140.0,658,1835,494,658.0,75.1%,99.9%,485,455.0,26.4%,24.8%,468,511
05.L1.6060.686003,2392.0,2168.0,2522,2152,2157,2112.0,85.5%,83.8%,2390,2361.0,88.9%,90.3%,2385,2414
05.L1.6060.686004,995.0,2763.0,3415,3272,2271,2237.0,66.5%,65.5%,2735,2391.0,83.6%,73.1%,2945,2976
05.L1.6060.686005,1395.0,1647.0,1149,3941,1300,1447.0,86.9%,74.0%,1348,1397.0,34.2%,35.4%,1348,1308
05.L1.6060.686006,2556.0,858.0,1382,605,1686,1956.0,78.0%,58.5%,1460,1599.0,0.0%,0.0%,1316,1372
05.L1.6060.686007,1173.0,1608.0,1757,1422,1433,1388.0,81.6%,79.0%,1596,1513.0,87.8%,93.6%,1647,1654
05.L1.6060.IP6001,0.0,3072.0,0,,2800,3254.0,,,0,1024.0,,,0,0
05.L1.6060.IP6002,2038.0,210.0,362,241,1821,2591.0,0.0%,0.0%,241,870.0,100.0%,0.0%,166,532
05.L1.6060.IP6003,655.0,197.0,0,,320,326.0,,,0,284.0,,,0,0
05.L1.6060.IP6004,1.0,0.0,156,162,112,187.0,71.8%,80.1%,78,52.0,48.1%,32.3%,86,98
05.L1.6060.IP6005,32.0,107.0,712,279,321,476.0,45.1%,66.8%,394,284.0,58.8%,98.3%,432,477
05.L1.6060.IP6006,453.0,278.0,24,37,300,738.0,0.0%,0.0%,37,252.0,100.0%,0.0%,17,76
05.L1.6060.IP6007,712.0,1802.0,188,6,1118,843.0,0.0%,0.0%,6,901.0,100.0%,0.0%,53,116
05.L1.6060.USG66001,4572.0,4626.0,7444,4646,4741,4827.0,63.7%,64.8%,6024,5547.0,70.3%,80.6%,6170,6381
05.L1.6060.USG66002,1812.0,3185.0,2405,662,2548,2352.0,94.1%,97.8%,2520,2467.0,0.0%,0.0%,2618,2546
05.L1.6060.USG66003,675.0,2067.0,1692,3535,1750,1771.0,96.6%,95.3%,1601,1478.0,45.3%,41.8%,1722,1680
05.L1.6060.USG66004,2866.0,2995.0,4441,3657,2808,2705.0,63.2%,60.9%,3692,3434.0,99.0%,93.9%,3777,3884
05.L1.6060.USG66005,1373.0,594.0,2656,3633,1352,1727.0,50.9%,65.0%,1781,1541.0,49.0%,42.4%,1806,1968
05.L1.6060.USG66006,2286.0,1953.0,3398,3662,2031,2027.0,59.8%,59.7%,2742,2546.0,74.9%,69.5%,2781,2893
05.L1.6060.USG66007,1590.0,1369.0,6615,3873,2912,1916.0,44.0%,29.0%,1258,3191.0,32.5%,82.4%,814,1775
05.L1.6060.USG66008,5780.0,3958.0,4021,793,4055,3816.0,99.2%,94.9%,793,4586.0,100.0%,0.0%,515,2010
05.L1.8080.688001,938.0,1482.0,45,182,900,964.0,0.0%,0.0%,655,822.0,0.0%,0.0%,637,524
05.L1.8080.688002,189.0,554.0,852,214,380,324.0,44.6%,38.0%,630,532.0,0.0%,0.0%,681,700
05.L1.8080.688003,1547.0,2083.0,1899,913,1792,1688.0,94.4%,88.9%,1884,1843.0,0.0%,0.0%,1928,1909
05.L1.8080.688004,578.0,234.0,362,836,343,358.0,94.8%,98.9%,367,391.0,43.9%,46.8%,339,352
05.L1.8080.688005,638.0,886.0,270,1163,894,778.0,0.0%,0.0%,528,598.0,45.4%,51.4%,522,473
05.L1.8080.688006,44.0,335.0,725,361,241,226.0,33.2%,31.2%,472,368.0,69.3%,98.1%,520,547
05.L1.8080.688007,1131.0,182.0,1300,716,627,766.0,48.2%,58.9%,931,871.0,70.0%,78.4%,892,985
05.L1.8080.IP8001,1080.0,2754.0,196,6,2500,2367.0,0.0%,0.0%,6,1343.0,100.0%,0.0%,56,252
05.L1.8080.IP8002,388.0,0.0,0,,311,453.0,,,0,129.0,,,0,0
05.L1.8080.IP8003,0.0,0.0,200,521,0,0.0,0.0%,0.0%,521,67.0,100.0%,12.8%,373,400
05.L1.8080.IP8004,0.0,12.0,435,65,52,80.0,12.0%,18.5%,221,149.0,0.0%,0.0%,243,275
05.L1.8080.IP8005,22.0,0.0,44,57,218,190.0,0.0%,0.0%,26,22.0,45.6%,38.6%,26,30
05.L1.8080.IP8006,24.0,16.0,0,22,84,128.0,,,10,13.0,45.5%,60.6%,8,7
05.L1.8080.IP8007,0.0,0.0,556,,0,558.0,0.0%,99.6%,0,185.0,,,56,195
05.L1.8080.IP8008,5.0,0.0,0,55,189,2.0,,,0,2.0,0.0%,3.0%,0,0
05.L1.8080.USG88001,1234.0,1695.0,2252,1944,1400,1281.0,62.2%,56.9%,1881,1727.0,96.8%,88.8%,1955,1992
05.L1.8080.USG88002,1652.0,997.0,2074,961,1316,1420.0,63.5%,68.5%,1666,1574.0,26.6%,36.2%,1655,1742
05.L1.8080.USG88003,892.0,808.0,424,1541,865,890.0,0.0%,0.0%,633,708.0,41.1%,45.9%,605,577
05.L1.8080.USG88004,759.0,716.0,1332,3288,776,809.0,58.3%,60.7%,1033,936.0,31.4%,28.5%,1059,1106
05.L1.8080.USG88005,1065.0,790.0,593,1046,788,741.0,67.1%,75.1%,746,816.0,71.3%,78.0%,709,697
05.L1.8080.USG88006,1481.0,1745.0,1748,1125,1431,1266.0,81.9%,72.4%,1694,1658.0,49.4%,52.6%,1720,1718
05.L1.8080.USG88007,1471.0,1506.0,3412,841,1506,1513.0,44.1%,44.3%,2452,2130.0,0.0%,0.0%,2551,2694
05.L1.8080.USG88008,1504.0,1423.0,4392,4353,1543,1610.0,35.1%,36.7%,2924,2440.0,67.2%,56.0%,3064,3288
09.L1.1590.CA09GK15901,0.0,0.0,0,,0,0.0,,,0,0.0,,,0,0
09.L1.1590.CA09GK15902,0.0,0.0,0,,0,0.0,,,0,0.0,,,0,0
09.L1.1590.CA09GK15903,112.0,0.0,0,,72,48.0,,,0,37.0,,,0,0
09.L1.1590.CA09GK15904,0.0,0.0,0,,0,0.0,,,0,0.0,,,0,0
09.L1.1590.CA09GK15905,0.0,0.0,0,,0,0.0,,,0,0.0,,,0,0
09.L1.1590.CA10GK15901,0.0,0.0,1036,81,0,12.0,0.0%,1.2%,81,345.0,100.0%,0.0%,359,344
09.L1.1590.CA10GK15903,0.0,0.0,0,,0,13.0,,,0,0.0,,,0,0
09.L1.1590.CA10GK15904,0.0,0.0,0,,0,225.0,,,0,0.0,,,0,0
09.L1.1590.CA10GK15905,0.0,0.0,0,,0,0.0,,,0,0.0,,,0,0
09.L1.3060.CA7GM3602,0.0,0.0,30,,0,0.0,0.0%,0.0%,15,10.0,,,16,18
09.L1.3060.CA7GM3603,15.0,17.0,0,,32,11.0,,,8,11.0,,,7,6
09.L1.3060.CA8GM3603,0.0,0.0,0,,0,0.0,,,0,0.0,,,0,0
09.L1.3060.CAGM36D1,0.0,0.0,0,,0,0.0,,,0,0.0,,,0,0
09.L1.3060.CAGM36D4,0.0,0.0,0,,0,0.0,,,0,0.0,,,0,0
09.L1.6060.CA01GM6601,376.0,585.0,0,32,178,320.0,,,251,320.0,0.0%,0.0%,242,196
09.L1.6060.CA01GM6602,21.0,0.0,0,,116,7.0,,,0,7.0,,,0,0
09.L1.6060.CA03GM6601,191.0,0.0,134,,162,64.0,79.1%,48.0%,0,108.0,,,13,47
09.L1.6060.CA03GM6602,144.0,0.0,2,,41,48.0,0.0%,0.0%,30,49.0,,,16,17
09.L1.6060.CA05GM6601,152.0,13.0,0,,57,74.0,,,34,55.0,,,20,20
09.L1.6060.CA08GM6602,0.0,13.0,0,,10,4.0,,,4,4.0,,,5,4
10.L1.3060.4547,696.0,5238.0,2297,522,2832,1984.0,76.7%,86.4%,522,2744.0,100.0%,0.0%,339,1566
10.L1.3060.4548,0.0,237.0,241,,276,79.0,85.5%,32.8%,0,159.0,,,24,84
10.L1.3060.4549,156.0,648.0,884,,405,269.0,45.8%,30.4%,0,563.0,,,61,202
10.L1.3060.4551,5239.0,7358.0,846,,5571,4732.0,0.0%,0.0%,0,4481.0,,,0,127
10.L1.3060.4552,16.0,330.0,37,,50,130.0,64.9%,0.0%,0,128.0,,,7,25
10.L1.3060.4553,482.0,839.0,744,,494,657.0,66.4%,88.4%,0,688.0,,,74,247
10.L1.3060.4554,30.0,5824.0,996,,3046,2159.0,0.0%,0.0%,0,2283.0,,,0,0
10.L1.3060.4555,23.0,673.0,362,,23,232.0,6.4%,64.1%,0,353.0,,,36,127
10.L1.3060.4556,18.0,399.0,37,8,216,158.0,0.0%,0.0%,142,151.0,0.0%,0.0%,162,131
10.L1.3060.4557,120.0,2840.0,326,,1811,1579.0,0.0%,0.0%,0,1095.0,,,0,49
10.L1.3060.4558,125.0,118.0,35,,122,81.0,0.0%,0.0%,78,93.0,,,73,67
10.L1.3060.4559,330.0,226.0,32,,226,240.0,0.0%,0.0%,0,196.0,,,3,11
10.L1.3060.4561,0.0,5011.0,3632,135,2614,1851.0,72.0%,51.0%,135,2881.0,100.0%,0.0%,88,135
10.L1.3060.4562,0.0,193.0,646,,158,78.0,24.5%,12.0%,0,280.0,,,65,226
10.L1.3060.4563,122.0,743.0,271,,250,354.0,92.3%,69.5%,0,379.0,,,0,0
10.L1.3060.4564,1572.0,8550.0,461,,1572,3975.0,0.0%,0.0%,0,3528.0,,,0,69
10.L1.3060.4565,308.0,1228.0,0,,327,627.0,,,0,512.0,,,0,0
10.L1.3060.4566,42.0,1399.0,0,,123,592.0,,,0,480.0,,,0,0
10.L1.3060.4567,2.0,5306.0,295,162,722,2080.0,0.0%,0.0%,162,1868.0,100.0%,0.0%,126,571
10.L1.3060.4568,2.0,869.0,0,15,60,302.0,,,261,290.0,0.0%,0.0%,304,230
10.L1.3060.4569,0.0,103.0,0,,72,34.0,,,31,34.0,,,36,27
10.L1.3060.4571,0.0,292.0,1362,,159,119.0,11.7%,8.7%,0,551.0,,,136,477
10.L1.3060.4572,0.0,15.0,392,11,30,5.0,7.7%,1.3%,200,136.0,0.0%,0.0%,221,249
10.L1.3060.4573,240.0,1559.0,324,39,720,706.0,0.0%,0.0%,39,708.0,100.0%,0.0%,25,39
10.L1.3060.4604,0.0,64.0,83,,32,21.0,38.6%,25.7%,61,49.0,,,68,69
10.L1.3060.4605,0.0,242.0,59,,141,81.0,0.0%,63.3%,0,100.0,,,6,21
10.L1.3060.4606,0.0,3621.0,110,48,104,1208.0,94.5%,0.0%,48,1244.0,100.0%,0.0%,43,198
10.L1.3060.4607,256.0,2030.0,1724,,1092,762.0,63.3%,44.2%,0,1337.0,,,0,0
10.L1.3060.4608,0.0,5.0,0,4,0,2.0,,,4,2.0,100.0%,41.7%,5,3
10.L1.3060.4609,0.0,3841.0,493,14,1920,1280.0,0.0%,0.0%,14,1445.0,100.0%,0.0%,9,14
10.L1.3060.4611,24.0,986.0,286,,350,337.0,77.6%,82.3%,0,432.0,,,29,100
10.L1.3060.4612,0.0,305.0,335,,34,105.0,10.1%,31.3%,0,213.0,,,34,117
10.L1.3060.4613,14.0,854.0,1252,,300,315.0,24.0%,25.1%,0,707.0,,,13,43
10.L1.3060.4614,556.0,10.0,3531,3,180,189.0,5.1%,5.3%,1880,1366.0,0.0%,0.0%,2001,2271
10.L1.3060.4615,136.0,10.0,158,16,13,49.0,8.2%,30.8%,109,101.0,0.0%,0.0%,104,116
10.L1.3060.4616,365.0,20.0,2476,38,130,128.0,5.3%,5.2%,1317,954.0,0.0%,0.0%,1405,1593
10.L1.3060.4617,0.0,1775.0,2798,3771,550,592.0,19.7%,21.1%,3771,1524.0,100.0%,40.4%,3280,3379
10.L1.3060.4618,0.0,113.0,28,183,73,38.0,0.0%,65.5%,183,47.0,100.0%,25.7%,119,201
10.L1.3060.4619,0.0,762.0,146,365,200,254.0,63.0%,26.0%,302,303.0,82.7%,82.9%,347,293
10.L1.3060.4621,0.0,6341.0,1417,,1500,2369.0,94.1%,32.8%,0,2586.0,,,0,0
10.L1.3060.4622,0.0,428.0,70,,346,143.0,0.0%,0.0%,0,166.0,,,7,24
10.L1.3060.4623,0.0,82.0,37,43,32,27.0,86.5%,73.9%,43,40.0,100.0%,92.2%,49,45
10.L1.3060.4624,528.0,1774.0,9,6,600,767.0,0.0%,0.0%,642,770.0,0.0%,0.0%,678,533
10.L1.3060.4625,10.0,507.0,280,,38,172.0,13.6%,61.5%,0,266.0,,,28,98
10.L1.3060.4626,136.0,403.0,0,,122,180.0,,,0,180.0,,,0,0
10.L1.3060.4631,0.0,1076.0,1491,81,500,359.0,33.5%,24.1%,81,856.0,100.0%,0.0%,53,85
10.L1.3060.4632,0.0,285.0,782,,169,139.0,21.6%,17.8%,0,356.0,,,78,274
10.L1.3060.4633,0.0,670.0,488,,450,300.0,92.2%,61.4%,0,386.0,,,0,0
10.L1.3060.5027,0.0,0.0,0,,0,0.0,,,0,0.0,,,0,0
10.L1.3060.5028,0.0,0.0,0,,0,0.0,,,0,0.0,,,0,0
10.L1.3060.5029,0.0,664.0,0,,664,221.0,,,0,221.0,,,0,0
10.L1.3060.5067,0.0,0.0,0,,0,1.0,,,0,0.0,,,0,0
10.L1.3060.5068,0.0,0.0,0,189,0,156.0,,,0,0.0,0.0%,0.0%,0,0
10.L1.3060.5069,0.0,0.0,0,,0,15.0,,,0,0.0,,,0,0
10.L1.3060.5761,192.0,0.0,96,,130,64.0,64.6%,66.7%,86,96.0,,,72,81
10.L1.3060.5762,1310.0,448.0,112,392,879,586.0,0.0%,0.0%,452,623.0,84.7%,41.0%,349,332
10.L1.3060.5763,587.0,0.0,156,,176,196.0,87.2%,74.6%,0,248.0,,,16,55
10.L1.3060.5791,27.0,83.0,3124,638,112,37.0,3.6%,1.2%,1592,1078.0,0.0%,31.0%,1750,1977
10.L1.3060.5792,0.0,0.0,145,,0,0.0,0.0%,0.0%,72,48.0,,,80,91
10.L1.3060.5793,0.0,0.0,2246,,0,0.0,0.0%,0.0%,0,749.0,,,225,786
10.L1.3060.68001,174.0,5748.0,256,417,1200,2007.0,0.0%,0.0%,1887,2059.0,0.0%,0.0%,2170,1702
10.L1.3060.68002,0.0,658.0,216,133,58,219.0,26.9%,98.5%,305,291.0,0.0%,0.0%,349,309
10.L1.3060.68003,26.0,357.0,40,100,112,135.0,0.0%,0.0%,132,141.0,68.0%,59.0%,149,122
10.L1.3060.68004,0.0,36.0,133,,18,12.0,13.5%,9.0%,77,56.0,,,86,93
10.L1.3060.68005,0.0,0.0,398,311,0,0.0,0.0%,0.0%,199,133.0,64.0%,42.7%,219,249
10.L1.3060.68006,0.0,12.0,31,360,6,4.0,19.4%,12.9%,360,14.0,100.0%,4.0%,226,247
10.L1.3060.68007,0.0,1635.0,2445,,900,562.0,36.8%,23.0%,0,1360.0,,,0,0
10.L1.3060.68008,0.0,341.0,499,,134,117.0,26.9%,23.5%,0,280.0,,,50,175
10.L1.3060.68009,0.0,91.0,132,,198,30.0,50.0%,23.0%,93,74.0,,,104,106
10.L1.3060.68011,0.0,1328.0,581,104,400,443.0,68.8%,76.2%,104,636.0,100.0%,0.0%,68,139
10.L1.3060.68012,166.0,208.0,200,20,208,167.0,96.0%,83.3%,196,191.0,0.0%,0.0%,200,199
10.L1.3060.68013,94.0,13.0,0,50,30,36.0,,,23,36.0,46.0%,71.3%,14,14
10.L1.3060.68014,0.0,1463.0,928,,732,488.0,78.9%,52.6%,0,797.0,,,93,325
10.L1.3060.68015,0.0,228.0,222,,228,76.0,97.3%,34.2%,0,150.0,,,22,78
10.L1.3060.68016,0.0,367.0,171,,184,122.0,92.4%,71.5%,0,179.0,,,17,60
10.L1.3060.68017,14.0,1367.0,604,25,694,471.0,85.1%,78.0%,715,662.0,0.0%,0.0%,812,741
10.L1.3060.68018,7.0,421.0,155,,20,143.0,12.9%,92.0%,0,194.0,,,16,54
10.L1.3060.68019,106.0,798.0,491,35,450,333.0,91.6%,67.9%,506,465.0,0.0%,0.0%,560,530
10.L1.3060.7801,0.0,0.0,77,80,0,0.0,0.0%,0.0%,38,26.0,47.5%,32.1%,42,48
10.L1.3060.7805,0.0,856.0,0,,514,285.0,,,0,285.0,,,0,0
10.L1.3060.7806,0.0,272.0,4181,176,190,91.0,4.5%,2.2%,176,1484.0,100.0%,0.0%,1387,1303
10.L1.3060.7821,0.0,895.0,241,49,250,298.0,96.3%,76.2%,389,379.0,0.0%,0.0%,446,388
10.L1.3060.7822,0.0,592.0,0,288,342,197.0,,,178,197.0,61.8%,68.5%,207,157
10.L1.3060.7823,0.0,931.0,138,,50,310.0,36.2%,0.0%,0,356.0,,,14,48
10.L1.3060.7831,0.0,56.0,51,,36,24.0,70.6%,47.1%,42,36.0,,,48,47
10.L1.3060.7832,0.0,207.0,315,,190,69.0,60.3%,21.9%,0,174.0,,,32,110
10.L1.3060.7833,0.0,76.0,361,,600,25.0,33.8%,7.0%,0,146.0,,,0,51
10.L1.3060.7837,0.0,879.0,454,,200,293.0,44.1%,64.5%,0,444.0,,,45,159
10.L1.3060.7838,0.0,836.0,482,700,448,279.0,92.9%,57.8%,700,439.0,100.0%,62.8%,648,647
10.L1.3060.7839,0.0,1218.0,3807,,1218,406.0,32.0%,10.7%,0,1675.0,,,0,20
10.L1.4080.9951,0.0,142.0,0,,40,47.0,,,43,47.0,,,50,38
10.L1.4080.9952,0.0,82.0,0,20,49,27.0,,,25,27.0,75.0%,63.3%,29,22
10.L1.4080.9953,7.0,86.0,328,124,86,31.0,26.2%,9.5%,191,140.0,46.0%,86.8%,211,228
10.L1.4080.9954,0.0,0.0,0,,0,0.0,,,0,0.0,,,0,0
10.L1.4080.9955,0.0,0.0,0,,0,0.0,,,0,0.0,,,0,0
10.L1.4080.9956,0.0,0.0,28,111,0,0.0,0.0%,0.0%,14,9.0,12.6%,8.4%,15,17
10.L1.4080.9957,111.0,68.0,116,,69,62.0,59.5%,53.7%,0,98.0,,,15,50
10.L1.4080.9958,0.0,0.0,0,5,0,0.0,,,0,0.0,0.0%,0.0%,0,0
10.L1.4080.9959,10.0,0.0,52,67,7,10.0,13.5%,18.6%,28,21.0,41.8%,30.8%,30,34
10.L1.4080.9962,0.0,10.0,0,,12,3.0,,,3,3.0,,,4,3
10.L1.4080.9963,25.0,107.0,3,,52,44.0,0.0%,0.0%,39,45.0,,,42,33
10.L1.4080.9964,0.0,30.0,0,,76,10.0,,,9,10.0,,,10,8
10.L1.4080.9965,0.0,327.0,0,,327,109.0,,,98,109.0,,,114,86
10.L1.4080.9966,0.0,249.0,0,,185,83.0,,,75,83.0,,,87,66
10.L1.4080.9967,0.0,0.0,0,,0,144.0,,,0,0.0,,,0,0
10.L1.4080.9968,0.0,0.0,0,,0,24.0,,,0,0.0,,,0,0
10.L1.4080.9969,0.0,0.0,0,,0,11.0,,,0,0.0,,,0,0
10.L1.5050.5315,0.0,0.0,0,,0,3.0,,,0,0.0,,,0,0
10.L1.5050.5316,0.0,0.0,0,,0,0.0,,,0,0.0,,,0,0
10.L1.5050.5317,20.0,56.0,0,,206,25.0,,,21,25.0,,,22,17
10.L1.5050.5318,0.0,0.0,102,,0,0.0,0.0%,0.0%,51,34.0,,,56,64
10.L1.5050.5319,0.0,548.0,0,176,518,355.0,,,164,183.0,93.2%,96.2%,192,145
10.L1.5050.5321,0.0,0.0,0,,0,3.0,,,0,0.0,,,0,0
10.L1.5050.A5315,200.0,12.0,46,,66,71.0,56.5%,46.4%,67,86.0,,,50,54
10.L1.5050.A5316,0.0,0.0,0,680,40,156.0,,,0,0.0,0.0%,0.0%,0,0
10.L1.5050.A5317,238.0,669.0,0,862,20,302.0,,,248,302.0,28.8%,35.1%,258,203
10.L1.5050.A5318,28.0,0.0,0,595,190,9.0,,,0,9.0,0.0%,1.6%,0,0
10.L1.5050.A5319,86.0,138.0,0,1497,220,307.0,,,1497,75.0,100.0%,5.0%,973,1647
10.L1.5050.A5321,42.0,12.0,0,,15,18.0,,,12,18.0,,,8,8
10.L1.5050.A5322,0.0,0.0,0,132,0,16.0,,,132,0.0,100.0%,0.0%,77,102
10.L1.6060.5165,371.0,0.0,50,,150,124.0,0.0%,0.0%,99,140.0,,,64,72
10.L1.6060.5167,0.0,0.0,0,,0,12.0,,,0,0.0,,,0,0
10.L1.6060.5168,58.0,67.0,21,,39,42.0,14.3%,1.6%,42,49.0,,,41,37
10.L1.6060.5169,137.0,0.0,0,14,40,46.0,,,0,46.0,0.0%,0.0%,0,0
10.L1.6060.5189,0.0,92.0,0,55,40,35.0,,,28,31.0,50.9%,55.8%,32,24
10.L1.6060.5191,48.0,0.0,63,,15,16.0,23.8%,25.4%,41,37.0,,,39,44
10.L1.6060.5192,212.0,164.0,76,400,413,323.0,0.0%,0.0%,130,151.0,32.5%,37.7%,121,115
10.L1.6060.5193,144.0,0.0,0,59,76,48.0,,,0,48.0,0.0%,81.4%,0,0
10.L1.6060.5194,7.0,354.0,0,,65,120.0,,,0,120.0,,,0,0
10.L1.6060.5195,0.0,87.0,223,,87,49.0,39.0%,22.0%,0,103.0,,,22,78
10.L1.6060.5196,201.0,0.0,6,,101,101.0,0.0%,0.0%,43,69.0,,,23,26
10.L1.6060.5613,0.0,65.0,0,,65,22.0,,,20,22.0,,,23,18
10.L1.6060.5618,0.0,0.0,0,,0,0.0,,,0,0.0,,,0,0
10.L1.6060.5680,0.0,0.0,36,,0,0.0,0.0%,0.0%,18,12.0,,,20,23
10.L1.6060.5685,0.0,0.0,0,29,0,0.0,,,0,0.0,0.0%,0.0%,0,0
10.L1.6060.5686,0.0,0.0,0,,0,0.0,,,0,0.0,,,0,0
10.L1.6060.5687,0.0,0.0,68,,0,0.0,0.0%,0.0%,34,23.0,,,37,42
10.L1.6060.5688,0.0,0.0,0,,0,0.0,,,0,0.0,,,0,0
10.L1.6060.5689,0.0,0.0,0,,0,0.0,,,0,0.0,,,0,0
10.L1.6060.5690,0.0,0.0,0,,0,0.0,,,0,0.0,,,0,0
10.L1.6060.5711,0.0,0.0,0,,0,0.0,,,0,0.0,,,0,0
10.L1.6060.5712,0.0,0.0,8,,0,0.0,0.0%,0.0%,4,3.0,,,4,5
10.L1.6060.5713,8.0,0.0,0,,10,12.0,,,0,3.0,,,0,0
10.L1.6060.5714,113.0,125.0,0,,84,79.0,,,60,79.0,,,55,46
10.L1.6060.5715,594.0,0.0,0,,100,198.0,,,0,198.0,,,0,0
10.L1.6060.5716,4.0,0.0,0,,1,1.0,,,0,1.0,,,0,0
10.L1.6060.5717,80.0,295.0,20,,130,128.0,0.0%,0.0%,0,132.0,,,31,103
10.L1.6060.5718,0.0,0.0,4,309,0,7.0,0.0%,33.3%,2,1.0,0.6%,0.4%,2,2
10.L1.6060.5719,8.0,0.0,12,,8,3.0,66.7%,22.2%,8,7.0,,,8,9
10.L1.6060.5721,0.0,62.0,31,7,25,21.0,80.6%,66.7%,34,31.0,0.0%,0.0%,39,36
10.L1.6060.5722,0.0,24.0,113,18,60,85.0,53.1%,75.5%,64,46.0,0.0%,0.0%,71,77
10.L1.6060.5723,0.0,0.0,0,,0,0.0,,,0,0.0,,,0,0
10.L1.6060.5724,40.0,452.0,160,12,170,164.0,93.8%,97.5%,224,217.0,0.0%,0.0%,250,224
10.L1.6060.5725,132.0,0.0,244,,240,205.0,98.4%,83.9%,0,125.0,,,0,58
10.L1.6060.5726,7.0,0.0,0,,50,67.0,,,0,2.0,,,0,0
10.L1.6060.6103,0.0,0.0,88,,64,107.0,72.7%,78.0%,44,29.0,,,48,55
10.L1.6060.6157,144.0,672.0,0,380,450,363.0,,,230,272.0,60.5%,71.6%,249,194
10.L1.6060.6158,140.0,0.0,0,17,50,47.0,,,0,47.0,0.0%,0.0%,0,0
10.L1.6060.6159,92.0,21.0,288,,42,44.0,14.6%,15.4%,0,134.0,,,29,101
10.L1.6060.6161,99.0,0.0,0,,30,52.0,,,0,33.0,,,0,0
10.L1.6060.6162,52.0,48.0,0,425,48,47.0,,,425,33.0,100.0%,7.8%,361,655
10.L1.6060.6163,12.0,0.0,0,190,20,96.0,,,0,4.0,0.0%,2.1%,0,0
10.L1.6060.74002,258.0,72.0,270,,129,135.0,47.8%,50.1%,0,200.0,,,53,176
10.L1.6060.74003,75.0,147.0,523,228,130,125.0,24.9%,23.9%,321,248.0,59.2%,91.1%,347,374
10.L1.6060.74005,16.0,0.0,64,,5,5.0,7.8%,8.3%,35,27.0,,,37,42
10.L1.6060.74006,31.0,31.0,0,,25,25.0,,,16,21.0,,,14,12
10.L1.6060.74007,181.0,77.0,554,371,96,91.0,17.3%,16.5%,336,271.0,90.6%,73.0%,350,387
10.L1.6060.74008,313.0,455.0,1136,20,403,392.0,35.5%,34.5%,20,635.0,100.0%,0.0%,13,21
10.L1.6060.75604,72.0,334.0,95,30,170,149.0,21.1%,42.8%,162,167.0,0.0%,0.0%,176,156
10.L1.6060.75605,143.0,0.0,20,,20,48.0,100.0%,0.0%,39,54.0,,,26,29
10.L1.6060.75606,0.0,13.0,96,,10,4.0,10.4%,4.5%,52,36.0,,,57,63
10.L1.8080.5874,0.0,276.0,37,,166,138.0,0.0%,0.0%,0,104.0,,,4,13
10.L1.8080.5876,509.0,159.0,166,46,216,223.0,69.9%,65.5%,232,278.0,0.0%,0.0%,198,202
10.L1.8080.5877,0.0,69.0,108,,38,23.0,35.2%,21.3%,75,59.0,,,84,86
10.L1.8080.5878,0.0,0.0,0,,0,0.0,,,0,0.0,,,0,0
10.L1.8080.5879,680.0,0.0,156,18,215,245.0,62.2%,43.2%,214,279.0,0.0%,0.0%,154,172
10.L1.8080.5880,0.0,60.0,0,30,60,30.0,,,18,20.0,60.0%,66.7%,21,16
10.L1.8080.5887,0.0,14.0,0,6,50,176.0,,,4,5.0,66.7%,77.8%,5,4
10.L1.8080.5889,12.0,259.0,25,,259,90.0,0.0%,0.0%,93,99.0,,,106,86
10.L1.8080.5891,215.0,0.0,0,258,215,116.0,,,0,72.0,0.0%,27.8%,0,0
10.L1.8080.5893,0.0,0.0,0,,0,28.0,,,0,0.0,,,0,0
10.L1.8080.5894,5.0,0.0,0,,24,2.0,,,0,2.0,,,0,0
10.L1.8080.5895,0.0,0.0,0,419,0,0.0,,,419,0.0,100.0%,0.0%,272,461
10.L1.8080.5896,4.0,5.0,3,128,80,107.0,0.0%,0.0%,4,4.0,3.1%,3.1%,4,4
10.L1.8080.5897,0.0,0.0,0,,0,0.0,,,0,0.0,,,0,0
10.L1.8080.5898,0.0,0.0,0,,0,0.0,,,0,0.0,,,0,0
10.L1.8080.5899,0.0,0.0,0,177,0,0.0,,,177,0.0,100.0%,0.0%,59,0
10.L1.8080.75004,0.0,0.0,19,,0,0.0,0.0%,0.0%,10,6.0,,,11,12
10.L1.8080.75005,4.0,93.0,58,37,48,32.0,82.8%,55.7%,58,52.0,43.2%,60.4%,65,62
10.L1.8080.75006,0.0,0.0,202,,0,80.0,0.0%,39.8%,0,67.0,,,20,71
10.L1.8080.9454,9.0,0.0,6,,33,3.0,0.0%,50.0%,5,5.0,,,4,5
10.L1.8080.9455,0.0,0.0,0,,0,0.0,,,0,0.0,,,0,0
12.L1.2040.2401,0.0,0.0,0,,0,0.0,,,0,0.0,,,0,0
12.L1.2040.2402,0.0,0.0,5,,0,0.0,0.0%,0.0%,2,2.0,,,2,3
12.L1.2040.2403,0.0,0.0,0,36,0,0.0,,,0,0.0,0.0%,0.0%,0,0
12.L1.2040.2404,0.0,0.0,0,,0,0.0,,,0,0.0,,,0,0
12.L1.2040.2405,0.0,0.0,0,,0,0.0,,,0,0.0,,,0,0
12.L1.2040.U2421,0.0,0.0,528,354,0,0.0,0.0%,0.0%,264,176.0,74.6%,49.7%,290,330
12.L1.2040.U2422,0.0,0.0,12,,0,0.0,0.0%,0.0%,6,4.0,,,7,8
12.L1.2040.U2423,0.0,0.0,0,,0,0.0,,,0,0.0,,,0,0
12.L1.2040.U2424,0.0,0.0,0,,0,0.0,,,0,0.0,,,0,0
12.L1.2040.U2425,0.0,0.0,48,9,0,0.0,0.0%,0.0%,24,16.0,0.0%,22.2%,26,30
12.L1.2040.U2426,0.0,0.0,0,24,0,0.0,,,0,0.0,0.0%,0.0%,0,0
12.L1.2040.U2427,0.0,0.0,135,,0,0.0,0.0%,0.0%,68,45.0,,,74,84
12.L1.2040.U2428,0.0,0.0,0,72,0,0.0,,,0,0.0,0.0%,0.0%,0,0
12.L1.2040.U2429,0.0,0.0,120,248,0,0.0,0.0%,0.0%,60,40.0,24.2%,16.1%,66,75
12.L1.2040.U2430,0.0,0.0,140,75,0,0.0,0.0%,0.0%,70,47.0,93.3%,62.2%,77,88
12.L1.2040.U2431,0.0,0.0,598,,0,0.0,0.0%,0.0%,0,199.0,,,0,0
12.L1.2040.U2432,0.0,0.0,84,137,0,0.0,0.0%,0.0%,42,28.0,30.7%,20.4%,46,52
12.L1.2040.U2433,0.0,0.0,302,48,0,0.0,0.0%,0.0%,151,101.0,0.0%,0.0%,166,189
12.L1.2040.U2434,0.0,0.0,0,1698,0,0.0,,,0,0.0,0.0%,0.0%,0,0
12.L1.2040.U2435,0.0,0.0,172,908,0,0.0,0.0%,0.0%,86,57.0,9.5%,6.3%,95,108
12.L1.2550.2501,0.0,0.0,264,64,0,0.0,0.0%,0.0%,132,88.0,0.0%,62.5%,145,165
12.L1.2550.2502,0.0,0.0,0,,0,0.0,,,0,0.0,,,0,0
12.L1.2550.2503,0.0,0.0,8,,0,0.0,0.0%,0.0%,4,3.0,,,4,5
12.L1.2550.2504,0.0,0.0,88,2,0,0.0,0.0%,0.0%,44,29.0,0.0%,0.0%,48,55
12.L1.2550.2505,0.0,0.0,120,388,0,0.0,0.0%,0.0%,60,40.0,15.5%,10.3%,66,75
12.L1.2550.A2518,0.0,0.0,304,,0,0.0,0.0%,0.0%,0,101.0,,,0,0
12.L1.2550.A2519,0.0,0.0,0,40,0,0.0,,,0,0.0,0.0%,0.0%,0,0
12.L1.2550.A2520,0.0,0.0,6,98,0,0.0,0.0%,0.0%,3,2.0,3.1%,2.0%,3,4
12.L1.2550.A2521,0.0,0.0,100,45,0,0.0,0.0%,0.0%,50,33.0,88.9%,74.1%,55,62
12.L1.2550.A2528,0.0,0.0,12,,0,0.0,0.0%,0.0%,6,4.0,,,7,8
12.L1.2550.A2530,0.0,0.0,0,167,0,0.0,,,0,0.0,0.0%,0.0%,0,0
12.L1.2550.A2532,0.0,0.0,216,36,0,0.0,0.0%,0.0%,108,72.0,0.0%,0.0%,119,135
12.L1.2550.A2534,0.0,0.0,74,,0,0.0,0.0%,0.0%,37,25.0,,,41,46
12.L1.2550.A2535,0.0,0.0,125,248,0,0.0,0.0%,0.0%,62,42.0,25.0%,16.8%,68,78
12.L1.2550.A2536,0.0,0.0,0,,0,0.0,,,0,0.0,,,0,0
12.L1.2550.A2537,0.0,0.0,0,,0,0.0,,,0,0.0,,,0,0
12.L1.2550.A2538,0.0,0.0,0,296,0,0.0,,,0,0.0,0.0%,0.0%,0,0
12.L1.2550.A2539,0.0,0.0,0,,0,0.0,,,0,0.0,,,0,0
12.L1.2550.U2518,0.0,0.0,36,12,0,0.0,0.0%,0.0%,18,12.0,50.0%,100.0%,20,23
12.L1.2550.U2519,0.0,0.0,0,,0,0.0,,,0,0.0,,,0,0
12.L1.2550.U2520,0.0,0.0,0,,0,0.0,,,0,0.0,,,0,0
12.L1.2550.U2526,0.0,0.0,112,48,0,0.0,0.0%,0.0%,56,37.0,83.3%,77.8%,62,70
12.L1.2550.U2527,0.0,0.0,168,427,0,0.0,0.0%,0.0%,84,56.0,19.7%,13.1%,92,105
12.L1.2550.U2528,0.0,0.0,16,,0,0.0,0.0%,0.0%,8,5.0,,,9,10
12.L1.2550.U2530,0.0,0.0,0,,0,0.0,,,0,0.0,,,0,0
12.L1.2550.U2531,0.0,0.0,0,,0,0.0,,,0,0.0,,,0,0
12.L1.2550.U2532,0.0,0.0,0,,0,0.0,,,0,0.0,,,0,0
12.L1.2550.U2533,0.0,0.0,0,,0,0.0,,,0,0.0,,,0,0
12.L1.2550.U2534,0.0,0.0,10,48,0,0.0,0.0%,0.0%,5,3.0,10.4%,6.9%,6,6
12.L1.2550.U2535,0.0,0.0,120,,0,0.0,0.0%,0.0%,60,40.0,,,66,75
12.L1.2550.U2536,0.0,0.0,0,,0,0.0,,,0,0.0,,,0,0
12.L1.2550.U2537,0.0,0.0,0,34,0,0.0,,,0,0.0,0.0%,0.0%,0,0
12.L1.2550.U2538,0.0,0.0,0,,0,0.0,,,0,0.0,,,0,0
12.L1.2550.U2539,0.0,0.0,0,192,0,0.0,,,0,0.0,0.0%,0.0%,0,0
12.L1.3030.3002,0.0,0.0,0,,0,0.0,,,0,0.0,,,0,0
12.L1.3030.3005,0.0,0.0,0,,0,0.0,,,0,0.0,,,0,0
12.L1.3030.3018,0.0,0.0,0,,0,0.0,,,0,0.0,,,0,0
12.L1.3030.3019,0.0,0.0,0,,0,0.0,,,0,0.0,,,0,0
12.L1.3030.3020,0.0,0.0,0,,0,18.0,,,0,0.0,,,0,0
12.L1.3030.3021,18.0,0.0,0,,24,35.0,,,0,6.0,,,0,0
12.L1.3030.3022,0.0,0.0,0,,0,0.0,,,0,0.0,,,0,0
12.L1.3030.3023,0.0,0.0,0,,0,0.0,,,0,0.0,,,0,0
12.L1.3030.3024,177.0,464.0,251,,170,239.0,67.7%,95.4%,0,297.0,,,26,85
12.L1.3030.3026,0.0,0.0,0,,0,0.0,,,0,0.0,,,0,0
14.L1.3030.33316,105.0,0.0,0,165,92,66.0,,,0,35.0,0.0%,21.2%,0,0
14.L1.3030.33318,326.0,300.0,0,90,313,220.0,,,155,209.0,27.8%,0.0%,138,116
14.L1.3030.33320,3668.0,220.0,0,,134,1307.0,,,0,1296.0,,,0,0
14.L1.3030.33408,0.0,0.0,0,,0,0.0,,,0,0.0,,,0,0
14.L1.3030.33411,110.0,721.0,99,,154,315.0,44.4%,0.0%,0,310.0,,,23,77
14.L1.3030.33418,187.0,799.0,0,5,142,336.0,,,277,329.0,0.0%,0.0%,298,232
14.L1.3060.A36320,2425.0,826.0,1975,3879,1800,3638.0,91.1%,15.8%,1720,1742.0,44.3%,44.9%,1618,1720
14.L1.3060.A36320D,89.0,34.0,215,143,132,187.0,61.4%,87.1%,136,113.0,95.1%,78.8%,139,153
14.L1.3060.A36420,525.0,947.0,1718,2078,1271,1557.0,74.0%,90.6%,1248,1063.0,60.1%,51.2%,1329,1382
14.L1.3060.A36800,612.0,145.0,232,4,310,343.0,66.4%,52.3%,4,330.0,100.0%,0.0%,65,78
14.L1.3060.A36800D,424.0,202.0,0,,281,209.0,,,0,209.0,,,0,0
14.L1.3060.A36800V,416.0,314.0,0,,282,243.0,,,0,243.0,,,0,0
14.L1.3060.A36801,0.0,256.0,2133,24,540,85.0,25.3%,4.0%,1143,796.0,0.0%,0.0%,1263,1401
14.L1.3060.A36801D,0.0,0.0,0,,0,0.0,,,0,0.0,,,0,0
14.L1.3060.A36801V,0.0,0.0,0,,0,0.0,,,0,0.0,,,0,0
14.L1.3060.A36810,0.0,0.0,124,,0,0.0,0.0%,0.0%,62,41.0,,,68,77
14.L1.3060.A36810D,15.0,0.0,72,31,15,5.0,20.8%,6.9%,31,29.0,100.0%,93.5%,40,41
14.L1.3060.A36822,1588.0,1914.0,3091,1720,3469,4560.0,87.8%,52.5%,2437,2198.0,58.3%,72.2%,2529,2614
14.L1.3060.A36822D,252.0,342.0,711,140,333,342.0,46.8%,48.1%,508,435.0,0.0%,0.0%,536,563
14.L1.3060.A36910,8.0,0.0,42,93,2,3.0,4.8%,6.3%,23,17.0,24.7%,17.9%,24,27
14.L1.3060.A36922,1699.0,2163.0,1827,1785,2062,2072.0,87.1%,86.6%,1902,1896.0,93.4%,93.8%,1932,1902
14.L1.3060.A36CB8006,1640.0,235.0,92,167,850,1052.0,0.0%,0.0%,167,656.0,100.0%,0.0%,71,175
14.L1.3060.A36CB8006D,0.0,59.0,0,,24,28.0,,,18,20.0,,,21,16
14.L1.3060.A36CB8006V,96.0,0.0,4,,110,93.0,0.0%,0.0%,21,33.0,,,12,13
14.L1.3060.A36CB8010,215.0,307.0,887,964,654,900.0,73.7%,98.5%,579,470.0,60.1%,48.7%,617,660
14.L1.3060.A36CB8010D,7.0,50.0,25,96,71,50.0,0.0%,1.3%,29,27.0,30.2%,28.5%,32,30
14.L1.3060.A36CB8010V,3.0,50.0,18,84,100,63.0,0.0%,0.0%,25,24.0,29.8%,28.2%,28,25
14.L1.3060.A36CW8005,1424.0,64.0,716,2228,584,703.0,81.6%,98.2%,662,735.0,29.7%,33.0%,559,621
14.L1.3060.A36CW8005D,102.0,130.0,16,300,116,77.0,0.0%,0.0%,67,83.0,22.3%,27.6%,64,55
14.L1.3060.A36CW8005V,48.0,6.0,129,,25,22.0,19.4%,16.8%,76,61.0,,,78,88
14.L1.3060.A36CW8007,936.0,2433.0,5768,1576,1612,1313.0,27.9%,22.8%,3801,3046.0,0.0%,6.7%,4118,4353
14.L1.3060.A36CW8007D,33.0,56.0,200,67,52,40.0,26.0%,19.8%,123,96.0,16.4%,56.2%,133,143
14.L1.3060.A36CW8007V,96.0,282.0,227,24,230,186.0,98.7%,81.8%,217,202.0,0.0%,0.0%,233,227
14.L1.3060.A36CW8008,5898.0,5607.0,498,2674,4904,4386.0,0.0%,0.0%,3111,4001.0,83.7%,50.4%,2826,2446
14.L1.3060.A36CW8008D,455.0,291.0,40,152,275,283.0,0.0%,0.0%,198,262.0,69.7%,27.6%,169,152
14.L1.3060.A36CW8008V,575.0,643.0,83,256,524,462.0,0.0%,0.0%,349,434.0,63.7%,30.6%,328,285
14.L1.3060.A36CW8009,27.0,105.0,498,,184,249.0,36.9%,50.0%,0,210.0,,,0,0
14.L1.3060.A36CW8009D,0.0,13.0,0,,16,16.0,,,4,4.0,,,5,4
14.L1.3060.A36CW8009V,0.0,11.0,0,,125,45.0,,,3,4.0,,,4,3
14.L1.3060.A36MA8017,920.0,188.0,559,732,1227,1798.0,0.0%,0.0%,520,556.0,71.0%,75.9%,465,500
14.L1.3060.A36MD9016,1078.0,601.0,229,751,720,671.0,0.0%,0.0%,510,636.0,67.9%,84.7%,444,421
14.L1.3060.A36MD9016D,176.0,63.0,57,36,94,96.0,35.1%,32.2%,83,99.0,0.0%,0.0%,71,72
14.L1.3060.A36MG9012,1417.0,737.0,2017,264,890,879.0,44.1%,43.6%,1513,1390.0,0.0%,0.0%,1509,1612
14.L1.3060.A36MG9012D,343.0,236.0,357,181,300,196.0,84.0%,55.0%,318,312.0,24.3%,27.6%,313,323
14.L1.3060.A36ML8012,1704.0,1309.0,1437,151,1446,1472.0,99.4%,97.6%,151,1483.0,100.0%,0.0%,98,151
14.L1.3060.A36ML8016,1243.0,878.0,508,978,760,771.0,50.4%,48.2%,766,876.0,78.3%,89.6%,711,687
14.L1.3060.A36MN9017,720.0,636.0,724,749,729,777.0,99.3%,92.6%,697,693.0,93.1%,92.6%,693,700
14.L1.3060.A36MN9017D,125.0,0.0,246,213,139,88.0,56.5%,35.8%,148,124.0,69.5%,58.1%,148,168
14.L1.3060.A36PG8015,2569.0,581.0,750,376,1278,1411.0,29.6%,11.9%,1063,1300.0,0.0%,0.0%,873,905
14.L1.3060.A36PM9015,1309.0,614.0,993,882,878,693.0,88.4%,69.8%,942,972.0,93.2%,89.8%,892,927
14.L1.3060.A36PM9015D,295.0,135.0,63,109,104,150.0,34.9%,0.0%,131,164.0,79.8%,49.2%,111,107
14.L1.3060.A36PW8000,6205.0,4869.0,6352,1044,4568,4145.0,71.9%,65.3%,1044,5809.0,100.0%,0.0%,679,1759
14.L1.3060.A36PW8000D,257.0,124.0,34,38,218,164.0,0.0%,0.0%,106,138.0,0.0%,0.0%,88,83
14.L1.3060.A36PW8000V,141.0,395.0,93,131,280,264.0,0.0%,0.0%,193,210.0,52.7%,39.9%,203,178
14.L1.3060.A36SG404,413.0,326.0,125,82,364,308.0,0.0%,0.0%,243,288.0,0.0%,0.0%,224,210
14.L1.3060.A36SG404D,0.0,0.0,10,28,0,0.0,0.0%,0.0%,28,3.0,100.0%,11.9%,14,0
14.L1.3060.A36SG405,24.0,56.0,897,133,50,39.0,5.6%,4.4%,470,326.0,0.0%,0.0%,515,578
14.L1.3060.A36SG405D,0.0,0.0,0,,0,0.0,,,0,0.0,,,0,0
14.L1.3060.A36SW304,397.0,384.0,254,16,380,375.0,50.4%,52.5%,16,345.0,100.0%,0.0%,10,16
14.L1.3060.A36SW305,1595.0,353.0,43,75,356,843.0,0.0%,0.0%,75,664.0,100.0%,0.0%,32,75
14.L1.3060.US36AG901,11.0,151.0,142,,106,87.0,74.6%,61.5%,0,101.0,,,16,53
14.L1.3060.US36AG901D,112.0,2.0,0,,92,38.0,,,23,38.0,,,12,13
14.L1.3060.US36AW801,650.0,55.0,33,389,458,464.0,0.0%,0.0%,163,246.0,41.9%,63.2%,102,106
14.L1.3060.US36CB806,0.0,0.0,0,,0,21.0,,,0,0.0,,,0,0
14.L1.3060.US36CB902,0.0,2.0,0,,35,112.0,,,1,1.0,,,1,1
14.L1.3060.US36CB902D,0.0,0.0,0,,0,3.0,,,0,0.0,,,0,0
14.L1.3060.US36CG802,11.0,0.0,134,140,164,58.0,77.6%,43.5%,69,48.0,49.3%,34.5%,75,85
14.L1.3060.US36CG804,0.0,0.0,0,,0,7.0,,,0,0.0,,,0,0
14.L1.3060.US36CN906,28.0,0.0,0,,42,15.0,,,0,9.0,,,0,0
14.L1.3060.US36CN906D,3.0,0.0,0,,10,3.0,,,0,1.0,,,0,0
14.L1.3060.US36CW807,45.0,476.0,1,,370,290.0,0.0%,0.0%,0,174.0,,,55,185
14.L1.3060.US36LB907,5.0,252.0,1316,400,154,149.0,11.7%,11.3%,735,524.0,16.2%,68.9%,813,890
14.L1.3060.US36LB907D,0.0,16.0,6,,28,15.0,0.0%,0.0%,8,7.0,,,9,8
14.L1.3060.US36LG904,11.0,0.0,0,,11,4.0,,,0,4.0,,,0,0
14.L1.3060.US36LG904D,0.0,0.0,0,,0,0.0,,,0,0.0,,,0,0
14.L1.4080.48800,2400.0,2600.0,0,50,910,1667.0,,,50,1667.0,100.0%,0.0%,14,50
14.L1.4080.48807,7.0,0.0,0,,2,2.0,,,0,2.0,,,0,0
14.L1.4080.48868,0.0,0.0,0,,0,17.0,,,0,0.0,,,0,0
14.L1.4080.48907,29.0,5.0,0,6,29,11.0,,,7,11.0,83.3%,11.1%,4,4
14.L1.4080.48907D,3.0,0.0,0,,6,1.0,,,0,1.0,,,0,0
14.L1.4080.48968D,0.0,0.0,0,,0,0.0,,,0,0.0,,,0,0
14.L1.60120.61184061,0.0,27.0,0,9,14,9.0,,,8,9.0,88.9%,100.0%,9,7
14.L1.60120.61185064,0.0,0.0,0,,0,1.0,,,0,0.0,,,0,0
14.L1.60120.61286012,0.0,0.0,0,,0,0.0,,,0,0.0,,,0,0
14.L1.60120.M61LD902,0.0,0.0,0,,0,0.0,,,0,0.0,,,0,0
14.L1.6060.66181004,57.0,267.0,0,84,323,234.0,,,92,108.0,90.5%,71.4%,99,77
14.L1.6060.66182031,11.0,0.0,0,,44,4.0,,,0,4.0,,,0,0
14.L1.6060.66282018,14.0,742.0,44,108,300,260.0,0.0%,0.0%,247,267.0,0.0%,0.0%,285,225
14.L1.6060.66383026,0.0,0.0,0,,0,0.0,,,0,0.0,,,0,0
14.L1.6060.A66CB8052,45.0,8.0,0,,15,20.0,,,11,18.0,,,7,7
14.L1.6060.A66CG8051,260.0,98.0,263,766,100,151.0,38.0%,57.3%,766,207.0,100.0%,27.0%,548,585
14.L1.6060.A66DT8053,42.0,4.0,0,,15,15.0,,,10,15.0,,,6,6
14.L1.6060.A66EB8058,70.0,238.0,147,66,155,128.0,94.6%,86.8%,159,152.0,0.0%,0.0%,171,163
14.L1.6060.A66EG8057,72.0,131.0,55,,65,215.0,81.8%,0.0%,81,86.0,,,83,77
14.L1.6060.A66MD8061,335.0,7.0,571,66,138,170.0,24.2%,29.8%,355,304.0,0.0%,0.0%,350,396
14.L1.6060.A66MG8054,0.0,39.0,361,416,24,20.0,6.6%,5.4%,192,133.0,46.2%,32.1%,212,236
14.L1.6060.A66MW8056,324.0,52.0,0,78,130,125.0,,,80,125.0,97.4%,39.3%,50,49
14.L1.6060.A66OW8055,297.0,258.0,1097,199,227,200.0,20.7%,18.2%,685,551.0,0.0%,0.0%,723,786
14.L1.6060.M66LD902,16.0,0.0,4,,12,15.0,0.0%,0.0%,5,7.0,,,4,4
14.L1.8012.BL81807,0.0,0.0,0,,0,0.0,,,0,0.0,,,0,0
14.L1.80120.M81AG905,0.0,15.0,22,,10,6.0,45.5%,25.8%,16,12.0,,,18,18
14.L1.80120.M81CB907,5.0,0.0,0,,4,2.0,,,0,2.0,,,0,0
14.L1.80120.M81DT904,0.0,0.0,4,,0,0.0,0.0%,0.0%,2,1.0,,,2,2
14.L1.80120.M81LD902,0.0,2.0,0,,6,4.0,,,1,1.0,,,1,1
14.L1.80120.M81LG902,0.0,0.0,2,7,0,16.0,0.0%,0.0%,1,1.0,14.3%,9.5%,1,1
14.L1.80120.M81MW906,0.0,4.0,0,,12,5.0,,,1,1.0,,,1,1
14.L1.80120.M81OW903,0.0,0.0,0,,0,0.0,,,0,0.0,,,0,0
14.L1.8080.88181004,91.0,3.0,1,,112,70.0,0.0%,0.0%,20,32.0,,,11,12
14.L1.8080.88282018,42.0,342.0,7,,36,133.0,0.0%,0.0%,0,130.0,,,5,18
14.L1.8080.88283003,0.0,40.0,2,50,40,13.0,0.0%,0.0%,13,14.0,26.0%,28.0%,15,12
14.L1.8080.88284041,0.0,0.0,0,,0,0.0,,,0,0.0,,,0,0
14.L1.8080.88285052,0.0,0.0,0,,0,0.0,,,0,0.0,,,0,0
14.L1.8080.M88AG905,0.0,0.0,18,,0,0.0,0.0%,0.0%,9,6.0,,,10,11
14.L1.8080.M88DT904,0.0,0.0,0,2,0,5.0,,,0,0.0,0.0%,0.0%,0,0
14.L1.8080.M88LD902,18.0,45.0,0,11,45,28.0,,,17,21.0,45.5%,9.1%,18,14
14.L1.8080.M88LG902,26.0,34.0,1,16,25,24.0,0.0%,0.0%,16,20.0,100.0%,72.9%,15,12
14.L1.8080.M88MW909,186.0,12.0,0,,79,72.0,,,41,66.0,,,23,24
14.L1.8080.M88OW903,0.0,16.0,0,,16,5.0,,,5,5.0,,,6,4
15.L1.3060.2911,0.0,0.0,0,,0,0.0,,,0,0.0,,,0,0
15.L1.3060.2912,0.0,16.0,0,,172,5.0,,,5,5.0,,,6,4
15.L1.3060.2913,0.0,0.0,576,40,0,0.0,0.0%,0.0%,288,192.0,0.0%,0.0%,317,360
15.L1.6060.6601,80.0,132.0,208,,208,267.0,100.0%,71.5%,0,140.0,,,16,53
15.L1.6060.6602,176.0,135.0,0,430,218,266.0,,,76,104.0,17.7%,24.1%,65,55
15.L1.6060.6604,166.0,166.0,267,10,173,178.0,64.8%,66.8%,216,200.0,0.0%,0.0%,221,229
15.L1.6060.6605,40.0,0.0,0,,10,34.0,,,0,13.0,,,0,0
15.L1.6060.6606,50.0,0.0,68,,15,17.0,22.1%,24.5%,44,39.0,,,42,48
20.L1.100100.51107,0.0,0.0,0,,0,0.0,,,0,0.0,,,0,0
20.L1.100100.91110,661.0,285.0,524,202,349,329.0,66.6%,62.8%,480,490.0,0.0%,0.0%,454,476
20.L1.100100.91111,32.0,2.0,209,99,61,61.0,29.2%,29.0%,14,81.0,14.1%,81.8%,9,20
20.L1.100100.91112,242.0,448.0,504,60,415,427.0,82.3%,84.7%,435,398.0,0.0%,0.0%,458,460
20.L1.100100.91113,117.0,355.0,82,251,220,170.0,0.0%,0.0%,171,185.0,68.1%,73.6%,181,158
20.L1.100100.91120,130.0,16.0,0,6,136,197.0,,,31,49.0,0.0%,0.0%,19,19
20.L1.100100.91121,530.0,217.0,90,258,305,312.0,0.0%,0.0%,216,279.0,83.7%,91.9%,178,172
20.L1.100100.91122,16.0,45.0,6,40,27,20.0,0.0%,0.0%,20,22.0,50.0%,55.8%,21,18
20.L1.100100.91123,41.0,499.0,40,135,15,182.0,37.5%,0.0%,164,193.0,78.5%,56.8%,106,232
20.L1.1580.91151,3773.0,4276.0,4210,4009,4800,6441.0,86.0%,47.0%,4142,4086.0,96.7%,98.1%,4189,4179
20.L1.1580.91152,4520.0,10606.0,4482,6417,7427,7171.0,34.3%,40.0%,6327,6536.0,98.6%,98.1%,6629,6109
20.L1.1580.91153,6568.0,3576.0,4526,3319,4679,4916.0,96.6%,91.4%,4649,4890.0,59.9%,52.7%,4398,4499
20.L1.1580.91154,5029.0,8783.0,5031,5203,7400,7414.0,52.9%,52.6%,6156,6281.0,81.7%,79.3%,6344,6025
20.L1.1580.91181,1188.0,3120.0,1473,2118,2925,3116.0,1.4%,0.0%,1910,1927.0,90.2%,91.0%,2021,1878
20.L1.1580.91182,1285.0,7705.0,3823,3938,4907,4112.0,71.6%,92.4%,4480,4271.0,86.2%,91.5%,4928,4573
20.L1.1580.91183,5526.0,3351.0,7086,1553,4674,5194.0,66.0%,73.3%,5654,5321.0,0.0%,0.0%,5623,5925
20.L1.1580.91184,3200.0,8243.0,5603,3260,5664,4785.0,98.9%,85.4%,5914,5682.0,18.6%,25.7%,6286,6038
20.L1.3030.U81101,1716.0,2684.0,2727,1298,2400,2336.0,88.0%,85.7%,2512,2376.0,6.5%,17.0%,2611,2604
20.L1.3030.U81102,5348.0,669.0,763,427,2400,2608.0,0.0%,0.0%,427,2260.0,100.0%,0.0%,327,1488
20.L1.3030.U81103,1426.0,1593.0,3165,3959,2100,2266.0,66.4%,71.6%,2346,2061.0,59.3%,52.1%,2441,2557
20.L1.3030.U81104,1805.0,3374.0,2293,1091,2639,2410.0,84.9%,94.9%,2520,2491.0,0.0%,0.0%,2623,2526
20.L1.3030.U81105,2452.0,1450.0,1347,3488,2261,2635.0,32.1%,4.4%,1599,1750.0,45.8%,50.2%,1494,1496
20.L1.3030.U81106,2155.0,1129.0,1124,278,1969,2359.0,24.8%,0.0%,278,1469.0,100.0%,0.0%,139,236
20.L1.3030.U81107,2636.0,3189.0,1725,1180,3500,4116.0,0.0%,0.0%,1180,2517.0,100.0%,0.0%,799,1180
20.L1.3030.U81108,2538.0,1870.0,1674,1359,2472,2762.0,52.3%,35.0%,1359,2027.0,100.0%,50.8%,834,1359
20.L1.3030.U81109,2176.0,2872.0,2422,2039,2584,2508.0,93.3%,96.5%,2508,2490.0,77.0%,77.9%,2555,2514
20.L1.3030.U81110,3260.0,2962.0,1880,1363,2802,2646.0,51.0%,59.2%,2481,2701.0,18.0%,1.9%,2397,2319
20.L1.3030.U81111,734.0,817.0,1651,1489,1225,1511.0,74.2%,91.5%,1217,1067.0,81.7%,71.7%,1267,1329
20.L1.3030.U81112,2225.0,1443.0,1037,1994,1795,1899.0,26.9%,16.8%,1396,1568.0,70.0%,78.7%,1298,1275
20.L1.5050.35108,0.0,0.0,0,,0,0.0,,,0,0.0,,,0,0
20.L1.5050.35109,0.0,0.0,0,,0,0.0,,,0,0.0,,,0,0
20.L1.5050.35205,0.0,0.0,292,,0,109.0,0.0%,37.4%,0,97.0,,,0,1252
20.L1.5050.35210,0.0,0.0,0,,0,0.0,,,0,0.0,,,0,0
20.L1.5050.91501,28.0,0.0,108,,185,304.0,28.7%,0.0%,60,45.0,,,62,71
20.L1.5050.91502,1339.0,367.0,244,1218,683,731.0,0.0%,0.0%,500,650.0,41.1%,53.4%,397,397
20.L1.5050.91503,1540.0,514.0,530,87,902,990.0,29.8%,13.3%,87,861.0,100.0%,0.0%,170,114
20.L1.5050.91504,0.0,0.0,0,30,0,0.0,,,0,0.0,0.0%,0.0%,0,0
20.L1.5050.91505,1116.0,639.0,96,,725,703.0,0.0%,0.0%,0,617.0,,,0,14
20.L1.5050.91506,0.0,40.0,80,203,119,179.0,51.2%,0.0%,52,40.0,25.6%,19.7%,58,61
20.L1.5050.91507,0.0,120.0,876,692,70,76.0,8.0%,8.7%,474,332.0,68.5%,48.0%,524,579
20.L1.5050.91508,1760.0,2590.0,1213,766,1800,1832.0,51.6%,49.0%,1736,1854.0,0.0%,0.0%,1750,1638
20.L1.6060.16001,196.0,34.0,590,102,248,364.0,42.0%,61.7%,344,273.0,0.0%,0.0%,356,399
20.L1.6060.16003,61.0,0.0,0,,61,26.0,,,0,20.0,,,0,0
20.L1.6060.16004,56.0,110.0,39,,56,55.0,56.4%,58.1%,64,68.0,,,66,60
20.L1.6060.16105,6.0,3.0,0,76,8,22.0,,,76,3.0,100.0%,3.9%,1,27
20.L1.6060.16114,72.0,28.0,0,,42,47.0,,,23,33.0,,,17,15
20.L1.6060.16117,191.0,0.0,0,23,58,64.0,,,0,64.0,0.0%,0.0%,0,0
20.L1.6060.16405,0.0,8.0,0,,3,3.0,,,2,3.0,,,3,2
20.L1.6060.16901,280.0,61.0,191,248,118,119.0,61.8%,62.3%,170,177.0,68.5%,71.5%,154,166
20.L1.6060.16902,146.0,247.0,1,202,150,138.0,0.0%,0.0%,104,131.0,51.5%,65.0%,102,82
20.L1.6060.16903,0.0,112.0,57,38,45,37.0,78.9%,65.5%,62,56.0,36.8%,51.8%,70,65
20.L1.6060.16904,0.0,110.0,106,290,85,92.0,80.2%,87.1%,290,72.0,100.0%,24.8%,220,618
20.L1.6060.16905,435.0,312.0,477,248,295,316.0,61.8%,66.3%,419,408.0,31.0%,35.5%,415,429
20.L1.6060.16906,256.0,342.0,370,331,280,295.0,75.7%,79.7%,339,323.0,97.6%,97.5%,349,350
20.L1.6060.26004,290.0,587.0,1033,182,340,304.0,32.9%,29.5%,751,637.0,0.0%,0.0%,803,833
20.L1.6060.26006,63.0,141.0,20,,80,68.0,0.0%,0.0%,65,75.0,,,67,57
20.L1.6060.26101,4.0,76.0,0,32,25,27.0,,,24,27.0,75.0%,83.3%,27,21
20.L1.6060.26103,0.0,0.0,0,,0,0.0,,,0,0.0,,,0,0
20.L1.6060.26107,219.0,89.0,28,376,166,236.0,0.0%,0.0%,84,112.0,22.3%,29.8%,68,65
20.L1.6060.26112,1.0,16.0,7,8,35,7.0,0.0%,95.2%,8,8.0,100.0%,100.0%,9,8
20.L1.6060.26172,0.0,0.0,0,,0,0.0,,,0,0.0,,,0,0
20.L1.6060.26400,0.0,54.0,26,56,54,18.0,0.0%,69.2%,29,27.0,51.8%,47.6%,33,30
20.L1.6060.26500,0.0,0.0,0,,0,0.0,,,0,0.0,,,0,0
20.L1.6060.26901,382.0,239.0,74,422,200,215.0,0.0%,0.0%,185,232.0,43.8%,54.9%,162,151
20.L1.6060.26902,52.0,876.0,184,337,451,427.0,0.0%,0.0%,365,371.0,91.7%,90.0%,413,353
20.L1.6060.26903,0.0,162.0,255,140,91,71.0,35.7%,27.8%,176,139.0,74.3%,99.3%,197,202
20.L1.6060.26904,288.0,220.0,0,503,255,273.0,,,503,169.0,100.0%,33.7%,215,693
20.L1.6060.26905,12.0,32.0,0,63,15,15.0,,,12,15.0,19.0%,23.3%,12,10
20.L1.6060.36001,0.0,92.0,250,8,64,61.0,25.6%,24.5%,153,114.0,0.0%,0.0%,170,181
20.L1.6060.36002,228.0,244.0,125,52,176,157.0,59.2%,74.1%,181,199.0,0.0%,0.0%,177,168
20.L1.6060.36003,0.0,0.0,0,,0,0.0,,,0,0.0,,,0,0
20.L1.6060.36004,95.0,363.0,0,,229,420.0,,,0,153.0,,,0,0
20.L1.6060.36005,40.0,0.0,28,,165,13.0,0.0%,47.6%,22,23.0,,,19,22
20.L1.6060.36006,49.0,0.0,5,,275,16.0,0.0%,0.0%,12,18.0,,,8,9
20.L1.6060.36902,0.0,0.0,0,,0,0.0,,,0,0.0,,,0,0
20.L1.6060.36903,42.0,0.0,255,,58,14.0,22.7%,5.5%,0,99.0,,,0,88
20.L1.6060.36904,0.0,0.0,0,,0,0.0,,,0,0.0,,,0,0
20.L1.6060.36905,50.0,0.0,0,39,332,127.0,,,0,17.0,0.0%,42.7%,0,0
20.L1.6060.36906,139.0,372.0,0,,139,170.0,,,0,170.0,,,0,0
20.L1.6060.86301,61.0,129.0,396,109,131,144.0,33.1%,36.3%,249,195.0,0.0%,20.8%,269,288
20.L1.6060.A16001,3388.0,267.0,1395,1260,1550,1807.0,88.9%,70.5%,1455,1683.0,84.5%,66.4%,1199,1315
20.L1.6060.A16003,17.0,0.0,0,,15,21.0,,,0,6.0,,,0,0
20.L1.6060.A16004,36.0,0.0,17,,417,314.0,0.0%,0.0%,0,18.0,,,0,3
20.L1.6060.A16114,0.0,29.0,0,,16,18.0,,,9,10.0,,,10,8
20.L1.6060.A16405,1649.0,1292.0,1338,2089,1445,1488.0,92.0%,88.8%,1386,1426.0,66.3%,68.3%,1353,1360
20.L1.6060.A16901,1146.0,1765.0,3761,1725,1390,1242.0,37.0%,33.0%,2639,2224.0,47.0%,71.1%,2801,2944
20.L1.6060.A16902,2452.0,1676.0,2555,1456,1745,1847.0,68.3%,72.3%,2271,2228.0,44.0%,47.0%,2237,2311
20.L1.6060.A16903,183.0,272.0,361,66,261,263.0,72.3%,72.8%,66,272.0,100.0%,0.0%,43,109
20.L1.6060.A16904,1268.0,1110.0,2046,2185,1117,1095.0,54.6%,53.5%,1610,1475.0,73.7%,67.5%,1641,1713
20.L1.6060.A16905,305.0,667.0,375,256,483,421.0,71.2%,87.6%,449,449.0,24.6%,24.6%,470,445
20.L1.6060.A16906,436.0,1345.0,1273,953,890,739.0,69.9%,58.0%,1127,1018.0,81.7%,93.2%,1214,1200
20.L1.6060.A16910,3011.0,2814.0,2565,1774,3100,3339.0,79.1%,69.8%,2729,2797.0,46.2%,42.4%,2697,2680
20.L1.6060.A16911,2091.0,518.0,2786,1795,1090,1167.0,39.1%,41.9%,1967,1798.0,90.4%,99.8%,1923,2109
20.L1.6060.A16912,347.0,1343.0,2980,1151,1000,838.0,33.6%,28.1%,1962,1557.0,29.5%,64.8%,2144,2257
20.L1.6060.A16913,1174.0,1139.0,2023,2013,1333,1457.0,65.9%,72.0%,1588,1445.0,78.9%,71.8%,1629,1696
20.L1.6060.A16914,3631.0,2494.0,4159,2217,2982,3118.0,71.7%,75.0%,3554,3428.0,39.7%,45.4%,3524,3660
20.L1.6060.A16915,642.0,827.0,3173,3765,808,826.0,25.5%,26.0%,1963,1547.0,52.1%,41.1%,2099,2273
20.L1.6060.A26006,290.0,195.0,0,136,242,298.0,,,116,162.0,85.3%,81.1%,97,83
20.L1.6060.A26107,282.0,22.0,40,56,101,110.0,0.0%,0.0%,83,115.0,51.8%,0.0%,58,62
20.L1.6060.A26112,4240.0,3007.0,4504,5217,3436,3516.0,76.3%,78.1%,4002,3917.0,76.7%,75.1%,3954,4078
20.L1.6060.A26172,1505.0,2133.0,5381,2325,1784,1657.0,33.2%,30.8%,3631,3006.0,43.8%,70.7%,3856,4094
20.L1.6060.A26901,842.0,941.0,691,1565,735,614.0,93.6%,88.8%,796,825.0,50.9%,52.7%,794,774
20.L1.6060.A26903,316.0,441.0,25,17,500,560.0,0.0%,0.0%,17,261.0,100.0%,0.0%,12,25
20.L1.6060.A26904,869.0,250.0,2108,624,666,797.0,31.6%,37.8%,1303,1076.0,0.0%,27.6%,1334,1480
20.L1.6060.A26905,1506.0,3027.0,1520,1411,2194,1892.0,55.7%,75.5%,1969,2018.0,60.5%,57.0%,2046,1918
20.L1.6060.A26913,2230.0,2996.0,4449,4749,2617,2492.0,58.8%,56.0%,3569,3225.0,75.2%,67.9%,3718,3820
20.L1.6060.A26914,1943.0,2183.0,1809,1731,1755,1879.0,97.0%,96.1%,1948,1978.0,87.5%,85.7%,1953,1923
20.L1.6060.A26915,4130.0,3472.0,6194,2485,3597,3570.0,58.1%,57.6%,4965,4599.0,0.2%,14.9%,5035,5246
20.L1.6060.A26916,2206.0,1263.0,2038,1681,1475,1460.0,72.4%,71.6%,1839,1836.0,90.6%,90.8%,1784,1851
20.L1.6060.A26917,2546.0,2187.0,3822,3671,2452,2569.0,64.2%,67.2%,3076,2852.0,83.8%,77.7%,3122,3248
20.L1.6060.A26918,5637.0,1952.0,4255,2876,3242,3470.0,76.2%,81.6%,3840,3948.0,66.5%,62.7%,3587,3796
20.L1.6060.A36003,339.0,416.0,589,2718,252,282.0,42.8%,47.9%,2718,448.0,100.0%,16.5%,1767,2990
20.L1.6060.A36004,36.0,62.0,0,10,150,283.0,,,26,33.0,0.0%,0.0%,25,20
20.L1.6060.A36005,3562.0,470.0,2499,1310,2100,2494.0,84.0%,99.8%,2103,2177.0,39.5%,33.8%,1895,2078
20.L1.6060.A36006,3.0,117.0,255,440,138,172.0,54.1%,67.3%,163,125.0,37.0%,28.4%,181,190
20.L1.6060.A36902,1715.0,1704.0,1583,1244,1693,1684.0,93.1%,93.6%,1646,1667.0,67.7%,66.0%,1639,1630
20.L1.6060.A36903,230.0,587.0,65,,404,342.0,0.0%,0.0%,0,294.0,,,0,660
20.L1.6060.A36904,33.0,264.0,98,199,142,99.0,55.1%,99.0%,135,132.0,67.8%,66.2%,150,135
20.L1.6060.A36915,1075.0,1546.0,605,1572,935,975.0,45.5%,38.9%,981,1075.0,62.4%,68.4%,981,906
20.L1.6060.A36916,872.0,1370.0,1463,1369,1089,984.0,74.4%,67.3%,1317,1235.0,96.2%,90.2%,1371,1373
20.L1.6060.A36917,1569.0,1229.0,1217,1986,1250,1337.0,97.3%,90.1%,1291,1338.0,65.0%,67.4%,1256,1259
20.L1.6060.A36918,1166.0,923.0,1181,2588,986,987.0,83.5%,83.6%,1101,1090.0,42.5%,42.1%,1089,1111
20.L1.6060.A36919,254.0,131.0,607,290,318,422.0,52.4%,69.6%,394,331.0,64.1%,86.0%,405,442
20.L1.6060.A36920,811.0,2378.0,2999,1581,1623,1381.0,54.1%,46.0%,2375,2063.0,49.8%,69.5%,2563,2594
20.L1.6060.A66101,567.0,900.0,1593,1600,1097,1284.0,68.9%,80.6%,1180,1020.0,73.8%,63.7%,1248,1297
20.L1.6060.A66102,1380.0,476.0,2225,1573,1620,1001.0,72.8%,45.0%,789,1360.0,50.2%,86.5%,510,1114
20.L1.6060.A66103,1531.0,1342.0,2870,2691,1467,1519.0,51.1%,52.9%,2144,1914.0,79.7%,71.1%,2201,2318
20.L1.6060.A66104,294.0,1325.0,2109,1179,1989,956.0,94.3%,45.3%,1056,1243.0,89.6%,94.6%,683,1491
20.L1.6060.A66105,1521.0,1957.0,1621,2479,2033,2157.0,74.6%,67.0%,1702,1700.0,68.7%,68.6%,1729,1699
20.L1.6060.A66106,2039.0,1234.0,2358,2659,1338,1272.0,56.7%,54.0%,1957,1877.0,73.6%,70.6%,1933,2025
20.L1.6060.A86301,478.0,209.0,127,309,402,423.0,0.0%,0.0%,231,271.0,74.8%,87.8%,149,326
20.L1.6060.A89601,1695.0,1221.0,2334,1720,1374,1397.0,58.9%,59.9%,1872,1750.0,91.2%,98.3%,1880,1968
20.L1.6060.A89602,2299.0,2128.0,1950,2683,1853,1642.0,95.0%,84.2%,2073,2126.0,77.3%,79.2%,2047,2035
20.L1.6060.A89603,1122.0,1651.0,2418,1743,1373,1276.0,56.8%,52.8%,1929,1730.0,89.3%,99.3%,2020,2072
20.L1.6060.A89604,2531.0,3511.0,3397,6795,2824,2529.0,83.1%,74.4%,3258,3146.0,47.9%,46.3%,3350,3332
20.L1.6060.A89605,2751.0,1315.0,1621,1605,1751,1802.0,92.0%,88.9%,1755,1896.0,90.7%,81.9%,1627,1664
20.L1.6060.A89606,3212.0,2163.0,3279,2117,2152,1970.0,65.6%,60.1%,2931,2885.0,61.5%,63.7%,2882,2976
20.L1.6060.A89607,1564.0,1419.0,2802,1064,1344,1271.0,48.0%,45.3%,2140,1928.0,0.0%,18.8%,2194,2299
20.L1.6060.A89651,364.0,668.0,1313,780,689,754.0,52.5%,57.4%,930,782.0,80.8%,99.8%,992,1038
20.L1.6060.A89652,491.0,0.0,66,554,150,169.0,0.0%,0.0%,131,186.0,23.6%,33.5%,85,95
20.L1.6060.A89653,159.0,0.0,941,622,658,156.0,69.9%,16.6%,68,367.0,10.9%,58.9%,44,95
20.L1.6060.A89654,226.0,265.0,176,192,275,288.0,43.8%,36.6%,213,222.0,89.1%,84.2%,212,205
20.L1.6060.A89655,515.0,489.0,246,381,390,465.0,41.5%,11.0%,354,417.0,92.9%,90.6%,229,500
20.L1.6060.A89656,679.0,407.0,177,375,658,780.0,0.0%,0.0%,346,421.0,92.3%,87.7%,308,293
20.L1.6060.A89657,269.0,315.0,353,425,242,200.0,68.6%,56.8%,325,312.0,76.5%,73.5%,331,334
20.L1.6060.A89658,185.0,193.0,769,353,380,507.0,49.4%,65.9%,479,382.0,64.3%,91.7%,509,552
20.L1.6060.A91661,5129.0,5140.0,7462,8283,5297,5403.0,71.0%,72.4%,6299,5910.0,76.0%,71.4%,6416,6590
20.L1.6060.A91662,6007.0,11400.0,22859,12745,22900,7617.0,99.8%,33.3%,16051,13422.0,74.1%,94.7%,17163,17969
20.L1.8080.18117,7.0,66.0,75,162,56,31.0,74.7%,41.8%,59,49.0,36.4%,30.5%,65,65
20.L1.8080.18125,0.0,16.0,0,,16,5.0,,,5,5.0,,,6,4
20.L1.8080.18126,0.0,0.0,0,,0,0.0,,,0,0.0,,,0,0
20.L1.8080.18127,0.0,0.0,0,,0,0.0,,,0,0.0,,,0,0
20.L1.8080.18128,300.0,110.0,0,,110,137.0,,,93,137.0,,,68,62
20.L1.8080.18129,0.0,0.0,0,,0,0.0,,,0,0.0,,,0,0
20.L1.8080.18901,1229.0,1013.0,1598,846,995,948.0,62.3%,59.3%,1349,1280.0,40.5%,48.7%,1356,1402
20.L1.8080.18902,269.0,412.0,379,1122,276,238.0,72.8%,62.8%,1122,353.0,100.0%,31.5%,729,1234
20.L1.8080.18903,281.0,433.0,269,223,360,413.0,66.2%,46.3%,321,328.0,56.1%,53.1%,328,314
20.L1.8080.18904,137.0,6.0,484,766,140,175.0,28.9%,36.2%,271,209.0,35.4%,27.3%,282,319
20.L1.8080.18905,20.0,37.0,38,70,30,27.0,78.9%,71.9%,34,32.0,48.6%,45.2%,36,36
20.L1.8080.18906,81.0,181.0,668,976,125,104.0,18.7%,15.6%,976,310.0,100.0%,31.8%,804,842
20.L1.8080.18910,1060.0,1740.0,102,,1286,1241.0,0.0%,0.0%,0,967.0,,,0,15
20.L1.8080.18911,785.0,1494.0,935,1199,909,973.0,97.2%,95.9%,1073,1071.0,89.5%,89.4%,1116,1067
20.L1.8080.18912,761.0,1001.0,1084,771,1029,1088.0,94.9%,99.7%,994,949.0,71.1%,77.0%,1022,1026
20.L1.8080.18913,708.0,432.0,588,249,567,612.0,96.4%,96.0%,565,576.0,0.0%,0.0%,545,560
20.L1.8080.18914,613.0,429.0,973,1089,950,1017.0,97.6%,95.4%,738,672.0,67.8%,61.7%,747,790
20.L1.8080.18915,647.0,816.0,773,816,834,874.0,92.1%,86.9%,761,745.0,93.3%,91.3%,776,771
20.L1.8080.28101,219.0,180.0,21,191,278,239.0,0.0%,0.0%,108,140.0,56.5%,73.3%,96,85
20.L1.8080.28107,23.0,20.0,2,,118,54.0,0.0%,0.0%,12,15.0,,,11,10
20.L1.8080.28901,366.0,200.0,4,,486,520.0,0.0%,0.0%,0,190.0,,,0,1
20.L1.8080.28902,0.0,0.0,0,,0,59.0,,,0,0.0,,,0,0
20.L1.8080.28903,349.0,864.0,1220,128,750,667.0,61.5%,54.7%,128,811.0,100.0%,0.0%,83,128
20.L1.8080.28904,230.0,60.0,814,322,130,140.0,16.0%,17.2%,471,368.0,53.7%,85.7%,492,550
20.L1.8080.28905,573.0,844.0,377,740,609,615.0,38.5%,36.9%,556,598.0,75.1%,80.8%,560,522
20.L1.8080.28906,8.0,14.0,54,,8,7.0,14.8%,13.6%,33,25.0,,,36,39
20.L1.8080.28913,4468.0,1125.0,2331,2050,2417,2381.0,96.3%,97.8%,2397,2641.0,83.1%,71.2%,2123,2247
20.L1.8080.28914,1374.0,359.0,1866,552,736,817.0,39.4%,43.8%,1316,1200.0,0.0%,0.0%,1290,1413
20.L1.8080.28915,945.0,416.0,2014,3135,769,917.0,38.2%,45.5%,1321,1125.0,42.1%,35.9%,1348,1473
20.L1.8080.28916,1283.0,634.0,1141,885,993,1124.0,87.0%,98.5%,1017,1019.0,85.1%,84.8%,978,1022
20.L1.8080.28917,1508.0,1005.0,3982,4226,1167,1191.0,29.3%,29.9%,2594,2165.0,61.4%,51.2%,2693,2921
20.L1.8080.28918,1720.0,977.0,1141,2171,1160,1157.0,98.3%,98.6%,1208,1279.0,55.6%,58.9%,1142,1162
20.L1.8080.38002,1048.0,1222.0,16,383,1034,938.0,0.0%,0.0%,584,762.0,47.5%,1.0%,541,449
20.L1.8080.38003,503.0,790.0,2092,1412,855,946.0,40.9%,45.2%,1384,1128.0,98.0%,79.9%,1478,1573
20.L1.8080.38006,172.0,325.0,0,172,260,166.0,,,132,166.0,76.7%,96.3%,131,105
20.L1.8080.38901,889.0,869.0,485,174,808,763.0,33.4%,42.6%,681,748.0,0.0%,0.0%,660,631
20.L1.8080.38902,1037.0,200.0,653,820,710,532.0,91.3%,81.5%,594,630.0,72.4%,76.8%,533,575
20.L1.8080.38904,283.0,130.0,392,318,172,184.0,43.9%,46.9%,292,268.0,91.8%,84.4%,290,311
20.L1.8080.38905,329.0,407.0,794,755,739,560.0,93.1%,70.5%,585,510.0,77.5%,67.5%,612,640
20.L1.8080.38906,0.0,0.0,0,,0,0.0,,,0,0.0,,,0,0
20.L1.8080.38907,15.0,157.0,58,17,157,174.0,0.0%,0.0%,79,77.0,0.0%,0.0%,88,79
20.L1.8080.38915,117.0,450.0,433,506,678,885.0,43.4%,0.0%,375,333.0,74.1%,65.9%,407,403
20.L1.8080.38916,0.0,0.0,0,195,0,0.0,,,0,0.0,0.0%,0.0%,0,0
20.L1.8080.38917,830.0,18.0,189,1409,592,518.0,0.0%,0.0%,266,346.0,18.9%,24.5%,193,214
20.L1.8080.38918,719.0,630.0,774,1329,622,601.0,80.4%,77.7%,720,708.0,54.2%,53.2%,718,730
20.L1.8080.38919,560.0,336.0,117,427,376,365.0,0.0%,0.0%,271,338.0,63.5%,79.1%,238,224
20.L1.8080.38920,2250.0,1275.0,3613,2459,1528,1534.0,42.3%,42.5%,2639,2379.0,92.7%,96.8%,2658,2843
20.L1.8080.68101,1590.0,637.0,1010,1089,989,1065.0,97.9%,94.6%,1014,1079.0,93.1%,99.1%,937,975
20.L1.8080.68102,669.0,805.0,1432,1008,855,911.0,59.7%,63.6%,1091,969.0,91.8%,96.1%,1136,1182
20.L1.8080.68103,450.0,333.0,477,1458,475,550.0,99.6%,84.8%,428,420.0,29.4%,28.8%,424,436
20.L1.8080.68104,1254.0,2253.0,2018,1782,1882,1802.0,93.3%,89.3%,1936,1842.0,91.4%,96.7%,2024,1996
20.L1.8080.68105,624.0,724.0,1704,862,718,730.0,42.1%,42.8%,1194,1017.0,61.5%,82.0%,1253,1326
20.L1.8080.68106,468.0,270.0,335,244,522,656.0,44.2%,4.1%,342,358.0,59.8%,53.4%,326,333
20.L1.8080.89801,1711.0,2284.0,4475,1369,2047,1984.0,45.7%,44.3%,3265,2823.0,0.0%,0.0%,3432,3590
20.L1.8080.89802,1156.0,604.0,870,1601,879,970.0,99.0%,88.5%,847,877.0,52.9%,54.8%,805,831
20.L1.8080.89803,364.0,424.0,737,817,779,314.0,94.3%,42.7%,432,508.0,52.9%,62.2%,280,610
20.L1.8080.89804,587.0,993.0,3837,2038,1525,1123.0,39.7%,29.3%,672,1806.0,33.0%,88.6%,435,948
20.L1.8080.89805,2453.0,996.0,4341,1628,1398,1422.0,32.2%,32.8%,2960,2597.0,18.2%,40.5%,2982,3247
20.L1.8080.89806,609.0,1023.0,1382,1434,879,851.0,63.6%,61.6%,1120,1005.0,78.1%,70.1%,1179,1202
20.L1.8080.89807,2106.0,1972.0,3114,1773,1977,1958.0,63.5%,62.9%,2570,2397.0,55.0%,64.8%,2614,2701
20.L1.8080.89851,93.0,249.0,423,,419,558.0,99.1%,68.1%,0,255.0,,,0,212
20.L1.8080.89852,102.0,69.0,0,,152,201.0,,,41,57.0,,,34,29
20.L1.8080.89853,255.0,203.0,405,762,408,536.0,99.3%,67.6%,314,288.0,41.2%,37.8%,319,335
20.L1.8080.89854,439.0,39.0,717,22,658,354.0,91.8%,49.3%,22,398.0,100.0%,0.0%,14,358
20.L1.8080.89855,432.0,546.0,425,422,542,559.0,72.5%,68.5%,463,468.0,90.3%,89.2%,468,458
20.L1.8080.89856,370.0,174.0,780,,527,730.0,67.6%,93.6%,0,441.0,,,0,390
20.L1.8080.89857,161.0,169.0,0,,164,163.0,,,0,110.0,,,0,0
20.L1.8080.89858,202.0,181.0,0,159,180,176.0,,,95,128.0,59.7%,80.3%,84,70
20.L1.8080.91851,1263.0,879.0,990,914,950,1228.0,96.0%,76.0%,1011,1044.0,89.4%,85.8%,978,990
20.L1.8080.91852,520.0,769.0,1019,1148,606,539.0,59.5%,52.9%,844,769.0,73.5%,67.0%,882,898
20.L1.8080.91853,1661.0,794.0,1066,643,1169,1295.0,90.3%,78.5%,1103,1174.0,28.5%,17.5%,1030,1059
20.L1.8080.91854,1109.0,774.0,595,1289,891,1023.0,50.3%,28.0%,752,826.0,58.3%,64.1%,709,699
20.L1.8080.91855,952.0,1941.0,2528,1453,1700,1682.0,67.2%,66.5%,2037,1807.0,59.8%,75.6%,2165,2199
20.L1.8080.91856,1875.0,822.0,2324,2326,1126,1153.0,48.5%,49.6%,1784,1674.0,76.7%,72.0%,1754,1877
20.L1.8080.91857,647.0,700.0,1456,653,668,655.0,45.9%,45.0%,1067,934.0,36.6%,56.9%,1110,1166
20.L1.8080.91858,2945.0,3185.0,3331,1900,2856,2676.0,85.7%,80.3%,3210,3154.0,31.1%,34.0%,3241,3250
20.L1.8080.91859,373.0,82.0,1494,1447,802,1234.0,53.7%,82.6%,846,650.0,58.5%,44.9%,888,997
20.L1.8080.91860,1080.0,708.0,836,550,820,955.0,98.1%,85.8%,846,875.0,46.2%,41.0%,815,828
20.L1.8080.91861,8205.0,6360.0,7252,4944,7394,7776.0,98.0%,92.8%,7175,7272.0,54.9%,52.9%,7035,7120
20.L1.8080.91862,3288.0,3886.0,4797,5651,3631,3560.0,75.7%,74.2%,4222,3990.0,74.7%,70.6%,4327,4390
25.L1.3060.FP3607,0.0,0.0,0,,0,0.0,,,0,0.0,,,0,0
25.L1.3060.FP936601,686.0,1484.0,1321,648,948,723.0,71.8%,54.8%,1243,1164.0,8.2%,20.4%,1315,1295
25.L1.3060.FP936601D,40.0,5.0,56,147,27,15.0,48.2%,26.8%,147,34.0,100.0%,22.9%,106,113
25.L1.3060.FP936601V,0.0,80.0,213,,56,27.0,26.3%,12.5%,83,98.0,,,54,117
25.L1.3060.FP936602,807.0,2108.0,1134,3910,1200,1254.0,94.2%,89.4%,1361,1350.0,34.8%,34.5%,1442,1356
25.L1.3060.FP936602D,52.0,0.0,0,,16,18.0,,,0,17.0,,,0,0
25.L1.3060.FP936602V,180.0,15.0,136,318,80,72.0,58.8%,52.7%,108,110.0,34.0%,34.7%,98,109
25.L1.3060.FP936604,1634.0,7844.0,7816,5316,4747,3717.0,60.7%,47.6%,6588,5765.0,76.1%,91.6%,7208,7144
25.L1.3060.FP936604D,206.0,753.0,837,675,612,454.0,73.1%,54.2%,686,599.0,98.4%,88.7%,745,746
25.L1.3060.FP936605,1116.0,4695.0,5395,3129,2949,2382.0,54.7%,44.2%,4329,3735.0,61.6%,80.6%,4722,4739
25.L1.3060.FP936606,924.0,3105.0,5215,2111,2950,2326.0,56.6%,44.6%,2619,3081.0,75.9%,54.0%,1695,3698
25.L1.3060.FP936606D,177.0,577.0,772,177,378,312.0,49.0%,40.4%,594,509.0,0.0%,0.0%,644,655
25.L1.3060.FP936607,575.0,1550.0,2763,1693,1241,1197.0,44.9%,43.3%,1962,1629.0,84.1%,96.2%,2120,2201
25.L1.3060.FP936608,1196.0,198.0,1189,1857,1072,1489.0,90.2%,74.8%,893,861.0,48.1%,46.4%,843,927
25.L1.3060.FP936608D,0.0,0.0,2,103,0,4.0,0.0%,0.0%,103,1.0,100.0%,0.6%,67,113
25.L1.3060.FP936608V,129.0,45.0,171,24,142,193.0,83.0%,87.3%,125,115.0,0.0%,0.0%,123,133
25.L1.3060.FP936609,2788.0,1381.0,2321,3334,2050,2196.0,88.3%,94.6%,2132,2163.0,63.9%,64.9%,2038,2123
25.L1.3060.FP936609D,30.0,0.0,2,12,2,10.0,100.0%,0.0%,7,11.0,58.3%,88.9%,4,4
25.L1.3060.FP936609V,479.0,165.0,79,180,79,314.0,100.0%,0.0%,185,241.0,97.2%,66.1%,149,146
25.L1.3060.FP936610,509.0,652.0,4004,2763,708,770.0,17.7%,19.2%,2299,1722.0,83.2%,62.3%,2481,2731
25.L1.3060.FP936610D,41.0,91.0,314,434,80,82.0,25.5%,26.0%,434,149.0,100.0%,34.3%,364,380
25.L1.3060.FP936611,2696.0,1508.0,2202,2409,1674,1587.0,76.0%,72.1%,2093,2135.0,86.9%,88.6%,2009,2073
25.L1.3060.FP936612,4316.0,5000.0,7387,4377,4500,4155.0,60.9%,56.3%,6057,5568.0,61.6%,72.8%,6245,6417
25.L1.3060.FP936612D,239.0,598.0,1334,622,424,369.0,31.8%,27.6%,894,724.0,56.3%,83.7%,967,1018
25.L1.3060.FP936613,1625.0,4013.0,4949,1925,2960,2656.0,59.8%,53.7%,4003,3529.0,0.0%,16.7%,4289,4335
25.L1.4080.FP948601,1480.0,5002.0,3509,476,2971,2204.0,84.7%,62.8%,476,3330.0,100.0%,0.0%,309,1754
25.L1.4080.FP948601D,10.0,132.0,8,66,69,47.0,0.0%,0.0%,46,50.0,69.7%,75.8%,52,41
25.L1.4080.FP948601V,110.0,354.0,319,,223,176.0,69.9%,55.3%,0,261.0,,,0,0
25.L1.4080.FP948602,2350.0,4856.0,5837,1552,3740,3413.0,64.1%,58.5%,4845,4348.0,0.0%,0.0%,5145,5193
25.L1.4080.FP948602D,73.0,1.0,20,,33,42.0,35.0%,0.0%,25,31.0,,,19,21
25.L1.4080.FP948602V,191.0,274.0,211,280,232,218.0,90.0%,96.5%,226,225.0,80.7%,80.5%,231,226
25.L1.4080.FP948603,5627.0,6607.0,6868,5161,6363,6364.0,92.6%,92.7%,6542,6367.0,73.2%,76.6%,6653,6663
25.L1.4080.FP948603D,5.0,265.0,260,191,161,135.0,61.9%,51.8%,210,177.0,90.1%,92.5%,236,233
25.L1.4080.FP948603V,460.0,263.0,583,223,329,340.0,56.4%,58.4%,462,435.0,0.0%,4.8%,458,484
25.L1.4080.FP948604,3068.0,5581.0,4055,1522,6380,7331.0,42.7%,19.2%,4315,4235.0,0.0%,0.0%,4490,4350
25.L1.4080.FP948604D,56.0,22.0,88,,108,159.0,77.3%,18.9%,62,55.0,,,62,67
25.L1.4080.FP948604V,346.0,406.0,752,118,444,479.0,59.0%,63.7%,567,501.0,0.0%,0.0%,590,616
25.L1.6060.FP6604,0.0,0.0,0,,0,0.0,,,0,0.0,,,0,0
25.L1.6060.FP96600,581.0,321.0,558,474,360,342.0,64.5%,61.4%,492,487.0,96.2%,97.3%,478,498
25.L1.6060.FP96601,3395.0,4856.0,445,364,3896,3500.0,0.0%,0.0%,364,2899.0,100.0%,0.0%,222,485
25.L1.6060.FP96604,2884.0,880.0,100,542,1692,1899.0,0.0%,0.0%,891,1288.0,35.6%,0.0%,652,613
25.L1.6060.FP96606,1697.0,414.0,8,231,906,1020.0,0.0%,0.0%,468,706.0,0.0%,0.0%,319,302
25.L1.6060.FP96607,127.0,0.0,19,2,38,42.0,0.0%,0.0%,35,49.0,0.0%,0.0%,23,26
25.L1.6060.FP96608,273.0,75.0,234,246,423,622.0,19.2%,0.0%,194,194.0,78.9%,78.9%,182,196
25.L1.6060.FP966602,1330.0,2412.0,633,770,1936,1799.0,0.0%,0.0%,1306,1458.0,30.4%,10.6%,1325,1181
25.L1.6060.FP966605,336.0,82.0,625,1174,516,763.0,82.6%,77.9%,404,348.0,34.4%,29.6%,406,449
25.L1.6060.FP96666,205.0,367.0,653,558,429,497.0,65.7%,76.1%,478,408.0,85.7%,73.2%,508,528
25.L1.6060.FPH966001,2622.0,1003.0,336,815,1598,1724.0,0.0%,0.0%,993,1320.0,78.2%,38.0%,798,764
25.L1.6060.FPU6006,84.0,0.0,0,,46,96.0,,,0,28.0,,,0,0
25.L1.6060.FPU6007,44.0,0.0,0,,38,56.0,,,0,15.0,,,0,0
25.L1.6060.FPU6010,550.0,0.0,8,,165,183.0,0.0%,0.0%,0,186.0,,,0,1040
25.L1.6060.FPU6014,0.0,0.0,0,,0,0.0,,,0,0.0,,,0,0
25.L1.6060.FPU6016,280.0,4.0,271,485,125,160.0,46.1%,59.0%,193,185.0,39.8%,38.1%,179,202
25.L1.6060.FPU6017,164.0,296.0,120,210,215,227.0,20.8%,11.1%,164,193.0,78.1%,92.1%,106,232
25.L1.6060.FPU6018,0.0,0.0,0,,0,0.0,,,0,0.0,,,0,0
25.L1.6060.FPU966001,625.0,2030.0,401,696,1311,1065.0,0.0%,0.0%,934,1019.0,65.8%,53.6%,993,857
25.L1.6060.FPU966002,226.0,12.0,0,,185,265.0,,,0,79.0,,,0,0
25.L1.6060.FPU966003,839.0,0.0,2407,3705,2775,608.0,84.7%,25.3%,357,1082.0,9.6%,29.2%,231,503
25.L1.6060.FPU966005,1188.0,1280.0,777,1054,1627,1874.0,0.0%,0.0%,1010,1082.0,95.8%,97.4%,994,955
25.L1.6060.FPU966009,410.0,368.0,963,738,741,317.0,76.9%,32.9%,331,580.0,44.9%,78.6%,214,467
25.L1.6060.FPU966013,1318.0,80.0,288,912,519,605.0,19.8%,0.0%,432,562.0,47.4%,61.6%,318,346
25.L1.8080.FP18600,546.0,1087.0,323,345,746,609.0,0.0%,11.6%,597,652.0,27.0%,11.0%,613,550
25.L1.8080.FP18601,624.0,25.0,195,211,695,1041.0,0.0%,0.0%,211,281.0,100.0%,66.7%,112,508
25.L1.8080.FP18604,900.0,0.0,588,396,363,455.0,61.7%,77.4%,474,496.0,80.3%,74.7%,413,466
25.L1.8080.FP18606,480.0,16.0,0,26,338,475.0,,,26,165.0,100.0%,0.0%,7,26
25.L1.8080.FP18607,960.0,1020.0,297,2,971,948.0,0.0%,0.0%,2,759.0,100.0%,0.0%,1,148
25.L1.8080.FP18608,0.0,0.0,141,425,0,1.0,0.0%,0.7%,70,47.0,16.5%,11.1%,77,88
25.L1.8080.FP18666,207.0,91.0,54,104,117,99.0,0.0%,16.0%,96,117.0,92.3%,87.2%,82,81
25.L1.8080.FPU188003,707.0,651.0,1466,1689,935,1115.0,63.8%,76.0%,1070,941.0,63.4%,55.7%,1105,1167
25.L1.8080.FPU188005,452.0,635.0,438,107,510,456.0,83.6%,95.8%,107,508.0,100.0%,0.0%,70,219
25.L1.8080.FPU188011,0.0,107.0,0,,68,50.0,,,32,36.0,,,37,28
25.L1.8080.FPU188013,514.0,183.0,226,245,246,232.0,91.2%,97.2%,271,308.0,89.4%,74.4%,240,246
25.L1.8080.FPU188017,21.0,114.0,532,5,124,147.0,23.3%,27.6%,304,222.0,0.0%,0.0%,334,365
25.L1.8080.FPU188033,308.0,405.0,35,1657,301,248.0,0.0%,0.0%,201,249.0,12.1%,15.0%,192,163
25.L1.8080.FPU188035,768.0,1836.0,183,170,1390,1271.0,0.0%,0.0%,170,929.0,100.0%,0.0%,97,212
25.L2.6060.FP96666,0.0,0.0,1760,,1345,0.0,76.4%,0.0%,0,587.0,,,0,176
25.L2.8080.FP18666,762.0,0.0,0,,229,254.0,,,0,254.0,,,0,0
27.L1.6060.DIC6617,0.0,0.0,0,,0,0.0,,,0,0.0,,,0,0
27.L1.6060.SV6004,0.0,0.0,0,222,0,0.0,,,0,0.0,0.0%,0.0%,0,0
29.L1.1580.FP15801,0.0,0.0,0,,0,0.0,,,0,0.0,,,0,0
29.L1.1580.FP15802,455.0,0.0,0,16,127,175.0,,,0,152.0,0.0%,0.0%,0,0
29.L1.1580.FP15803,7.0,0.0,0,,37,26.0,,,0,2.0,,,0,0
29.L1.1580.FP15804,0.0,0.0,0,,0,32.0,,,0,0.0,,,0,0
29.L1.1580.FP15805,64.0,0.0,0,,19,21.0,,,0,21.0,,,0,0
29.L1.1580.FP15806,0.0,105.0,0,32,105,35.0,,,32,35.0,100.0%,90.6%,37,28
29.L1.1580.FP15807,0.0,95.0,35,,45,48.0,71.4%,61.9%,46,43.0,,,52,47
29.L1.1580.FP15808,15.0,0.0,0,,4,5.0,,,0,5.0,,,0,0
29.L1.3030.F305,245.0,121.0,0,103,134,122.0,,,85,122.0,82.5%,81.6%,67,59
29.L1.3030.F308,231.0,92.0,203,157,147,160.0,72.4%,78.8%,175,175.0,88.5%,88.3%,167,177
29.L1.3030.F315,0.0,48.0,0,,42,46.0,,,14,16.0,,,17,13
29.L1.3030.FK301,546.0,47.0,34,,336,445.0,0.0%,0.0%,0,209.0,,,51,170
29.L1.3030.FK302,283.0,61.0,179,,72,210.0,40.2%,82.5%,0,174.0,,,11,36
29.L1.3030.FK303,0.0,0.0,0,22,0,19.0,,,0,0.0,0.0%,0.0%,0,0
29.L1.3030.FK304,100.0,65.0,141,23,65,55.0,46.1%,39.0%,110,102.0,0.0%,0.0%,110,116
29.L1.3030.FK305,0.0,0.0,0,,0,0.0,,,0,0.0,,,0,0
29.L1.3030.FU81102,2715.0,5670.0,9518,13469,5103,2795.0,53.6%,29.4%,13469,5968.0,100.0%,44.3%,11504,11895
29.L1.3030.FU81106,13774.0,2039.0,6119,7410,5356,5271.0,87.5%,86.1%,6426,7311.0,86.7%,98.7%,5456,5880
29.L1.3030.FU81107,3552.0,683.0,2121,4516,1475,1412.0,69.5%,66.6%,4516,2119.0,100.0%,46.9%,3414,3615
29.L1.3030.FU81108,949.0,814.0,3319,1773,761,588.0,22.9%,17.7%,1773,1694.0,100.0%,95.5%,2141,2148
29.L1.3060.FC3604,54.0,520.0,370,734,421,505.0,86.2%,63.6%,352,315.0,48.0%,42.9%,391,375
29.L1.3060.FC3604D,14.0,0.0,0,89,31,49.0,,,0,5.0,0.0%,5.2%,0,0
29.L1.3060.FC3605,228.0,693.0,355,982,451,587.0,73.0%,34.6%,431,425.0,43.9%,43.3%,461,431
29.L1.3060.FC3606,0.0,24.0,0,288,12,8.0,,,7,8.0,2.4%,2.8%,8,6
29.L1.3060.FC3606D,0.0,99.0,0,,54,33.0,,,30,33.0,,,35,26
29.L1.3060.FC3606V,0.0,136.0,0,,51,45.0,,,41,45.0,,,48,36
29.L1.3060.FC3610,0.0,72.0,32,,72,24.0,0.0%,75.0%,38,35.0,,,43,39
29.L1.3060.FC3610D,0.0,24.0,0,,14,8.0,,,7,8.0,,,8,6
29.L1.3060.FC3610V,0.0,24.0,0,,12,8.0,,,7,8.0,,,8,6
29.L1.3060.FC3618,120.0,2079.0,1021,376,1120,807.0,90.3%,79.1%,1158,1073.0,0.0%,0.0%,1301,1202
29.L1.3060.FC3618D,32.0,43.0,72,10,38,29.0,52.8%,39.8%,55,49.0,0.0%,0.0%,58,60
29.L1.3060.FC3619,216.0,509.0,651,289,288,341.0,44.2%,52.4%,521,459.0,19.7%,41.3%,558,566
29.L1.3060.FC3622,2802.0,2870.0,4121,1420,2952,3018.0,71.6%,73.2%,3482,3264.0,0.0%,0.0%,3551,3644
29.L1.3060.FC3622D,126.0,55.0,277,75,79,84.0,28.5%,30.2%,180,153.0,0.0%,0.0%,184,201
29.L1.3060.FC3622V,414.0,366.0,211,72,390,467.0,15.2%,0.0%,72,330.0,100.0%,0.0%,47,216
29.L1.3060.FC3623,3270.0,1675.0,2844,3568,2728,3164.0,95.9%,88.7%,2578,2596.0,72.3%,72.8%,2477,2581
29.L1.3060.FC3623D,0.0,136.0,30,,68,139.0,0.0%,0.0%,56,55.0,,,64,55
29.L1.3060.FC3623V,157.0,296.0,441,152,275,236.0,62.4%,53.4%,341,298.0,0.0%,3.9%,362,372
29.L1.3060.FC3624,113.0,0.0,120,17,178,279.0,51.7%,0.0%,17,78.0,100.0%,0.0%,8,14
29.L1.3060.FC3624D,2.0,0.0,0,,17,1.0,,,0,1.0,,,0,0
29.L1.3060.FC3624V,25.0,0.0,0,,128,51.0,,,0,8.0,,,0,0
29.L1.3060.FC3625,0.0,0.0,0,,0,419.0,,,0,0.0,,,0,0
29.L1.3060.FC3625D,0.0,0.0,26,1,0,0.0,0.0%,0.0%,13,9.0,0.0%,0.0%,14,16
29.L1.3060.FC3625V,0.0,0.0,0,,0,55.0,,,0,0.0,,,0,0
29.L1.3060.FC3626,0.0,0.0,0,,0,0.0,,,0,0.0,,,0,0
29.L1.3060.FC3626V,0.0,0.0,0,,0,0.0,,,0,0.0,,,0,0
29.L1.3060.FC3636,2514.0,3173.0,4578,3850,3715,4186.0,81.1%,91.4%,3744,3422.0,97.2%,88.9%,3880,3979
29.L1.3060.FC3636D,145.0,190.0,611,213,432,266.0,70.7%,43.6%,392,315.0,16.0%,52.0%,417,448
29.L1.3060.FC3637,2595.0,2602.0,3996,5500,3200,6890.0,80.1%,27.6%,3298,3064.0,60.0%,55.7%,3368,3473
29.L1.3060.FC3638,2302.0,2444.0,5573,1956,3200,3373.0,57.4%,60.5%,3980,3440.0,0.0%,24.1%,4151,4384
29.L1.3060.FC3638D,436.0,941.0,1253,446,750,673.0,59.9%,53.7%,996,877.0,0.0%,3.4%,1062,1080
29.L1.3060.FC3639,2280.0,2962.0,4155,1919,2727,2684.0,65.6%,64.6%,3422,3132.0,21.7%,36.8%,3550,3633
29.L1.3060.FC3640,3023.0,3607.0,4013,3711,3514,3549.0,87.6%,88.4%,3693,3548.0,99.5%,95.6%,3772,3796
29.L1.3060.FC3640D,694.0,519.0,466,427,526,582.0,87.1%,75.2%,528,560.0,76.3%,68.9%,508,506
29.L1.3060.FC3641,6434.0,3369.0,3512,4532,4083,4370.0,83.7%,75.6%,4054,4438.0,89.5%,97.9%,3754,3796
29.L1.3060.FC39002,5856.0,5882.0,8036,8722,5681,5552.0,70.7%,69.1%,6954,6591.0,79.7%,75.6%,7064,7225
29.L1.3060.FC39002D,1014.0,747.0,1059,1245,938,1021.0,88.6%,96.4%,956,940.0,76.8%,75.5%,945,971
29.L1.3060.FC39003,4056.0,4053.0,4939,3932,4042,4034.0,81.8%,81.7%,4497,4349.0,85.6%,89.4%,4541,4607
29.L1.3060.FC39004,10319.0,8295.0,8294,9574,8703,8637.0,95.1%,95.9%,8699,8969.0,90.9%,93.7%,8497,8517
29.L1.3060.FC39004D,1549.0,999.0,1862,1757,1232,1296.0,66.2%,69.6%,1540,1470.0,87.6%,83.7%,1528,1598
29.L1.3060.FC39005,8131.0,3925.0,8950,8863,5467,5795.0,61.1%,64.7%,7279,7002.0,82.1%,79.0%,7110,7529
29.L1.3060.FC39006,2081.0,3054.0,7254,4541,3908,2496.0,53.9%,34.4%,2182,4130.0,48.1%,90.9%,1412,3081
29.L1.3060.FC39006D,669.0,622.0,930,1064,569,526.0,61.2%,56.5%,785,740.0,73.8%,69.6%,796,820
29.L1.3060.FC39007,3376.0,4646.0,4644,5333,3806,3457.0,82.0%,74.4%,4391,4222.0,82.3%,79.2%,4518,4505
29.L1.3060.FC39008,1369.0,1149.0,3337,1645,1222,1234.0,36.6%,37.0%,2287,1952.0,61.0%,81.4%,2374,2540
29.L1.3060.FC39008D,164.0,119.0,625,377,349,220.0,55.8%,35.2%,120,303.0,31.8%,80.3%,78,170
29.L1.3060.FC39009,725.0,927.0,1680,1318,960,1015.0,57.1%,60.4%,1263,1111.0,95.8%,84.3%,1321,1375
29.L1.3060.FC39010,3844.0,6822.0,3826,3794,4930,4165.0,71.1%,91.1%,4728,4831.0,75.4%,72.7%,4876,4622
29.L1.3060.FC39010D,373.0,909.0,494,457,608,496.0,76.9%,99.5%,594,592.0,70.0%,70.5%,627,590
29.L1.3060.FC39011,4406.0,5816.0,4350,3675,4737,4253.0,91.1%,97.8%,4801,4857.0,69.4%,67.8%,4869,4745
29.L1.3060.FC39012,2236.0,1230.0,968,2191,1557,1607.0,39.2%,34.0%,1300,1478.0,59.3%,67.5%,1186,1177
29.L1.3060.FC39012D,119.0,118.0,260,410,238,131.0,91.5%,50.4%,141,166.0,34.4%,40.4%,91,199
29.L1.3060.FC39013,1361.0,655.0,813,1436,875,904.0,92.4%,88.8%,875,943.0,60.9%,65.7%,812,831
29.L1.3060.FP3602,0.0,70.0,0,1025,360,23.0,,,1025,23.0,100.0%,2.3%,666,1128
29.L1.3060.FP3602D,0.0,32.0,0,,71,11.0,,,10,11.0,,,11,8
29.L1.3060.FP3603,56.0,11.0,456,64,34,24.0,7.5%,5.3%,242,174.0,0.0%,0.0%,260,294
29.L1.3060.FP3605,0.0,0.0,4,,0,0.0,0.0%,0.0%,2,1.0,,,2,2
29.L1.3060.FP3605D,0.0,0.0,0,,0,0.0,,,0,0.0,,,0,0
29.L1.3060.FP3607,0.0,0.0,4,,0,0.0,0.0%,0.0%,2,1.0,,,2,2
29.L1.3060.FP3616,36.0,8.0,0,,22,15.0,,,10,15.0,,,7,6
29.L1.3060.FP3616D,12.0,173.0,0,,91,63.0,,,54,62.0,,,62,47
29.L1.3060.FP3617,44.0,134.0,0,,89,59.0,,,49,59.0,,,51,40
29.L1.3060.FP3618,280.0,4.0,0,406,271,256.0,,,57,95.0,14.0%,23.3%,29,32
29.L1.3060.FP3618D,0.0,0.0,0,,0,4.0,,,0,0.0,,,0,0
29.L1.3060.FP3619,88.0,168.0,80,12,243,212.0,0.0%,0.0%,108,112.0,0.0%,0.0%,112,104
29.L1.3060.FP936601,50.0,120.0,0,84,55,57.0,,,46,57.0,54.8%,67.5%,47,37
29.L1.3060.FP936601D,0.0,0.0,0,28,0,0.0,,,0,0.0,0.0%,0.0%,0,0
29.L1.3060.FP936601V,93.0,32.0,28,25,32,42.0,85.7%,51.2%,42,51.0,32.0%,0.0%,36,36
29.L1.3060.FP936602,232.0,0.0,158,519,80,96.0,50.6%,60.8%,125,130.0,24.1%,25.0%,110,124
29.L1.3060.FP936602D,221.0,8.0,0,132,24,82.0,,,47,76.0,35.6%,57.8%,25,27
29.L1.3060.FP936602V,89.0,0.0,18,174,89,41.0,0.0%,0.0%,27,36.0,15.5%,20.5%,19,21
29.L1.3060.FP936604,94.0,0.0,5,,25,31.0,0.0%,0.0%,21,33.0,,,12,13
29.L1.3060.FP936604D,0.0,0.0,13,44,0,20.0,0.0%,48.7%,6,4.0,13.6%,9.8%,7,8
29.L1.3060.FP936605,0.0,25.0,290,,10,11.0,3.4%,3.8%,0,105.0,,,29,102
29.L1.3060.FP936606,0.0,35.0,118,,30,38.0,25.4%,31.9%,70,51.0,,,77,83
29.L1.3060.FP936606D,0.0,0.0,0,,0,5.0,,,0,0.0,,,0,0
29.L1.3060.FP936607,0.0,90.0,69,121,90,111.0,69.6%,39.1%,62,53.0,51.2%,43.8%,70,67
29.L1.3060.FP936608,0.0,0.0,0,48,0,17.0,,,0,0.0,0.0%,0.0%,0,0
29.L1.3060.FP936608D,30.0,0.0,15,138,16,22.0,93.3%,51.1%,14,15.0,10.1%,10.9%,12,13
29.L1.3060.FP936608V,0.0,0.0,0,,0,0.0,,,0,0.0,,,0,0
29.L1.3060.FP936609,292.0,584.0,0,18,330,292.0,,,234,292.0,0.0%,0.0%,234,187
29.L1.3060.FP936609D,88.0,25.0,58,13,30,65.0,51.7%,87.4%,54,57.0,0.0%,0.0%,49,52
29.L1.3060.FP936609V,39.0,128.0,0,129,88,91.0,,,46,56.0,35.7%,43.2%,49,38
29.L1.3060.FP936610,0.0,0.0,0,,0,0.0,,,0,0.0,,,0,0
29.L1.3060.FP936610D,4.0,20.0,168,158,18,13.0,10.7%,7.9%,158,64.0,100.0%,40.5%,147,153
29.L1.3060.FP936611,132.0,263.0,4,,200,233.0,0.0%,0.0%,0,133.0,,,43,142
29.L1.3060.FP936612,8.0,0.0,0,,2,3.0,,,0,3.0,,,0,0
29.L1.3060.FP936612D,0.0,3.0,0,,132,37.0,,,1,1.0,,,1,1
29.L1.3060.FP936613,0.0,2.0,0,,1,1.0,,,1,1.0,,,1,1
29.L1.3060.FPH3621,0.0,2.0,66,504,42,70.0,63.6%,94.4%,34,23.0,6.7%,4.5%,37,42
29.L1.3060.FPH3621D,0.0,0.0,0,,0,0.0,,,0,0.0,,,0,0
29.L1.3060.FPH3621V,0.0,0.0,0,,0,0.0,,,0,0.0,,,0,0
29.L1.3060.FPH3623,112.0,0.0,0,188,34,37.0,,,0,37.0,0.0%,19.9%,0,0
29.L1.3060.FPH3623D,0.0,0.0,0,62,0,0.0,,,0,0.0,0.0%,0.0%,0,0
29.L1.3060.FPH3623V,0.0,0.0,0,,0,0.0,,,0,0.0,,,0,0
29.L1.3060.FPH3624,0.0,0.0,0,,0,0.0,,,0,0.0,,,0,0
29.L1.3060.FPH3624D,0.0,0.0,0,,0,0.0,,,0,0.0,,,0,0
29.L1.3060.FPH3624V,0.0,0.0,0,,0,0.0,,,0,0.0,,,0,0
29.L1.3060.FPH3625,0.0,3.0,180,664,8,4.0,4.4%,2.0%,664,61.0,100.0%,9.2%,453,489
29.L1.3060.FPH3625D,0.0,26.0,0,48,26,9.0,,,8,9.0,16.7%,18.1%,9,7
29.L1.3060.FPH3625V,0.0,4.0,930,48,4,2.0,0.4%,0.2%,466,311.0,0.0%,0.0%,513,582
29.L1.3060.FPH3626,0.0,0.0,0,,0,0.0,,,0,0.0,,,0,0
29.L1.3060.FPH3626V,0.0,0.0,0,,0,0.0,,,0,0.0,,,0,0
29.L1.3060.FUSC3621,9254.0,7988.0,9823,13921,8437,8526.0,85.9%,86.8%,9159,9022.0,65.8%,64.8%,9124,9274
29.L1.3060.FUSC3621D,1677.0,1167.0,1261,1638,1350,1506.0,92.9%,80.6%,1316,1368.0,80.3%,83.5%,1270,1282
29.L1.3060.FUSC3622,4462.0,4682.0,4245,4746,4200,4828.0,98.9%,86.3%,4420,4463.0,93.1%,94.0%,4420,4385
29.L1.3060.FUSC3625,3383.0,4829.0,5238,5345,4342,4258.0,82.9%,81.3%,4744,4483.0,88.8%,83.9%,4909,4925
29.L1.3060.FUSC3625D,648.0,948.0,1166,1187,812,772.0,69.6%,66.2%,997,921.0,84.0%,77.6%,1038,1051
29.L1.3060.FUSC3626,2981.0,4233.0,4304,4284,3791,3706.0,88.1%,86.1%,4018,3839.0,93.8%,89.6%,4147,4140
29.L1.3060.FUSC3629,3047.0,4111.0,9121,8854,9100,3099.0,99.8%,34.0%,6403,5426.0,72.3%,61.3%,6760,7125
29.L1.3060.FUSC3629D,298.0,521.0,863,1040,435,415.0,50.4%,48.1%,647,561.0,62.2%,53.9%,687,710
29.L1.3060.FUSC3630,2485.0,2247.0,7368,6406,2628,2842.0,35.7%,38.6%,4855,4033.0,75.8%,63.0%,5087,5474
29.L1.3060.FUSC3631,3403.0,3453.0,5442,11334,4409,5054.0,81.0%,92.9%,4438,4099.0,39.2%,36.2%,4542,4691
29.L1.3060.FUSC3631D,560.0,1372.0,1324,2062,1072,1008.0,81.0%,76.1%,1186,1085.0,57.5%,52.6%,1265,1253
29.L1.3060.FUSC3632,2574.0,4471.0,6205,6084,3704,3509.0,59.7%,56.5%,4959,4417.0,81.5%,72.6%,5235,5346
29.L1.3060.FUSC3635,1247.0,272.0,3603,524,920,1190.0,25.5%,33.0%,2132,1707.0,0.0%,0.0%,2201,2461
29.L1.3060.FUSC3635D,270.0,328.0,1097,91,290,274.0,26.4%,25.0%,701,565.0,0.0%,0.0%,745,802
29.L1.3060.FUSC3636,1441.0,1753.0,5416,925,1488,1363.0,27.5%,25.2%,3522,2870.0,0.0%,0.0%,3736,4008
29.L1.3060.FUSC3637,4622.0,8834.0,6316,5387,6300,6373.0,99.7%,99.1%,6733,6591.0,75.0%,77.7%,7028,6797
29.L1.3060.FUSC3637D,613.0,1146.0,785,909,899,963.0,85.5%,77.4%,859,848.0,94.5%,93.3%,894,862
29.L1.3060.FUSC3638,4321.0,5360.0,4082,5221,5110,5298.0,74.8%,70.2%,4513,4588.0,86.4%,87.9%,4553,4447
29.L1.3060.FUSC3639,2486.0,1220.0,1538,2085,1637,1705.0,93.6%,89.2%,1632,1748.0,78.3%,83.8%,1521,1558
29.L1.3060.FUSC3639D,100.0,619.0,225,363,512,463.0,0.0%,0.0%,318,315.0,87.6%,86.7%,350,315
29.L1.3060.FUSC3640,5435.0,4274.0,3536,4234,4648,4703.0,68.6%,67.0%,4137,4415.0,97.7%,95.7%,3984,3940
29.L1.3060.FUSC3641,7235.0,9348.0,8189,12468,8092,7607.0,98.8%,92.9%,8346,8257.0,66.9%,66.2%,8499,8391
29.L1.3060.FUSC3641D,322.0,250.0,434,754,285,296.0,65.7%,68.1%,356,335.0,47.2%,44.5%,358,373
29.L1.3060.FUSC3641V,981.0,1308.0,1164,1767,1101,1018.0,94.6%,87.4%,1171,1151.0,66.3%,65.1%,1196,1182
29.L1.3060.FUSC3642,6558.0,9434.0,12816,5677,8069,7638.0,63.0%,59.6%,10550,9603.0,14.2%,30.8%,11007,11232
29.L1.3060.FUSC3642D,55.0,614.0,273,92,363,289.0,67.0%,94.3%,332,314.0,0.0%,0.0%,371,340
29.L1.3060.FUSC3642V,1118.0,1239.0,2181,1057,1168,1141.0,53.6%,52.3%,1686,1513.0,40.5%,56.9%,1745,1814
29.L1.3060.FUSC3643,10088.0,11439.0,13874,15664,10599,10264.0,76.4%,74.0%,12386,11800.0,79.1%,75.3%,12643,12812
29.L1.3060.FUSC3643D,172.0,325.0,263,399,260,243.0,98.9%,92.3%,263,253.0,65.9%,63.5%,275,269
29.L1.3060.FUSC3643V,1033.0,1045.0,1708,2588,1142,1208.0,66.9%,70.7%,1374,1262.0,53.1%,48.8%,1408,1458
29.L1.3060.FUSC3644,13541.0,9529.0,18078,19985,18100,10438.0,99.9%,57.7%,14606,13716.0,73.1%,68.6%,14632,15313
29.L1.3060.FUSC3644D,650.0,280.0,415,551,385,393.0,92.8%,94.6%,422,448.0,76.6%,81.4%,392,406
29.L1.3060.FUSC3644V,1231.0,1053.0,2080,2841,1118,1132.0,53.8%,54.4%,1602,1455.0,56.4%,51.2%,1636,1715
29.L1.3060.FUSM3645,4873.0,5677.0,10099,12054,5599,5681.0,55.4%,56.3%,7727,6883.0,64.1%,57.1%,8029,8352
29.L1.3060.FUSM3645D,397.0,242.0,494,447,406,489.0,82.2%,98.9%,399,378.0,89.3%,84.5%,396,416
29.L1.3060.FUSM3646,3573.0,3169.0,7960,4910,3856,4247.0,48.4%,53.4%,5645,4901.0,85.0%,99.8%,5844,6208
29.L1.3060.FUSM3647,4376.0,4940.0,6855,4025,4722,4671.0,68.9%,68.1%,5785,5390.0,56.3%,66.1%,5937,6075
29.L1.3060.FUSM3647D,110.0,310.0,481,547,279,292.0,58.0%,60.6%,356,300.0,65.1%,54.9%,384,395
29.L1.3060.FUSM3648,2966.0,3880.0,5431,9022,3814,3922.0,70.2%,72.2%,4473,4092.0,49.6%,45.4%,4642,4749
29.L1.3060.FUSM3649,2515.0,3603.0,2103,4846,3405,3454.0,38.1%,35.7%,2635,2740.0,54.4%,56.5%,2669,2546
29.L1.3060.FUSM3649D,239.0,181.0,127,115,220,237.0,26.8%,13.6%,166,182.0,55.7%,41.4%,157,154
29.L1.3060.FUSM3650,4400.0,5583.0,5182,6137,5017,4837.0,96.8%,93.3%,5146,5055.0,83.9%,82.4%,5244,5202
29.L1.3060.FUSM3651,2292.0,1053.0,1242,2490,1604,1764.0,70.9%,57.9%,1395,1529.0,56.0%,61.4%,1281,1307
29.L1.3060.FUSM3651D,146.0,104.0,171,251,124,130.0,72.5%,76.0%,146,140.0,58.2%,55.9%,145,150
29.L1.3060.FUSM3652,3337.0,2609.0,3084,1965,2785,2781.0,90.3%,90.2%,2992,3010.0,47.7%,46.8%,2943,2986
29.L1.4060.FX46202,1499.0,3140.0,3124,8576,2767,2792.0,88.6%,89.4%,8576,2588.0,100.0%,30.2%,761,6615
29.L1.4060.FX46203,288.0,0.0,0,,86,96.0,,,0,96.0,,,0,0
29.L1.4060.FXK46250,3109.0,4207.0,2469,3548,3100,3562.0,74.4%,55.7%,3118,3262.0,87.9%,91.9%,3141,3000
29.L1.4060.FXK46251,7026.0,10629.0,10801,11088,8717,8043.0,80.7%,74.5%,9994,9485.0,90.1%,85.5%,10363,10340
29.L1.4060.FXK46254,1515.0,3241.0,4272,5818,2363,2066.0,55.3%,48.4%,3411,3009.0,58.6%,51.7%,3635,3695
29.L1.4060.FXK46255,848.0,407.0,846,1327,586,632.0,69.3%,74.7%,715,700.0,53.9%,52.8%,693,730
29.L1.4060.FXK46256,1064.0,2114.0,1424,5252,1700,1678.0,80.6%,82.2%,1559,1534.0,29.7%,29.2%,1630,1568
29.L1.4060.FXK46258,8281.0,6618.0,9582,7270,7044,7051.0,73.5%,73.6%,8433,8160.0,84.0%,87.8%,8415,8654
29.L1.4060.FXU46001,655.0,4462.0,4722,6541,2809,2341.0,59.5%,49.6%,3831,3280.0,58.6%,50.1%,4224,4206
29.L1.4060.FXU46002,2701.0,2967.0,3613,7120,2851,2818.0,78.9%,78.0%,3237,3094.0,45.5%,43.5%,3296,3342
29.L1.4060.FXU46003,1425.0,2338.0,4056,5127,1847,1672.0,45.5%,41.2%,3014,2606.0,58.8%,50.8%,3191,3311
29.L1.4080.FC4801,648.0,92.0,329,554,240,247.0,72.9%,75.0%,322,356.0,58.1%,64.3%,278,301
29.L1.4080.FC4801D,0.0,0.0,0,104,0,0.0,,,0,0.0,0.0%,0.0%,0,0
29.L1.4080.FC4801V,204.0,16.0,0,112,54,73.0,,,46,73.0,41.1%,65.5%,26,27
29.L1.4080.FC4802,1577.0,588.0,1577,744,966,1053.0,61.3%,66.8%,1280,1247.0,28.0%,32.3%,1231,1315
29.L1.4080.FC4802D,65.0,17.0,20,13,21,36.0,95.0%,21.7%,28,34.0,0.0%,0.0%,23,24
29.L1.4080.FC4802V,233.0,34.0,104,181,290,143.0,0.0%,62.8%,109,124.0,60.2%,68.3%,92,100
29.L1.4080.FC4803,0.0,0.0,106,,0,0.0,0.0%,0.0%,53,35.0,,,58,66
29.L1.4080.FC4803D,0.0,0.0,0,,0,0.0,,,0,0.0,,,0,0
29.L1.4080.FC4803V,0.0,0.0,0,,0,0.0,,,0,0.0,,,0,0
29.L1.4080.FC4804,4344.0,2062.0,3017,1723,2487,2389.0,82.4%,79.2%,2996,3141.0,26.1%,17.7%,2816,2910
29.L1.4080.FC4804D,0.0,48.0,135,,158,16.0,83.0%,11.9%,82,61.0,,,91,97
29.L1.4080.FC4804V,549.0,378.0,251,214,464,357.0,15.1%,57.6%,349,393.0,36.9%,16.5%,325,317
29.L1.4080.FC4805,990.0,6.0,1633,482,1244,831.0,76.2%,50.9%,1016,876.0,0.0%,18.2%,999,1131
29.L1.4080.FC4805D,0.0,0.0,12,,0,10.0,0.0%,86.1%,6,4.0,,,7,8
29.L1.4080.FC4805V,0.0,0.0,145,60,0,0.0,0.0%,0.0%,72,48.0,80.0%,80.6%,80,91
29.L1.4080.FC4806,4113.0,721.0,2574,422,2259,1951.0,87.8%,75.8%,422,2469.0,100.0%,0.0%,274,422
29.L1.4080.FC4806D,101.0,12.0,20,70,105,45.0,0.0%,0.0%,34,44.0,48.6%,63.3%,25,27
29.L1.4080.FC4806V,333.0,129.0,481,162,256,188.0,53.2%,39.0%,346,314.0,0.0%,6.0%,343,372
29.L1.4080.FC4808,879.0,1817.0,6074,2841,1864,2548.0,30.7%,42.0%,3758,2923.0,67.7%,97.1%,4065,4375
29.L1.4080.FC4808D,132.0,19.0,208,23,61,58.0,29.3%,27.7%,136,120.0,0.0%,0.0%,134,149
29.L1.4080.FC4808V,212.0,139.0,698,368,247,282.0,35.4%,40.4%,433,350.0,82.3%,95.0%,454,496
29.L1.4080.FC4809,1513.0,2437.0,1645,2158,1839,1594.0,88.2%,96.9%,1856,1865.0,86.0%,86.4%,1909,1840
29.L1.4080.FC4809D,0.0,0.0,0,19,0,28.0,,,0,0.0,0.0%,0.0%,0,0
29.L1.4080.FC4809V,0.0,148.0,24,163,148,84.0,0.0%,0.0%,56,57.0,34.4%,35.2%,65,54
29.L1.4080.FP948601,0.0,0.0,0,,0,60.0,,,0,0.0,,,0,0
29.L1.4080.FP948601D,22.0,30.0,2,,22,17.0,0.0%,0.0%,14,18.0,,,14,12
29.L1.4080.FP948601V,12.0,7.0,0,,51,23.0,,,4,6.0,,,3,3
29.L1.4080.FP948602,57.0,0.0,0,,80,107.0,,,0,19.0,,,0,0
29.L1.4080.FP948602D,37.0,9.0,120,,37,28.0,30.8%,23.1%,70,55.0,,,73,82
29.L1.4080.FP948602V,0.0,0.0,0,,0,2.0,,,0,0.0,,,0,0
29.L1.4080.FP948603,0.0,4.0,61,,97,160.0,41.0%,0.0%,32,22.0,,,35,39
29.L1.4080.FP948603D,0.0,1.0,0,,30,0.0,,,0,0.0,,,0,0
29.L1.4080.FP948603V,0.0,1.0,0,,76,1.0,,,0,0.0,,,0,0
29.L1.4080.FP948604,15.0,0.0,22,,0,81.0,0.0%,0.0%,14,12.0,,,14,16
29.L1.4080.FP948604D,10.0,0.0,15,7,10,15.0,66.7%,100.0%,10,8.0,57.1%,81.0%,10,11
29.L1.4080.FP948604V,5.0,1.0,0,,0,2.0,,,1,2.0,,,1,1
29.L1.5050.FC5001,2137.0,834.0,264,1622,2800,1571.0,0.0%,0.0%,810,1078.0,49.9%,66.5%,651,621
29.L1.5050.FC5006,2159.0,325.0,655,1998,1019,1177.0,44.4%,20.4%,857,1046.0,42.9%,52.4%,690,733
29.L1.5050.FCU5507,686.0,1330.0,2148,4358,1400,1453.0,65.2%,67.6%,1610,1388.0,36.9%,31.8%,1715,1770
29.L1.5050.FCU5521,2775.0,3413.0,4808,6144,3687,3975.0,76.7%,82.7%,3983,3665.0,64.8%,59.7%,4116,4214
29.L1.5050.FCU5524,7174.0,5775.0,8715,8955,5897,5745.0,67.7%,65.9%,7525,7221.0,84.0%,80.6%,7532,7766
29.L1.6060.FP6602,0.0,0.0,0,,0,0.0,,,0,0.0,,,0,0
29.L1.6060.FP6603,0.0,0.0,0,,0,0.0,,,0,0.0,,,0,0
29.L1.6060.FP6604,0.0,0.0,55,,0,11.0,0.0%,19.4%,28,18.0,,,30,34
29.L1.6060.FP6605,49.0,0.0,0,,49,16.0,,,0,16.0,,,0,0
29.L1.6060.FP96600,330.0,19.0,5,30,100,126.0,0.0%,0.0%,74,118.0,0.0%,0.0%,42,44
29.L1.6060.FP96601,0.0,0.0,0,,0,0.0,,,0,0.0,,,0,0
29.L1.6060.FP96604,16.0,0.0,0,,176,5.0,,,0,5.0,,,0,0
29.L1.6060.FP96606,4.0,6.0,0,,12,9.0,,,3,3.0,,,3,2
29.L1.6060.FP96608,0.0,0.0,0,,0,0.0,,,0,0.0,,,0,0
29.L1.6060.FP966602,0.0,0.0,0,,0,0.0,,,0,0.0,,,0,0
29.L1.6060.FP966605,0.0,0.0,0,,0,0.0,,,0,0.0,,,0,0
29.L1.6060.FP96666,0.0,8.0,2,,20,23.0,0.0%,0.0%,3,3.0,,,4,3
29.L1.6060.FPH6001,35.0,61.0,0,,38,35.0,,,25,32.0,,,25,20
29.L1.6060.FPH966001,0.0,123.0,0,,40,41.0,,,37,41.0,,,43,33
29.L1.6060.FPU6000,120.0,136.0,53,106,135,144.0,0.0%,0.0%,91,103.0,85.8%,97.2%,89,82
29.L1.6060.FPU6001,0.0,0.0,76,,0,0.0,0.0%,0.0%,38,25.0,,,42,48
29.L1.6060.FPU6002,45.0,0.0,4,31,18,15.0,0.0%,0.0%,11,16.0,35.5%,52.7%,7,8
29.L1.6060.FPU6003,0.0,0.0,0,,0,0.0,,,0,0.0,,,0,0
29.L1.6060.FPU6005,0.0,0.0,0,,0,45.0,,,0,0.0,,,0,0
29.L1.6060.FPU6006,69.0,0.0,61,50,110,128.0,19.7%,0.0%,44,43.0,88.0%,86.7%,40,45
29.L1.6060.FPU6007,153.0,28.0,0,,60,60.0,,,39,60.0,,,25,24
29.L1.6060.FPU6009,38.0,0.0,0,,41,13.0,,,0,13.0,,,0,0
29.L1.6060.FPU6010,28.0,0.0,0,,200,36.0,,,0,9.0,,,0,0
29.L1.6060.FPU6011,354.0,24.0,4,,322,259.0,0.0%,0.0%,80,127.0,,,46,48
29.L1.6060.FPU6012,19.0,167.0,287,,71,77.0,24.7%,26.7%,0,158.0,,,8,28
29.L1.6060.FPU6013,4.0,0.0,17,21,52,1.0,0.0%,7.8%,9,7.0,42.9%,33.3%,10,11
29.L1.6060.FPU6014,152.0,122.0,76,12,85,91.0,88.2%,79.8%,105,117.0,0.0%,0.0%,100,97
29.L1.6060.FPU6016,1.0,0.0,0,,0,0.0,,,0,0.0,,,0,0
29.L1.6060.FPU6017,0.0,0.0,0,26,0,3.0,,,0,0.0,0.0%,0.0%,0,0
29.L1.6060.FPU6018,4.0,0.0,159,,10,1.0,6.3%,0.8%,80,54.0,,,88,100
29.L1.6060.FPU966001,0.0,0.0,0,,0,0.0,,,0,0.0,,,0,0
29.L1.6060.FPU966002,0.0,0.0,0,44,0,0.0,,,0,0.0,0.0%,0.0%,0,0
29.L1.6060.FPU966003,0.0,1.0,0,,8,0.0,,,0,0.0,,,0,0
29.L1.6060.FPU966005,0.0,0.0,0,,0,0.0,,,0,0.0,,,0,0
29.L1.6060.FPU966009,43.0,8.0,0,,18,18.0,,,11,17.0,,,7,7
29.L1.6060.FPU966013,0.0,0.0,0,,0,0.0,,,0,0.0,,,0,0
29.L1.8080.FP18600,0.0,0.0,0,,0,0.0,,,0,0.0,,,0,0
29.L1.8080.FP18601,0.0,0.0,0,,0,0.0,,,0,0.0,,,0,0
29.L1.8080.FP18604,3.0,51.0,18,9,24,30.0,66.7%,31.5%,25,24.0,0.0%,0.0%,28,25
29.L1.8080.FP18606,0.0,0.0,0,3,0,30.0,,,0,0.0,0.0%,0.0%,0,0
29.L1.8080.FP18607,480.0,3.0,14,78,54,161.0,0.0%,0.0%,104,166.0,66.7%,0.0%,57,62
29.L1.8080.FP18608,15.0,4.0,6,,10,6.0,33.3%,94.4%,7,8.0,,,6,6
29.L1.8080.FP18666,10.0,17.0,11,,10,10.0,90.9%,90.9%,13,13.0,,,13,13
29.L1.8080.FPU188003,0.0,0.0,0,,0,0.0,,,0,0.0,,,0,0
29.L1.8080.FPU188005,93.0,0.0,0,,5,33.0,,,0,31.0,,,0,0
29.L1.8080.FPU188011,0.0,63.0,0,,0,21.0,,,19,21.0,,,22,17
29.L1.8080.FPU188013,0.0,0.0,32,76,0,17.0,0.0%,53.1%,76,11.0,100.0%,14.0%,1,2
29.L1.8080.FPU188017,5.0,0.0,2,139,40,6.0,0.0%,0.0%,2,2.0,1.4%,1.7%,2,2
29.L1.8080.FPU188033,0.0,6.0,205,,32,31.0,15.6%,15.0%,0,70.0,,,20,72
29.L1.8080.FPU188035,0.0,0.0,0,,0,0.0,,,0,0.0,,,0,0
29.L1.8080.FPU8000,3.0,1.0,2,,6,1.0,0.0%,66.7%,2,2.0,,,2,2
29.L1.8080.FPU8001,0.0,0.0,0,,0,0.0,,,0,0.0,,,0,0
29.L1.8080.FPU8002,0.0,0.0,0,,0,0.0,,,0,0.0,,,0,0
29.L1.8080.FPU8003,0.0,0.0,0,,0,0.0,,,0,0.0,,,0,0
29.L1.8080.FPU8006,0.0,5.0,6,,5,2.0,83.3%,27.8%,4,4.0,,,5,5
29.L1.8080.FPU8007,0.0,0.0,0,,0,0.0,,,0,0.0,,,0,0
29.L1.8080.FPU8011,0.0,8.0,0,,13,3.0,,,2,3.0,,,3,2
29.L1.8080.FPU8013,0.0,0.0,0,,0,0.0,,,0,0.0,,,0,0
29.L1.8080.FPU8014,0.0,0.0,0,15,0,0.0,,,15,0.0,100.0%,0.0%,0,3
29.L1.8080.FPU8016,0.0,0.0,3,,0,0.0,0.0%,0.0%,2,1.0,,,2,2
29.L1.8080.FPU8017,0.0,74.0,0,11,42,25.0,,,22,25.0,0.0%,0.0%,26,20
29.L1.8080.FPU8888,0.0,0.0,0,,0,0.0,,,0,0.0,,,0,0
29.L2.8080.FPU188003,0.0,0.0,0,,0,0.0,,,0,0.0,,,0,0
31.L1.LEO-100100-001,4.0,0.0,0,,37,61.0,,,0,1.0,,,0,0
31.L1.LEO-100100-002,10.0,0.0,263,72,10,15.0,3.8%,5.7%,134,91.0,13.9%,73.6%,146,166
31.L1.LEO-100100-003,13.0,2.0,203,790,142,151.0,70.0%,74.2%,790,73.0,100.0%,9.2%,514,869
31.L1.LEO-100100-004,135.0,16.0,153,4,124,177.0,81.0%,84.5%,108,101.0,0.0%,0.0%,103,114
31.L1.LEO-100100-005,154.0,3.0,715,46,66,82.0,9.2%,11.5%,389,291.0,0.0%,0.0%,410,465
31.L1.LEO-100100-006,8.0,0.0,0,,2,3.0,,,0,3.0,,,0,0
31.L1.LEO-100100-007,173.0,32.0,64,9,108,136.0,31.2%,0.0%,76,90.0,0.0%,0.0%,64,68
31.L1.LEO-100100-008,53.0,151.0,427,,91,68.0,21.3%,15.9%,0,210.0,,,43,149
31.L1.LEO-100100-009,71.0,11.0,9,18,7,29.0,77.8%,0.0%,26,30.0,55.6%,31.5%,17,36
31.L1.LEO-100100-010,0.0,0.0,0,,0,0.0,,,0,0.0,,,0,0
31.L1.LEO-100100-011,119.0,54.0,60,394,64,61.0,93.3%,98.9%,70,78.0,17.8%,19.7%,64,65
31.L1.LEO-100100-012,1.0,1.0,50,254,1,1.0,2.0%,1.3%,254,17.0,100.0%,6.8%,165,279
32.L1.ACC-080160-001,5.0,63.0,35,11,36,27.0,97.1%,78.1%,37,34.0,0.0%,0.0%,42,39
32.L1.ACC-080160-002,0.0,0.0,1,1,0,0.0,0.0%,0.0%,1,0.0,100.0%,33.3%,1,1
32.L1.ACC-080160-003,116.0,59.0,5,6,64,58.0,0.0%,0.0%,43,60.0,0.0%,0.0%,35,31
32.L1.ACC-080160-004,21.0,21.0,93,4,45,60.0,48.4%,64.9%,57,45.0,0.0%,0.0%,61,66
32.L1.ACC-120120-001,72.0,11.0,0,,27,28.0,,,18,28.0,,,11,11
32.L1.ACC-120120-002,0.0,0.0,0,,0,47.0,,,0,0.0,,,0,0
32.L1.ACC-120120-003,32.0,62.0,0,2,41,33.0,,,25,31.0,0.0%,0.0%,25,20
32.L1.ACC-120120-004,2.0,6.0,14,,7,9.0,50.0%,61.9%,9,7.0,,,10,10
32.L1.ACC-120120-005,0.0,2.0,43,3,20,9.0,46.5%,21.7%,1,15.0,33.3%,0.0%,1,1
32.L1.ACC-120120-006,0.0,0.0,12,,0,0.0,0.0%,2.8%,6,4.0,,,7,8
32.L1.ACC-120120-007,11.0,1.0,23,1,5,4.0,21.7%,17.4%,10,12.0,0.0%,0.0%,6,14
32.L1.ACC-120120-008,98.0,0.0,13,,29,33.0,0.0%,0.0%,26,37.0,,,17,19
32.L1.ACC-120120-009,15.0,2.0,0,,12,16.0,,,4,6.0,,,2,2
32.L1.ACC-120120-010,66.0,0.0,95,,20,22.0,21.1%,23.2%,61,54.0,,,59,67
33.L1.ICO-020120-11002,5.0,0.0,138,435,159,57.0,84.8%,41.5%,2,48.0,0.5%,11.0%,1,3
33.L1.ICO-020120-11005,420.0,144.0,0,103,293,347.0,,,127,188.0,76.7%,17.5%,92,84
33.L1.ICO-020120-13001,1905.0,529.0,192,162,990,1069.0,0.0%,0.0%,162,875.0,100.0%,0.0%,97,442
33.L1.ICO-020120-13003,574.0,0.0,0,,381,539.0,,,0,191.0,,,0,0
33.L1.ICO-020120-13004,0.0,339.0,210,,270,280.0,71.4%,66.5%,0,183.0,,,0,32
33.L1.ICO-060120-002,0.0,0.0,0,,0,0.0,,,0,0.0,,,0,0
33.L1.ICO-060120-003,0.0,0.0,4,,0,0.0,0.0%,0.0%,2,1.0,,,2,2
33.L1.ICO-060120-004,116.0,4.0,0,3,37,41.0,,,24,40.0,0.0%,0.0%,13,14
33.L1.ICO-060120-005,0.0,0.0,0,,0,0.0,,,0,0.0,,,0,0
33.L1.ICO-060120-006,0.0,0.0,0,,0,0.0,,,0,0.0,,,0,0
33.L1.ICO-060120-007,0.0,0.0,0,4,0,6.0,,,0,0.0,0.0%,0.0%,0,0
33.L1.ICO-060120-008,21.0,30.0,26,33,30,32.0,84.6%,75.6%,26,26.0,78.8%,77.8%,27,26
33.L1.ICO-060120-009,0.0,0.0,0,5,0,0.0,,,5,0.0,100.0%,0.0%,0,3
33.L1.ICO-080160-001,0.0,0.0,0,,0,0.0,,,0,0.0,,,0,0
33.L1.ICO-080160-002,0.0,0.0,0,,0,0.0,,,0,0.0,,,0,0
33.L1.ICO-080160-003,0.0,0.0,0,,0,0.0,,,0,0.0,,,0,0
33.L1.ICO-080160-005,4.0,57.0,0,13,48,52.0,,,18,20.0,61.5%,43.6%,20,15
34.L1.ITA-060120-002,11.0,12.0,4,127,26,35.0,0.0%,0.0%,8,9.0,6.3%,7.1%,8,7
34.L1.ITA-060120-003,17.0,4.0,0,9,7,7.0,,,5,7.0,55.6%,77.8%,3,3
34.L1.ITA-060120-006,38.0,0.0,0,,13,15.0,,,0,13.0,,,0,0
34.L1.ITA-060120-007,0.0,0.0,0,,0,1.0,,,0,0.0,,,0,0
36.L1.3060.USC3601,0.0,32.0,32,,32,11.0,100.0%,33.3%,26,21.0,,,29,29
36.L1.3060.USC3601D,23.0,6.0,649,47,57,10.0,8.8%,1.5%,331,226.0,0.0%,0.0%,361,410
36.L1.3060.USC3601V,7.0,24.0,17,62,25,10.0,52.9%,60.8%,17,16.0,27.4%,25.8%,18,18
36.L1.3060.USC3602,766.0,512.0,0,110,688,426.0,,,110,426.0,100.0%,0.0%,30,110
36.L1.3060.USC3602D,455.0,0.0,0,,420,152.0,,,0,152.0,,,0,0
36.L1.3060.USC3602V,251.0,0.0,64,163,360,84.0,0.0%,69.3%,82,105.0,50.3%,64.4%,60,67
36.L1.3060.USC3603,0.0,148.0,0,,303,49.0,,,44,49.0,,,52,39
36.L1.3060.USC3603D,476.0,243.0,0,,273,253.0,,,0,240.0,,,0,0
36.L1.3060.USC3603V,418.0,0.0,0,418,288,139.0,,,0,139.0,0.0%,33.3%,0,0
36.L1.3060.USC3604,8.0,0.0,0,,2,3.0,,,0,3.0,,,0,0
36.L1.3060.USC3604D,0.0,0.0,91,,0,0.0,0.0%,0.0%,46,30.0,,,50,57
36.L1.3060.USC3604V,0.0,0.0,314,56,0,0.0,0.0%,0.0%,157,105.0,0.0%,13.1%,173,196
36.L1.3060.USC3621,288.0,61.0,0,,117,116.0,,,76,116.0,,,50,48
36.L1.3060.USC3621D,0.0,0.0,0,,0,0.0,,,0,0.0,,,0,0
36.L1.3060.USC3622,0.0,0.0,0,,0,0.0,,,0,0.0,,,0,0
36.L1.3060.USC3623,0.0,0.0,24,,0,256.0,0.0%,0.0%,0,8.0,,,0,4
36.L1.3060.USC3623D,0.0,0.0,0,,0,77.0,,,0,0.0,,,0,0
36.L1.3060.USC3624,0.0,0.0,0,,0,0.0,,,0,0.0,,,0,0
36.L1.3060.USC3625,0.0,0.0,0,,0,0.0,,,0,0.0,,,0,0
36.L1.3060.USC3625D,0.0,0.0,0,,0,0.0,,,0,0.0,,,0,0
36.L1.3060.USC3626,0.0,0.0,0,,0,0.0,,,0,0.0,,,0,0
36.L1.3060.USC3627,0.0,0.0,0,,0,70.0,,,0,0.0,,,0,0
36.L1.3060.USC3627D,0.0,0.0,0,,0,0.0,,,0,0.0,,,0,0
36.L1.3060.USC3628,0.0,0.0,0,,0,0.0,,,0,0.0,,,0,0
36.L1.3060.USC3629,0.0,0.0,0,,0,0.0,,,0,0.0,,,0,0
36.L1.3060.USC3629D,0.0,0.0,0,,0,0.0,,,0,0.0,,,0,0
36.L1.3060.USC3630,0.0,0.0,0,,0,0.0,,,0,0.0,,,0,0
36.L1.3060.USC3631,77.0,91.0,0,98,258,372.0,,,98,56.0,100.0%,57.1%,49,83
36.L1.3060.USC3631D,0.0,43.0,0,,22,14.0,,,13,14.0,,,15,11
36.L1.3060.USC3632,175.0,0.0,237,,107,84.0,45.1%,35.6%,0,137.0,,,24,83
36.L1.3060.USC3633,0.0,307.0,438,592,154,103.0,35.2%,23.4%,311,248.0,52.5%,41.9%,348,355
36.L1.3060.USC3633D,0.0,8.0,0,,30,3.0,,,2,3.0,,,3,2
36.L1.3060.USC3634,23.0,0.0,0,,7,8.0,,,0,8.0,,,0,0
36.L1.3060.USC3635,352.0,0.0,1612,,133,163.0,8.3%,10.1%,0,655.0,,,0,0
36.L1.3060.USC3635D,16.0,2.0,0,,24,6.0,,,4,6.0,,,2,2
36.L1.3060.USC3636,0.0,0.0,0,,0,0.0,,,0,0.0,,,0,0
36.L1.3060.USC3637,0.0,0.0,0,,0,0.0,,,0,0.0,,,0,0
36.L1.3060.USC3637D,0.0,0.0,0,,0,0.0,,,0,0.0,,,0,0
36.L1.3060.USC3638,0.0,0.0,0,,0,0.0,,,0,0.0,,,0,0
36.L1.3060.USC3639,199.0,32.0,24,,76,77.0,0.0%,0.0%,61,85.0,,,44,45
36.L1.3060.USC3639D,2.0,8.0,0,,80,3.0,,,3,3.0,,,3,2
36.L1.3060.USC3640,0.0,35.0,0,,36,12.0,,,10,12.0,,,12,9
36.L1.3060.USC3641,618.0,341.0,89,213,308,331.0,0.0%,0.0%,270,349.0,73.2%,36.0%,230,214
36.L1.3060.USC3641D,2.0,12.0,16,,37,17.0,0.0%,93.8%,12,10.0,,,13,13
36.L1.3060.USC3642,127.0,147.0,6,,103,95.0,0.0%,0.0%,72,93.0,,,67,56
36.L1.3060.USC3645,16.0,151.0,0,,80,56.0,,,48,56.0,,,54,41
36.L1.3060.USC3645D,0.0,11.0,0,,18,4.0,,,3,4.0,,,4,3
36.L1.3060.USC3646,0.0,0.0,0,,0,0.0,,,0,0.0,,,0,0
36.L1.3060.USC3647,0.0,8.0,0,,12,3.0,,,2,3.0,,,3,2
36.L1.3060.USC3647D,159.0,63.0,328,,128,91.0,39.0%,27.8%,0,183.0,,,0,29
36.L1.3060.USC3648,0.0,14.0,0,,22,5.0,,,4,5.0,,,5,4
36.L1.3060.USC3649,128.0,130.0,0,,184,97.0,,,65,86.0,,,58,48
36.L1.3060.USC3649D,18.0,228.0,85,97,228,82.0,0.0%,96.5%,114,110.0,82.5%,86.3%,128,115
36.L1.3060.USC3650,0.0,16.0,0,16,8,5.0,,,5,5.0,31.2%,33.3%,6,4
36.L1.3060.USC3651,3.0,97.0,36,,225,217.0,0.0%,0.0%,48,45.0,,,54,49
36.L1.3060.USC3651D,82.0,32.0,4,155,48,38.0,0.0%,0.0%,28,39.0,18.1%,25.4%,22,20
36.L1.3060.USC3652,0.0,0.0,72,,0,0.0,0.0%,0.0%,36,24.0,,,40,45
36.L1.6060.IP6001,0.0,0.0,0,,0,0.0,,,0,0.0,,,0,0
36.L1.6060.IP6002,0.0,0.0,0,,0,0.0,,,0,0.0,,,0,0
36.L1.6060.IP6003,40.0,0.0,59,,223,13.0,0.0%,22.6%,38,33.0,,,37,42
36.L1.6060.IP6007,0.0,0.0,0,,0,0.0,,,0,0.0,,,0,0
36.L1.8080.IP8001,0.0,22.0,0,,11,7.0,,,7,7.0,,,8,6
36.L1.8080.IP8002,0.0,7.0,0,33,4,2.0,,,33,2.0,100.0%,7.1%,21,36
36.L1.8080.IP8003,0.0,0.0,0,53,0,0.0,,,53,0.0,100.0%,0.0%,34,58
38.L1.3060.ICC3600,3062.0,1499.0,2395,4157,2400,3642.0,99.8%,47.9%,2260,2319.0,54.4%,55.8%,2148,2231
38.L1.3060.ICC3600D,21.0,40.0,35,19,126,180.0,0.0%,0.0%,34,32.0,21.1%,31.6%,36,35
38.L1.3060.ICC3600V,583.0,280.0,533,846,510,613.0,95.7%,84.9%,467,465.0,55.2%,55.0%,449,471
38.L1.3060.ICC3601,5576.0,3499.0,683,1610,3911,4186.0,0.0%,0.0%,2506,3253.0,44.3%,0.0%,2158,1967
38.L1.3060.ICC3601D,0.0,53.0,152,,53,18.0,34.9%,11.6%,92,68.0,,,102,109
38.L1.3060.ICC3601V,469.0,294.0,136,193,394,431.0,0.0%,0.0%,250,300.0,70.5%,44.7%,225,215
38.L1.3060.ICC3602,6292.0,3514.0,813,3324,4128,4074.0,0.0%,0.0%,2719,3540.0,81.8%,93.5%,2306,2131
38.L1.3060.ICC3602D,54.0,48.0,110,86,176,261.0,40.0%,0.0%,86,71.0,100.0%,82.2%,54,86
38.L1.3060.ICC3602V,1534.0,726.0,72,342,1016,1074.0,0.0%,0.0%,561,777.0,36.0%,0.0%,447,406
38.L1.3060.ICC3603,592.0,3322.0,1104,10,2400,2607.0,0.0%,0.0%,10,1673.0,100.0%,0.0%,5,8
38.L1.3060.ICC3603D,163.0,52.0,18,16,200,421.0,0.0%,0.0%,57,78.0,0.0%,0.0%,44,43
38.L1.3060.ICC3604,880.0,1292.0,1160,113,1569,1822.0,64.7%,43.0%,113,1111.0,100.0%,0.0%,73,113
38.L1.3060.ICC3605,1320.0,1310.0,1839,407,1446,1535.0,78.6%,83.5%,407,1490.0,100.0%,0.0%,265,1221
38.L1.3060.ICC3605D,128.0,28.0,25,36,375,52.0,0.0%,0.0%,46,60.0,72.2%,32.4%,36,37
38.L1.3060.ICC3606,375.0,651.0,507,507,619,643.0,77.9%,73.1%,524,511.0,96.6%,99.2%,544,531
38.L1.3060.ICC3607,3121.0,5985.0,2224,939,2108,4349.0,94.8%,4.4%,3532,3777.0,0.0%,0.0%,3630,3319
38.L1.3060.ICC3607D,80.0,4.0,105,8,155,242.0,52.4%,0.0%,70,63.0,0.0%,0.0%,67,76
38.L1.3060.ICC3608,3346.0,387.0,710,408,1989,2690.0,0.0%,0.0%,408,1481.0,100.0%,0.0%,307,1398
38.L1.3060.KAI3600,15205.0,21152.0,14398,12743,16919,15088.0,82.5%,95.2%,16586,16918.0,69.8%,67.2%,16843,16277
38.L1.3060.KAI3600D,592.0,35.0,24,115,283,212.0,0.0%,0.0%,141,217.0,77.4%,11.3%,85,90
38.L1.3060.KAI3600V,2700.0,2148.0,1581,1010,2045,1884.0,70.7%,80.9%,1975,2143.0,4.5%,0.0%,1891,1854
38.L1.3060.KAI3601,7578.0,11275.0,9791,19573,8352,7019.0,85.3%,71.7%,9794,9548.0,50.0%,48.8%,10089,9941
38.L1.3060.KAI3601AD,47.0,41.0,167,296,58,31.0,34.7%,18.4%,105,85.0,35.5%,28.7%,111,120
38.L1.3060.KAI3601AV,666.0,1002.0,619,1568,719,586.0,83.8%,94.6%,743,762.0,47.4%,48.6%,758,726
38.L1.3060.KAI3601BD,100.0,284.0,128,408,93,150.0,72.7%,82.6%,169,171.0,41.4%,41.8%,180,166
38.L1.3060.KAI3601BV,674.0,628.0,1206,1408,581,541.0,48.2%,44.9%,926,836.0,65.8%,59.4%,950,994
38.L1.3060.KAI3603,6278.0,4841.0,7015,6977,4600,4200.0,65.6%,59.9%,6215,6045.0,89.1%,86.6%,6180,6358
38.L1.3060.KAI3603D,718.0,983.0,862,1115,793,710.0,92.0%,82.4%,870,854.0,78.0%,76.6%,890,878
38.L1.3060.KAI3604,1995.0,3277.0,3309,3190,2796,2689.0,84.5%,81.3%,3037,2860.0,95.2%,89.7%,3167,3156
38.L1.3060.KAI3605,2191.0,6252.0,11416,6068,11400,4404.0,99.9%,38.6%,8022,6620.0,67.8%,90.9%,8686,9033
38.L1.3060.KAI3605D,314.0,555.0,651,464,410,353.0,63.0%,54.2%,555,507.0,80.4%,90.8%,584,589
38.L1.3060.KAI3606,2115.0,3794.0,5496,2220,3024,2791.0,55.0%,50.8%,4309,3802.0,5.9%,28.8%,4562,4673
38.L1.3060.KAI3607,296.0,1498.0,275,1830,0,1793.0,0.0%,0.0%,646,690.0,35.3%,37.7%,705,601
38.L1.3060.KAI3607D,69.0,405.0,183,100,276,246.0,49.2%,65.4%,227,219.0,0.0%,0.0%,249,229
38.L1.3060.KAI3608,1185.0,1843.0,1780,1805,1716,1741.0,96.4%,97.8%,1680,1603.0,93.1%,88.8%,1743,1732
38.L1.3060.UGC3600,0.0,0.0,0,,0,27.0,,,0,0.0,,,0,0
38.L1.3060.UGC3600AD,199.0,0.0,128,,144,95.0,87.5%,74.0%,0,109.0,,,13,45
38.L1.3060.UGC3600AV,0.0,0.0,34,,0,27.0,0.0%,78.4%,17,11.0,,,19,21
38.L1.3060.UGC3600BD,0.0,0.0,0,,0,0.0,,,0,0.0,,,0,0
38.L1.3060.UGC3600BV,0.0,112.0,0,,112,37.0,,,34,37.0,,,39,30
38.L1.3060.UGC3602,0.0,0.0,0,,0,0.0,,,0,0.0,,,0,0
38.L1.3060.UGC3602AD,0.0,0.0,0,,0,0.0,,,0,0.0,,,0,0
38.L1.3060.UGC3602AV,0.0,0.0,0,,0,0.0,,,0,0.0,,,0,0
38.L1.3060.UGC3602BD,0.0,0.0,0,,0,0.0,,,0,0.0,,,0,0
38.L1.3060.UGC3602BV,0.0,0.0,360,582,0,0.0,0.0%,0.0%,582,120.0,100.0%,20.6%,457,485
38.L1.4080.UT481001D,42.0,9.0,403,9,24,28.0,6.0%,6.9%,213,151.0,0.0%,0.0%,229,259
38.L1.4080.UT481001T,2698.0,5696.0,5024,4033,4312,3890.0,85.8%,77.4%,4760,4473.0,82.0%,89.1%,5026,4946
38.L1.4080.UT481001V,156.0,13.0,518,306,70,85.0,13.5%,16.3%,294,229.0,96.1%,74.8%,305,344
38.L1.4080.UT481002D,76.0,331.0,25,,194,145.0,0.0%,0.0%,0,144.0,,,0,0
38.L1.4080.UT481002V,154.0,384.0,152,80,279,248.0,16.4%,37.1%,222,230.0,0.0%,0.0%,233,214
38.L1.4080.UT481003D,32.0,185.0,119,25,122,77.0,97.5%,64.7%,121,112.0,0.0%,0.0%,133,127
38.L1.4080.UT481003V,32.0,227.0,542,29,139,113.0,25.6%,20.9%,346,267.0,0.0%,0.0%,381,403
38.L1.4080.UT481004D,75.0,240.0,223,,152,120.0,68.2%,54.0%,0,179.0,,,0,0
38.L1.4080.UT481004T,6848.0,4421.0,9491,4107,5641,6050.0,59.4%,63.7%,7441,6920.0,18.8%,31.5%,7452,7856
38.L1.4080.UT481004V,282.0,240.0,352,134,256,259.0,72.7%,73.7%,304,291.0,0.0%,0.0%,306,315
38.L1.4080.UT481005D,213.0,7.0,386,66,84,101.0,21.8%,26.1%,238,202.0,0.0%,0.0%,236,267
38.L1.4080.UT481005V,515.0,206.0,414,157,366,385.0,88.4%,93.0%,322,378.0,0.0%,0.0%,208,454
38.L1.4080.UT481006D,30.0,30.0,0,60,42,50.0,,,15,20.0,25.0%,33.3%,14,12
38.L1.4080.UT481006V,73.0,232.0,194,275,168,151.0,86.6%,77.8%,181,166.0,65.8%,60.5%,195,191
38.L1.5050.SVICC501,10530.0,6192.0,384,340,0,7936.0,0.0%,0.0%,340,5702.0,100.0%,0.0%,199,905
38.L1.5050.SVICC502,11174.0,3974.0,82,724,0,8309.0,0.0%,0.0%,724,5077.0,100.0%,0.0%,222,1008
38.L1.5050.SVICC503,896.0,324.0,0,,661,791.0,,,0,407.0,,,0,0
38.L1.5050.SVICC504,14784.0,1020.0,1160,1736,1200,7676.0,96.6%,0.0%,4806,5655.0,0.0%,0.0%,941,1593
38.L1.5050.SVICC505,21260.0,6494.0,2744,3042,2800,12987.0,98.0%,0.0%,3042,10166.0,100.0%,0.0%,1591,3304
38.L1.5050.SVICC506,20830.0,11947.0,2028,3747,2100,14364.0,96.4%,0.0%,9861,11602.0,0.0%,0.0%,1877,3176
38.L1.5050.SVICC507,30724.0,20906.0,3873,3613,3900,26141.0,99.3%,0.0%,3613,18501.0,100.0%,0.0%,2059,5182
38.L1.5050.SVICC508,18008.0,17178.0,1412,2569,1500,15908.0,93.8%,0.0%,2569,12199.0,100.0%,0.0%,1095,4976
38.L1.5050.SVICC509,12428.0,16325.0,5600,3616,5900,14508.0,94.6%,0.0%,10183,11451.0,0.0%,0.0%,2995,5069
38.L1.5050.SVKAI501,7109.0,11032.0,7649,9535,9744,9539.0,72.6%,75.3%,8556,8597.0,89.7%,90.2%,8779,8486
38.L1.5050.SVKAI502,2120.0,948.0,1332,3477,1977,2468.0,51.6%,14.7%,1374,1467.0,39.5%,42.2%,1276,1317
38.L1.5050.SVKAI503,2344.0,4752.0,4350,4780,3605,3241.0,82.9%,74.5%,4069,3815.0,85.1%,79.8%,4290,4236
38.L1.5050.SVKAI504,9186.0,5140.0,6630,5889,6694,7056.0,99.0%,93.6%,6694,6985.0,86.3%,81.4%,6364,6516
38.L1.5050.SVKAI505,6069.0,3026.0,5270,5393,6272,3853.0,81.0%,73.1%,4757,4788.0,88.2%,88.8%,4565,4764
38.L1.5050.SVKAI506,19178.0,10253.0,15088,15302,12992,13330.0,86.1%,88.3%,14456,14840.0,94.5%,97.0%,13805,14257
38.L1.5050.SVKAI507,4345.0,3172.0,4902,6016,3998,4354.0,81.6%,88.8%,4272,4140.0,71.0%,68.8%,4241,4382
38.L1.5050.SVUSC505,2012.0,934.0,2618,2190,1016,1175.0,38.8%,44.9%,1992,1855.0,91.0%,84.7%,1968,2105
38.L1.5050.SVUSC506,2020.0,3333.0,3691,2838,2520,2198.0,68.3%,59.5%,3249,3015.0,85.5%,93.8%,3398,3412
38.L1.5050.SVUSC507,3494.0,2414.0,2986,1836,3146,2583.0,94.6%,86.5%,2916,2965.0,41.2%,38.5%,2837,2890
38.L1.5050.SVUSC510,1806.0,1146.0,586,1822,1396,1452.0,0.0%,0.0%,998,1179.0,54.8%,64.7%,904,869
38.L1.5050.SVUSC511,1182.0,2455.0,2454,2360,2070,2026.0,84.4%,82.6%,2200,2030.0,93.2%,86.0%,2327,2314
38.L1.5050.SVUSC512,1928.0,1343.0,2774,3455,1797,2002.0,64.8%,72.2%,2176,2015.0,63.0%,58.3%,2189,2302
38.L1.5050.SVUSC513,4504.0,3414.0,3034,3692,3486,3352.0,85.1%,89.5%,3442,3651.0,93.2%,98.9%,3314,3296
38.L1.5050.SVUSC514,4002.0,1992.0,1338,3399,2100,2186.0,43.0%,36.6%,2067,2444.0,60.8%,71.9%,1833,1804
39.L1.3060.USGM3601,167.0,230.0,470,1132,254,281.0,54.0%,59.9%,337,289.0,29.8%,25.5%,356,373
39.L1.3060.USGM3602,0.0,0.0,0,85,0,0.0,,,0,0.0,0.0%,0.0%,0,0
39.L1.3060.USGM3603,434.0,402.0,161,3411,357,322.0,0.0%,0.2%,3411,332.0,100.0%,9.7%,1089,3318
39.L1.3060.USGM3604,654.0,152.0,1128,642,1111,1667.0,98.5%,52.2%,740,645.0,84.7%,99.6%,739,817
39.L1.3060.USGM3605,38.0,32.0,328,88,38,41.0,11.6%,12.6%,181,133.0,0.0%,49.2%,195,217
39.L1.3060.USGM3606,971.0,857.0,1058,1135,900,899.0,85.1%,85.0%,980,962.0,86.3%,84.8%,979,995
39.L1.3060.USGM3607,251.0,52.0,859,1791,216,291.0,25.1%,33.9%,495,387.0,27.6%,21.6%,516,578
39.L1.3060.USGM3608,24.0,16.0,69,75,32,26.0,46.4%,38.2%,44,36.0,58.7%,48.4%,46,50
39.L1.3060.USGM3609,570.0,2082.0,979,771,1351,1115.0,62.0%,86.1%,1228,1210.0,40.7%,43.0%,1324,1226
39.L1.3060.USGM3610,516.0,573.0,216,701,601,629.0,0.0%,0.0%,383,435.0,54.6%,62.1%,371,344
39.L1.3060.USGM3611,38.0,16.0,0,80,38,18.0,,,12,18.0,15.0%,22.5%,9,8
39.L1.3060.USGM3612,719.0,92.0,348,398,435,559.0,75.0%,39.3%,345,386.0,86.7%,97.1%,295,321
39.L1.3060.USGM3613,4176.0,2826.0,4327,5933,4000,3071.0,92.4%,71.0%,3846,3776.0,64.8%,63.6%,3786,3912
39.L1.3060.USGM3614,4567.0,1449.0,3046,2800,3106,3692.0,98.0%,78.8%,2871,3021.0,97.5%,92.1%,2639,2790
39.L1.3060.USGM3615,4181.0,2236.0,7387,10495,3400,3603.0,46.0%,48.8%,10495,4601.0,100.0%,43.8%,8737,9129
39.L1.3060.USGM3616,4479.0,4579.0,6353,9534,4755,4889.0,74.8%,77.0%,9534,5137.0,100.0%,53.9%,8084,8346
39.L1.3060.USGM3617,7001.0,6492.0,8389,11058,5856,5347.0,69.8%,63.7%,11058,7294.0,100.0%,66.0%,9801,10037
39.L1.3060.USGM3618,2691.0,3274.0,3061,5253,2700,2285.0,88.2%,74.6%,3051,3009.0,58.1%,57.3%,3099,3077
39.L1.3060.USGM3619,3901.0,5330.0,5080,2308,4800,3788.0,94.5%,74.6%,4919,4770.0,0.0%,0.0%,5050,5017
39.L1.3060.USGM3620,2852.0,3485.0,14412,11933,14400,2480.0,99.9%,17.2%,11933,6916.0,100.0%,58.0%,11832,12120
39.L1.4080.USG48003,626.0,4515.0,1977,566,1500,1730.0,75.9%,87.5%,2468,2373.0,0.0%,0.0%,2730,2501
39.L1.4080.USG48004,0.0,270.0,328,140,138,95.0,42.1%,28.9%,245,199.0,25.0%,57.6%,275,277
39.L1.4080.USG48005,161.0,834.0,979,565,594,545.0,60.7%,55.7%,772,658.0,63.4%,83.5%,846,850
39.L1.4080.USG48006,2183.0,1425.0,1515,801,1539,1489.0,98.4%,98.3%,1622,1708.0,0.0%,0.0%,1550,1565
39.L1.4080.USG48007,256.0,13.0,14,187,83,90.0,0.0%,0.0%,62,94.0,33.2%,50.4%,38,40
39.L1.4080.USG48008,942.0,338.0,102,382,400,427.0,0.0%,0.0%,341,461.0,89.3%,79.4%,269,257
39.L1.4080.USG48009,1736.0,2140.0,216,12,1963,1912.0,0.0%,0.0%,12,1364.0,100.0%,0.0%,63,285
39.L1.4080.USG48010,140.0,245.0,0,,164,128.0,,,0,128.0,,,0,0
39.L1.4080.USG48011,1835.0,382.0,30,,955,1095.0,0.0%,0.0%,0,749.0,,,0,4
39.L1.4080.USG48012,920.0,63.0,638,,477,611.0,74.8%,95.7%,0,540.0,,,0,96
39.L1.4080.USG48013,223.0,3.0,255,12,253,152.0,99.2%,59.6%,173,160.0,0.0%,0.0%,164,185
39.L1.4080.USG48014,758.0,146.0,209,372,416,494.0,1.0%,0.0%,300,371.0,80.6%,99.7%,242,253
39.L1.4080.USG48015,87.0,240.0,151,,180,182.0,80.8%,79.2%,0,159.0,,,27,90
39.L1.4080.USG48016,0.0,311.0,65,,4,104.0,6.2%,40.5%,0,125.0,,,6,23
39.L1.4080.USG48017,244.0,4202.0,1679,238,2952,2779.0,24.2%,34.5%,238,2042.0,100.0%,0.0%,155,714
39.L1.6060.UGG6001,3479.0,2116.0,2310,1960,2800,3796.0,78.8%,35.7%,2486,2635.0,73.2%,65.6%,2359,2387
39.L1.6060.UGG6003,1289.0,1619.0,1508,891,1400,2126.0,92.8%,59.0%,1498,1472.0,31.9%,34.8%,1525,1514
39.L1.6060.UGG6004,3012.0,3308.0,1854,1656,3500,3979.0,11.2%,0.0%,2522,2725.0,47.7%,35.5%,2479,2367
39.L1.6060.UGG6006,1652.0,1266.0,525,2156,1200,1206.0,0.0%,0.0%,973,1148.0,45.1%,53.2%,897,845
39.L1.6060.UGG6007,3053.0,3286.0,1924,1071,3200,3628.0,33.7%,11.4%,1071,2754.0,100.0%,0.0%,696,1369
39.L1.6060.UGG6010,1602.0,2604.0,1615,1811,2100,1981.0,70.0%,77.4%,1909,1940.0,94.6%,92.9%,1960,1876
39.L1.6060.USGM6001,44.0,611.0,28,402,650,719.0,0.0%,0.0%,206,228.0,51.2%,56.6%,234,184
39.L1.6060.USGM6002,3790.0,1042.0,3825,1084,2037,2242.0,53.3%,58.6%,2983,2886.0,0.0%,0.0%,2847,3083
39.L1.6060.USGM6003,1131.0,2886.0,4371,3027,2780,3001.0,63.6%,68.7%,3278,2796.0,91.7%,92.4%,3528,3622
39.L1.6060.USGM6004,2913.0,2342.0,1246,1995,3000,3418.0,0.0%,0.0%,1908,2167.0,95.6%,91.4%,1796,1720
39.L1.6060.USGM6005,2177.0,2106.0,2593,2835,2200,2234.0,84.8%,86.1%,2364,2292.0,83.4%,80.8%,2381,2418
39.L1.6060.USGM6006,2727.0,1427.0,2080,1190,2211,2518.0,93.7%,79.0%,2014,2078.0,30.8%,25.4%,1916,1978
39.L1.6060.USGM6007,2745.0,2742.0,5187,2941,2636,2564.0,50.8%,49.4%,3965,3558.0,65.2%,79.0%,4087,4270
39.L1.6060.USGM6008,6235.0,2075.0,1958,2800,4200,4762.0,0.0%,0.0%,2848,3423.0,98.3%,77.8%,2426,2459
39.L2.3060.USGM3613,0.0,0.0,0,,0,0.0,,,0,0.0,,,0,0
39.L2.3060.USGM3619,0.0,0.0,0,,0,0.0,,,0,0.0,,,0,0
39.L2.6060.UGG6003,0.0,0.0,0,,0,0.0,,,0,0.0,,,0,0
39.L3.6060.USGM6008,0.0,0.0,0,,0,0.0,,,0,0.0,,,0,0
40.L1.3060.UGC3600,45147.0,52532.0,61346,43852,46222,43246.0,75.3%,70.5%,55462,53008.0,73.5%,79.1%,56641,57228
40.L1.3060.UGC3600AD,105.0,110.0,368,301,86,72.0,23.4%,19.5%,238,194.0,79.1%,64.6%,251,270
40.L1.3060.UGC3600AV,2145.0,2517.0,2841,2262,2200,1970.0,77.4%,69.3%,2605,2501.0,84.8%,89.4%,2658,2679
40.L1.3060.UGC3600BD,89.0,248.0,404,528,158,125.0,39.1%,30.9%,294,247.0,55.7%,46.8%,318,328
40.L1.3060.UGC3600BV,2125.0,1521.0,2819,3178,1775,1844.0,63.0%,65.4%,2291,2155.0,72.1%,67.8%,2295,2399
40.L1.3060.UGC3602,27944.0,37288.0,39602,31389,34000,32653.0,85.9%,82.5%,36576,34945.0,83.5%,88.7%,37626,37706
40.L1.3060.UGC3602AD,240.0,310.0,418,342,259,236.0,62.0%,56.5%,350,323.0,97.7%,94.3%,362,370
40.L1.3060.UGC3602AV,2043.0,2355.0,2449,2565,2308,2329.0,94.2%,95.1%,2340,2282.0,91.2%,89.0%,2376,2380
40.L1.3060.UGC3602BD,280.0,289.0,555,213,261,244.0,47.0%,43.9%,420,375.0,2.8%,24.1%,434,454
40.L1.3060.UGC3602BV,2641.0,3184.0,3724,2019,3000,2941.0,80.6%,79.0%,3345,3183.0,34.3%,42.3%,3426,3461
40.L1.3060.USC3601,6568.0,16380.0,11677,5807,11929,10597.0,97.8%,90.8%,12066,11542.0,0.0%,1.2%,12812,12361
40.L1.3060.USC3601D,212.0,603.0,262,175,350,320.0,66.4%,78.0%,354,359.0,0.0%,0.0%,376,347
40.L1.3060.USC3601V,906.0,2387.0,1607,1081,1500,1552.0,93.3%,96.6%,1701,1633.0,42.6%,48.9%,1810,1737
40.L1.3060.USC3602,1838.0,4746.0,6097,1056,4324,4527.0,70.9%,74.3%,4840,4227.0,0.0%,0.0%,5198,5270
40.L1.3060.USC3602D,11.0,312.0,200,96,74,120.0,37.0%,59.8%,196,174.0,0.0%,18.4%,220,209
40.L1.3060.USC3602V,194.0,635.0,425,72,530,534.0,75.3%,74.4%,72,418.0,100.0%,0.0%,47,151
40.L1.3060.USC3603,4169.0,5631.0,8936,5736,5581,5792.0,62.5%,64.8%,6991,6245.0,78.1%,91.1%,7302,7536
40.L1.3060.USC3603D,178.0,279.0,93,262,368,207.0,0.0%,0.0%,166,183.0,63.4%,70.0%,167,152
40.L1.3060.USC3603V,726.0,943.0,1383,860,866,850.0,62.6%,61.5%,1120,1017.0,69.8%,81.7%,1164,1195
40.L1.3060.USC3604,0.0,0.0,0,,0,0.0,,,0,0.0,,,0,0
40.L1.3060.USC3604D,0.0,0.0,0,,0,0.0,,,0,0.0,,,0,0
40.L1.3060.USC3604V,0.0,88.0,0,,30,29.0,,,26,29.0,,,31,23
41.L1.3060.M3101,9376.0,2990.0,9797,1619,5573,6231.0,56.9%,63.6%,7671,7388.0,0.0%,0.0%,7373,7947
41.L1.3060.M3102,714.0,593.0,1331,304,664,692.0,49.9%,52.0%,986,879.0,0.0%,0.0%,1011,1068
41.L1.3060.M3103,4667.0,6033.0,6495,4100,5712,5725.0,87.9%,88.1%,5991,5732.0,53.9%,60.2%,6151,6172
41.L1.3060.M3104,350.0,699.0,784,453,576,552.0,73.5%,70.4%,672,611.0,51.7%,65.1%,711,714
41.L1.3060.M3105,82.0,62.0,39,1449,100,160.0,0.0%,0.0%,1449,61.0,100.0%,4.2%,0,258
41.L1.3060.M3106,127.0,144.0,39,581,164,180.0,0.0%,0.0%,88,103.0,15.1%,17.8%,84,76
41.L1.3060.M3107,50.0,0.0,0,262,31,43.0,,,0,17.0,0.0%,6.4%,0,0
41.L1.3060.M3108,75.0,44.0,56,374,76,92.0,64.3%,35.1%,374,58.0,100.0%,15.6%,187,318
41.L1.3060.M3201,136.0,0.0,1309,18,136,52.0,10.4%,4.0%,682,482.0,0.0%,0.0%,734,833
41.L1.3060.M3203,169.0,151.0,0,8,182,203.0,,,79,107.0,0.0%,0.0%,70,59
41.L1.3060.M3205,68.0,63.0,0,25,49,48.0,,,32,44.0,72.0%,25.3%,29,24
41.L1.3060.M3207,19.0,0.0,0,22,6,7.0,,,0,6.0,0.0%,28.8%,0,0
41.L1.3060.M3301,9207.0,7517.0,14709,11574,14700,9654.0,99.9%,65.6%,8906,10478.0,76.9%,90.5%,5763,12573
41.L1.3060.M3302,1460.0,2130.0,1215,1305,1813,1520.0,50.8%,74.9%,1538,1602.0,82.1%,77.3%,1560,1484
41.L1.3060.M3303,7163.0,11121.0,21846,6180,21800,9097.0,99.8%,41.6%,11370,13377.0,16.0%,0.0%,7357,16052
41.L1.3060.M3304,1066.0,832.0,3203,670,1312,1381.0,41.0%,43.1%,1445,1700.0,0.0%,0.0%,935,2040
41.L1.3060.M3305,10176.0,12749.0,13183,9367,11506,10349.0,87.3%,78.5%,10231,12036.0,90.8%,71.5%,6620,14443
41.L1.3060.M3306,20578.0,16718.0,10223,9256,10200,14874.0,99.8%,54.5%,14242,15840.0,46.1%,28.9%,13532,13083
41.L1.3060.M3307,9539.0,19053.0,24073,12510,24100,10753.0,99.9%,44.7%,19660,17555.0,42.8%,59.7%,20862,21144
41.L1.3060.M3308,11767.0,11194.0,7377,5207,10582,8771.0,56.6%,81.1%,9400,10113.0,19.5%,5.8%,9152,8871
41.L1.3060.M3401,565.0,759.0,419,334,454,478.0,91.6%,85.8%,494,581.0,52.1%,26.0%,320,697
41.L1.3060.M3403,180.0,36.0,1814,118,193,204.0,10.6%,11.2%,575,677.0,0.0%,0.0%,372,812
41.L1.3060.M3405,2126.0,2021.0,714,1260,1691,1780.0,0.0%,0.0%,1377,1620.0,90.7%,71.4%,891,1944
41.L1.3060.M3407,1074.0,1687.0,1971,889,1442,1102.0,73.2%,55.9%,1341,1577.0,49.2%,22.6%,868,1893
41.L1.3060.MS361001T,2410.0,4471.0,2168,1508,3086,2506.0,57.7%,84.4%,2907,3016.0,7.2%,0.0%,2998,2805
41.L1.3060.MS361002D,0.0,16.0,0,56,11,10.0,,,5,5.0,8.9%,9.5%,6,4
41.L1.3060.MS361003V,255.0,190.0,272,32,184,169.0,67.6%,62.3%,32,239.0,100.0%,0.0%,21,136
41.L1.3060.MT361001T,6730.0,1655.0,2006,393,3587,4030.0,21.2%,0.0%,393,3464.0,100.0%,0.0%,660,1439
41.L1.3060.MT361002D,92.0,92.0,40,,99,104.0,0.0%,0.0%,66,75.0,,,63,59
41.L1.3060.MT361003V,1749.0,194.0,757,75,712,799.0,94.1%,94.5%,75,900.0,100.0%,0.0%,49,378
41.L1.3060.S3101,1337.0,6040.0,1778,1985,3589,2739.0,0.0%,45.9%,2968,3052.0,50.5%,46.3%,3225,2858
41.L1.3060.S3102,306.0,747.0,501,84,609,398.0,78.4%,79.4%,84,518.0,100.0%,0.0%,55,250
41.L1.3060.S3103,763.0,1748.0,2079,575,1748,1913.0,84.1%,92.0%,575,1530.0,100.0%,0.0%,374,575
41.L1.3060.S3104,184.0,358.0,358,23,350,405.0,97.8%,87.0%,23,300.0,100.0%,0.0%,15,179
41.L1.3060.S3105,0.0,449.0,0,330,283,247.0,,,135,150.0,40.9%,45.4%,157,119
41.L1.3060.S3106,0.0,489.0,1329,443,288,235.0,21.7%,17.7%,811,606.0,16.9%,63.2%,902,960
41.L1.3060.S3107,440.0,52.0,216,223,160,167.0,74.1%,77.2%,212,236.0,95.1%,94.2%,181,197
41.L1.3060.S3108,267.0,238.0,932,568,282,307.0,30.3%,33.0%,591,479.0,96.0%,84.3%,623,675
41.L1.3060.S3201,104.0,214.0,8,142,134,117.0,0.0%,0.0%,89,109.0,62.7%,76.5%,90,73
41.L1.3060.S3203,16.0,125.0,24,25,94,68.0,0.0%,0.0%,53,55.0,0.0%,0.0%,59,50
41.L1.3060.S3205,0.0,117.0,10,86,71,60.0,0.0%,0.0%,40,42.0,46.5%,49.2%,46,37
41.L1.3060.S3207,111.0,101.0,160,188,120,130.0,75.0%,81.5%,132,124.0,70.2%,66.0%,134,139
41.L1.3060.U3101,1812.0,1120.0,2874,2772,1365,1414.0,47.5%,49.2%,2135,1935.0,77.0%,69.8%,2154,2292
41.L1.3060.U3102,238.0,149.0,573,104,163,158.0,28.4%,27.5%,104,320.0,100.0%,0.0%,68,312
41.L1.3060.U3103,4274.0,5751.0,1464,891,5000,4252.0,0.0%,0.0%,891,3830.0,100.0%,0.0%,648,2944
41.L1.3060.U3104,769.0,948.0,184,122,800,653.0,0.0%,0.0%,122,634.0,100.0%,0.0%,84,339
41.L1.3060.U3105,2189.0,1108.0,1848,1404,1694,1904.0,91.7%,97.0%,1694,1715.0,79.3%,77.8%,1623,1689
41.L1.3060.U3106,1597.0,1532.0,1184,280,1437,1985.0,78.6%,32.4%,280,1438.0,100.0%,0.0%,182,592
41.L1.3060.U3107,1672.0,306.0,474,935,602,866.0,73.0%,17.3%,663,817.0,70.9%,87.4%,535,561
41.L1.3060.U3108,247.0,122.0,484,347,480,243.0,99.2%,50.2%,328,284.0,94.5%,81.9%,334,362
41.L1.3060.U3201,14.0,0.0,112,,19,30.0,17.0%,26.5%,59,42.0,,,63,72
41.L1.3060.U3203,139.0,260.0,199,58,188,159.0,94.5%,80.1%,205,199.0,0.0%,0.0%,214,208
41.L1.3060.U3205,125.0,119.0,50,142,126,130.0,0.0%,0.0%,86,98.0,60.6%,69.0%,82,77
41.L1.3060.U3207,28.0,11.0,98,47,27,13.0,27.6%,13.3%,17,46.0,36.2%,97.2%,11,23
41.L1.3060.U3301,17269.0,15257.0,15710,17846,15585,14534.0,99.2%,92.5%,13667,16079.0,76.6%,90.1%,8843,19294
41.L1.3060.U3302,1699.0,1906.0,2206,2384,1787,1647.0,81.0%,74.7%,2015,1937.0,84.5%,81.2%,2050,2071
41.L1.3060.U3303,18803.0,10056.0,18487,14960,16970,14712.0,91.8%,79.6%,13415,15782.0,89.7%,94.5%,8680,18938
41.L1.3060.U3304,1465.0,857.0,2395,2030,1432,1508.0,59.8%,63.0%,1336,1572.0,65.8%,77.5%,865,1887
41.L1.3060.U3305,12219.0,7581.0,25818,11806,25800,10376.0,99.9%,40.2%,12925,15206.0,90.5%,71.2%,8363,18247
41.L1.3060.U3306,15230.0,5466.0,13015,10744,13745,10794.0,94.4%,82.9%,9551,11237.0,88.9%,95.4%,6180,13484
41.L1.3060.U3307,23310.0,20844.0,25573,20054,21037,21720.0,82.3%,84.9%,19756,23242.0,98.5%,84.1%,12783,27891
41.L1.3060.U3308,11260.0,18113.0,18110,11714,16347,14605.0,90.3%,80.6%,13454,15828.0,85.1%,64.9%,8705,18993
41.L1.3060.U3401,350.0,868.0,430,605,670,552.0,44.2%,71.6%,545,549.0,90.1%,90.8%,575,537
41.L1.3060.U3403,1707.0,608.0,748,318,1052,1354.0,59.4%,19.0%,898,1021.0,0.0%,0.0%,795,816
41.L1.3060.U3405,2526.0,1502.0,2954,1937,2043,2150.0,69.2%,72.8%,1978,2327.0,97.9%,79.8%,1280,2793
41.L1.3060.U3407,2399.0,3264.0,3402,1626,2791,2623.0,82.0%,77.1%,2568,3022.0,42.1%,14.2%,1662,3626
41.L1.3060.UT361001T,7797.0,9514.0,8809,1502,7812,6963.0,88.7%,79.0%,1502,8707.0,100.0%,0.0%,976,4404
41.L1.3060.UT361002D,319.0,10.0,136,15,141,177.0,96.3%,70.1%,135,155.0,0.0%,0.0%,110,123
41.L1.3060.UT361003V,763.0,1366.0,1299,46,929,738.0,71.5%,56.8%,46,1143.0,100.0%,0.0%,30,650
41.L1.4060.MS462001,1786.0,2257.0,4249,3691,2048,1987.0,48.2%,46.8%,3159,2764.0,85.6%,74.9%,3306,3450
41.L1.4060.MS462002,1725.0,3140.0,1820,2689,2352,2063.0,70.8%,86.6%,2197,2228.0,81.7%,82.9%,2272,2159
41.L1.4060.MS462003,91.0,407.0,1417,325,282,251.0,19.9%,17.7%,849,638.0,0.0%,3.6%,931,1004
41.L1.4060.MS462004,1514.0,1042.0,1445,1905,1196,1220.0,82.8%,84.4%,1338,1334.0,70.2%,70.0%,1311,1346
41.L1.4060.MT462001,1201.0,583.0,2029,4391,1169,1457.0,57.6%,71.8%,4391,1271.0,100.0%,28.9%,2854,4830
41.L1.4060.MT462002,8241.0,2911.0,4395,286,4746,5081.0,92.0%,84.4%,286,5182.0,100.0%,0.0%,186,2198
41.L1.4060.MT462003,3418.0,1197.0,3373,2863,1738,1729.0,51.5%,51.3%,2729,2663.0,95.3%,93.0%,2616,2801
41.L1.4060.MT462004,3506.0,1094.0,3756,6647,2162,2471.0,57.6%,65.8%,2907,2785.0,43.7%,41.9%,2799,3023
41.L1.4080.M4101,0.0,282.0,0,34,120,113.0,,,85,94.0,0.0%,0.0%,99,75
41.L1.4080.M4102,0.0,312.0,0,34,100,111.0,,,94,104.0,0.0%,0.0%,109,83
41.L1.4080.M4103,72.0,240.0,0,,130,127.0,,,0,104.0,,,0,0
41.L1.4080.M4104,78.0,0.0,0,,74,111.0,,,0,26.0,,,0,0
41.L1.4080.M4201,0.0,60.0,0,18,60,20.0,,,18,20.0,100.0%,88.9%,21,16
41.L1.4080.M4203,0.0,0.0,0,,0,0.0,,,0,0.0,,,0,0
41.L1.4080.MT483001,3729.0,3810.0,10246,9770,10200,4149.0,99.6%,40.5%,9770,5928.0,100.0%,60.7%,9317,9546
41.L1.4080.MT483001D,492.0,363.0,118,349,438,525.0,0.0%,0.0%,266,324.0,76.2%,92.9%,241,224
41.L1.4080.MT483001V,431.0,353.0,604,1376,492,766.0,81.5%,73.2%,1376,463.0,100.0%,33.6%,894,1514
41.L1.4080.MT483002B,807.0,1291.0,3145,1663,1162,700.0,36.9%,22.2%,1663,1748.0,100.0%,94.9%,2070,2056
41.L1.4080.MT483002D,505.0,803.0,602,405,633,436.0,94.9%,72.5%,643,637.0,41.2%,42.8%,663,645
41.L1.4080.MT483002W,2251.0,5675.0,5173,6396,5108,2724.0,98.7%,52.7%,6396,4366.0,100.0%,68.3%,5957,6010
41.L1.4080.S4101,0.0,0.0,162,412,0,0.0,0.0%,0.0%,81,54.0,19.7%,13.1%,89,101
41.L1.4080.S4103,0.0,0.0,0,138,0,0.0,,,0,0.0,0.0%,0.0%,0,0
41.L1.4080.S4104,0.0,0.0,0,,0,0.0,,,0,0.0,,,0,0
41.L1.4080.S4105,60.0,0.0,0,,0,20.0,,,0,20.0,,,0,0
41.L1.4080.S4106,0.0,0.0,0,27,0,318.0,,,27,0.0,100.0%,0.0%,14,23
41.L1.4080.S4107,0.0,0.0,0,160,0,52.0,,,0,0.0,0.0%,0.0%,0,0
41.L1.4080.S4108,0.0,0.0,18,70,0,31.0,0.0%,29.6%,9,6.0,12.9%,8.6%,10,11
41.L1.4080.S4109,0.0,0.0,41,2,0,32.0,0.0%,78.0%,20,14.0,0.0%,0.0%,22,25
41.L1.4080.S4201,0.0,0.0,0,,0,0.0,,,0,0.0,,,0,0
41.L1.4080.S4204,0.0,18.0,0,,18,6.0,,,5,6.0,,,6,4
41.L1.4080.S4206,0.0,0.0,0,29,0,46.0,,,0,0.0,0.0%,0.0%,0,0
41.L1.4080.S4208,0.0,0.0,2,5,0,3.0,0.0%,33.3%,1,1.0,20.0%,13.3%,1,1
41.L1.4080.U4101,22.0,0.0,41,108,17,24.0,41.5%,59.3%,25,21.0,23.1%,19.4%,25,28
41.L1.4080.U4102,195.0,0.0,41,207,30,76.0,73.2%,15.4%,60,79.0,29.0%,38.0%,42,47
41.L1.4080.U4103,151.0,0.0,0,,50,62.0,,,0,50.0,,,0,0
41.L1.4080.U4104,21.0,42.0,0,,30,25.0,,,17,21.0,,,17,14
41.L1.4080.U4201,114.0,0.0,44,30,25,39.0,56.8%,89.4%,45,53.0,50.0%,24.4%,36,40
41.L1.4080.U4203,8.0,0.0,0,,54,3.0,,,0,3.0,,,0,0
41.L1.4080.UT483001,7658.0,5508.0,6004,5675,5789,5011.0,96.4%,83.5%,6186,6390.0,91.0%,87.4%,5996,6055
41.L1.4080.UT483001D,760.0,60.0,234,208,280,327.0,80.3%,60.1%,287,351.0,62.0%,31.1%,226,246
41.L1.4080.UT483001V,1085.0,638.0,688,889,766,765.0,88.7%,88.8%,752,804.0,84.6%,90.4%,710,718
41.L1.4080.UT483002B,4067.0,1232.0,2651,2145,2092,2207.0,78.9%,83.3%,2508,2650.0,83.1%,76.5%,2296,2431
41.L1.4080.UT483002D,921.0,226.0,647,330,453,518.0,70.0%,80.1%,576,598.0,25.5%,18.8%,527,566
41.L1.4080.UT483002W,6555.0,3808.0,4819,4053,4370,3850.0,90.7%,79.9%,4863,5061.0,80.0%,75.1%,4639,4742
41.L1.5050.91501,8532.0,7427.0,6570,12686,8324,8738.0,73.3%,67.0%,7220,7510.0,56.9%,59.2%,7066,7013
41.L1.5050.91502,3471.0,5039.0,5802,6825,4689,4718.0,80.8%,81.3%,5107,4771.0,74.8%,69.9%,5302,5344
41.L1.5050.91503,8699.0,6866.0,7656,9994,7129,6998.0,93.1%,91.4%,7628,7740.0,76.3%,77.4%,7484,7562
41.L1.5050.91504,10250.0,6391.0,6850,9495,7500,8116.0,90.5%,81.5%,7392,7830.0,77.9%,82.5%,7029,7102
41.L1.5050.91505,7133.0,7792.0,10905,11092,7053,6670.0,64.7%,61.2%,9217,8610.0,83.1%,77.6%,9438,9665
41.L1.5050.91506,7208.0,4989.0,6894,8087,6291,6789.0,91.3%,98.5%,6385,6364.0,79.0%,78.7%,6258,6423
41.L1.5050.91507,6136.0,6633.0,8899,6662,5905,5503.0,66.4%,61.8%,7667,7223.0,84.9%,91.6%,7830,7995
41.L1.5050.91508,3227.0,4083.0,1835,2987,3550,4224.0,6.5%,0.0%,2788,3048.0,93.3%,97.9%,2761,2584
41.L1.5050.M5102,4944.0,1903.0,4866,4982,4704,6065.0,96.7%,75.4%,3993,3904.0,80.1%,78.4%,3837,4090
41.L1.5050.M5103,5202.0,6428.0,6662,8054,7314,8109.0,90.2%,78.3%,6300,6097.0,78.2%,75.7%,6434,6439
41.L1.5050.M5104,4518.0,7483.0,3764,5289,5300,6586.0,59.2%,25.0%,5030,5255.0,95.1%,99.4%,5141,4832
41.L1.5050.M5105,13889.0,9536.0,14911,12746,12691,14069.0,85.1%,94.4%,13094,12779.0,97.3%,99.7%,12928,13374
41.L1.5050.M5151,744.0,138.0,1168,1924,578,770.0,49.5%,65.9%,774,683.0,40.2%,35.5%,765,848
41.L1.5050.M5152,806.0,1349.0,2548,2976,1142,1095.0,44.8%,43.0%,1840,1568.0,61.8%,52.7%,1954,2039
41.L1.5050.M5153,1886.0,612.0,2958,2714,2610,3729.0,88.2%,73.9%,2040,1819.0,75.2%,67.0%,2030,2219
41.L1.5050.M5154,1527.0,662.0,852,258,1075,1206.0,73.8%,58.5%,258,1014.0,100.0%,0.0%,168,258
41.L1.5050.M5155,3952.0,3156.0,8344,6852,4181,4732.0,50.1%,56.7%,5909,5151.0,86.2%,75.2%,6089,6486
41.L1.5050.M5190,60172.0,30660.0,37763,43220,40445,42049.0,92.9%,88.6%,40114,42865.0,92.8%,99.2%,37518,38346
41.L1.5050.M5191,3375.0,3189.0,4346,5774,3478,3640.0,80.0%,83.8%,3805,3637.0,65.9%,63.0%,3844,3933
41.L1.5050.M5192,8670.0,6512.0,3187,7279,5800,6425.0,18.0%,0.0%,5281,6123.0,72.6%,84.1%,4899,4671
41.L1.5050.M5193,5640.0,2905.0,4128,4944,3822,3978.0,92.6%,96.4%,4064,4224.0,82.2%,85.4%,3851,3970
41.L1.5050.MS552001,30496.0,8902.0,9352,11956,9400,15388.0,99.5%,35.5%,13446,16250.0,87.5%,64.1%,11309,11559
41.L1.5050.MS552002,3036.0,1152.0,1476,1861,1866,2277.0,73.6%,45.7%,1691,1888.0,90.9%,98.5%,1519,1562
41.L1.5050.MS552003,838.0,572.0,3188,1956,677,579.0,21.2%,18.2%,1956,1533.0,100.0%,78.4%,2187,2218
41.L1.5050.MS552004,3790.0,1393.0,940,168,1973,1728.0,0.0%,16.2%,168,2041.0,100.0%,0.0%,109,470
41.L1.5050.S5101,1624.0,74.0,1990,2482,1448,2105.0,72.8%,94.2%,1342,1229.0,54.1%,49.5%,1283,1442
41.L1.5050.S5102,21989.0,27380.0,16544,26734,19000,22896.0,85.2%,61.6%,20884,21971.0,78.1%,82.2%,20881,20014
41.L1.5050.S5103,9095.0,8739.0,4778,8511,3000,7883.0,62.8%,35.0%,6830,7537.0,80.2%,88.6%,6596,6303
41.L1.5050.S5104,7604.0,6445.0,3607,5520,4500,5897.0,75.2%,36.5%,5258,5885.0,95.3%,93.4%,5000,4799
41.L1.5050.S5151,0.0,3234.0,232,597,1711,1234.0,0.0%,0.0%,1086,1155.0,18.1%,6.5%,1259,1002
41.L1.5050.S5152,338.0,1506.0,230,350,1005,865.0,0.0%,0.0%,634,691.0,18.9%,2.5%,687,580
41.L1.5050.S5153,662.0,1058.0,336,,344,617.0,97.6%,16.3%,0,685.0,,,0,1536
41.L1.5050.S5154,472.0,806.0,0,,550,435.0,,,0,426.0,,,0,0
41.L1.5050.S5155,112.0,1622.0,68,434,970,586.0,0.0%,0.0%,543,601.0,74.9%,61.6%,616,484
41.L1.5050.U5101,4961.0,6012.0,10098,5993,7000,6751.0,69.3%,66.9%,7845,7024.0,69.1%,82.8%,8154,8450
41.L1.5050.U5102,8336.0,6083.0,3325,6553,5500,7150.0,34.6%,0.0%,5155,5915.0,78.7%,90.3%,4792,4608
41.L1.5050.U5103,14818.0,7260.0,19581,9314,19600,12866.0,99.9%,65.7%,14932,13886.0,39.7%,50.9%,14792,15792
41.L1.5050.U5104,2681.0,2140.0,3085,4477,3070,3600.0,99.5%,83.3%,2721,2635.0,60.8%,58.9%,2714,2790
41.L1.5050.U5151,1268.0,828.0,1757,3699,1122,1245.0,63.9%,70.8%,1380,1284.0,37.3%,34.7%,1383,1457
41.L1.5050.U5152,610.0,1750.0,290,2692,1450,1441.0,0.0%,0.0%,792,883.0,29.4%,32.8%,833,712
41.L1.5050.U5153,3117.0,4599.0,1492,915,3501,3017.0,0.0%,0.0%,2749,3069.0,0.0%,0.0%,2742,2494
41.L1.5050.U5154,4142.0,1285.0,7980,5625,8000,3103.0,99.7%,38.9%,5204,4469.0,92.5%,79.4%,5253,5784
41.L1.5050.U5155,3142.0,1702.0,1249,4088,2255,2383.0,19.5%,9.2%,1764,2031.0,43.2%,49.7%,1597,1578
41.L1.5050.UT552001,8682.0,8321.0,30875,28318,30900,10899.0,99.9%,35.3%,28318,15959.0,100.0%,56.4%,27085,27834
41.L1.5050.UT552002,1952.0,4508.0,2042,3592,3446,2671.0,31.2%,69.2%,2764,2834.0,76.9%,78.9%,2896,2686
41.L1.5050.UT552003,634.0,1027.0,596,994,1159,1729.0,5.5%,0.0%,733,752.0,73.7%,75.7%,751,715
41.L1.5050.UT552004,404.0,1526.0,1440,1449,1232,995.0,85.6%,69.1%,955,1123.0,65.9%,77.5%,618,1348
41.L1.6060.6106,0.0,0.0,0,,0,0.0,,,0,0.0,,,0,0
41.L1.6060.6201,0.0,0.0,0,,0,0.0,,,0,0.0,,,0,0
41.L1.6060.6202,0.0,0.0,0,,0,0.0,,,0,0.0,,,0,0
41.L1.6060.6203,0.0,0.0,0,,0,0.0,,,0,0.0,,,0,0
41.L1.6060.AM6151,3135.0,5114.0,2744,8915,3991,3572.0,54.6%,69.8%,3533,3664.0,39.6%,41.1%,3612,3415
41.L1.6060.AM6153,929.0,1502.0,3637,2137,2043,2499.0,56.2%,68.7%,2455,2023.0,85.1%,94.6%,2619,2773
41.L1.6060.AM6154,5181.0,8599.0,10608,8514,7845,7911.0,74.0%,74.6%,8920,8129.0,95.2%,95.5%,9362,9479
41.L1.6060.AM6155,5211.0,8809.0,5440,9964,7206,6737.0,67.5%,76.2%,6405,6487.0,64.3%,65.1%,6596,6308
41.L1.6060.AM6156,2436.0,1084.0,2228,1372,1376,1345.0,61.8%,60.4%,1926,1916.0,59.6%,60.3%,1848,1947
41.L1.6060.AM6157,1598.0,1115.0,897,1242,1195,1059.0,66.8%,81.9%,1103,1203.0,88.8%,96.9%,1044,1032
41.L1.6060.AS6152,1515.0,2213.0,1783,2561,1898,1804.0,93.6%,98.8%,1858,1837.0,72.5%,71.7%,1906,1867
41.L1.6060.AS6154,2736.0,3142.0,1627,2451,2828,3070.0,26.2%,11.3%,2126,2502.0,86.7%,97.9%,1376,3002
41.L1.6060.AU6151,3789.0,3008.0,3692,6706,3692,4017.0,100.0%,91.2%,3506,3496.0,52.3%,52.1%,3462,3521
41.L1.6060.AU6152,2098.0,1726.0,2113,746,1704,1627.0,80.6%,77.0%,1994,1979.0,0.0%,0.0%,1976,2009
41.L1.6060.AU6153,6354.0,5690.0,1640,3984,5282,4900.0,0.0%,0.0%,3798,4561.0,95.3%,85.5%,3529,3232
41.L1.6060.AU6154,3928.0,6916.0,4347,7217,5665,5329.0,69.7%,77.4%,5034,5064.0,69.8%,70.2%,5204,4982
41.L1.6060.AU6155,3279.0,2885.0,2234,3514,3051,3096.0,63.4%,61.4%,2638,2799.0,75.1%,79.7%,2566,2521
41.L1.6060.AU6156,1018.0,898.0,672,1737,1165,1324.0,26.6%,3.0%,809,863.0,46.6%,49.7%,786,770
41.L1.6060.AU6158,935.0,2553.0,1601,2569,2201,2460.0,62.5%,46.4%,1753,1696.0,68.2%,66.0%,1867,1780
41.L1.6060.M6101,1126.0,1137.0,321,108,1300,1581.0,0.0%,0.0%,108,861.0,100.0%,0.0%,118,108
41.L1.6060.M6102,2252.0,714.0,846,1804,1476,1727.0,25.5%,0.0%,1088,1271.0,60.3%,70.4%,941,966
41.L1.6060.M6103,1295.0,1832.0,1629,1336,1576,1494.0,96.7%,91.7%,1623,1585.0,78.5%,81.3%,1667,1646
41.L1.6060.M6105,847.0,220.0,438,179,500,685.0,85.8%,43.7%,179,502.0,100.0%,0.0%,116,197
41.L1.6060.M6106,1958.0,1007.0,2519,1268,1400,1239.0,55.6%,49.2%,1953,1828.0,46.0%,55.8%,1934,2057
41.L1.6060.M6151,534.0,81.0,349,411,200,755.0,57.3%,0.0%,411,321.0,100.0%,78.2%,206,349
41.L1.6060.M6152,3086.0,2009.0,609,2252,2800,3174.0,0.0%,0.0%,1524,1901.0,67.7%,84.4%,1346,1252
41.L1.6060.M6153,1084.0,539.0,59,570,698,713.0,0.0%,0.0%,408,561.0,71.6%,98.4%,330,299
41.L1.6060.M6154,731.0,148.0,1,71,318,334.0,0.0%,0.0%,191,293.0,0.0%,0.0%,125,120
41.L1.6060.M6155,253.0,111.0,54,75,369,517.0,0.0%,0.0%,75,139.0,100.0%,14.2%,38,64
41.L1.6060.M6156,1070.0,1076.0,102,470,1384,1590.0,0.0%,0.0%,588,749.0,74.9%,40.6%,540,467
41.L1.6060.M6157,315.0,932.0,711,807,906,991.0,72.6%,60.6%,698,653.0,86.5%,80.9%,749,726
41.L1.6060.MS663001,1605.0,4633.0,2311,4635,3933,4319.0,29.8%,13.1%,2866,2850.0,61.8%,61.5%,3053,2848
41.L1.6060.MS663002,4938.0,7636.0,5194,9199,7803,9991.0,49.8%,7.6%,5875,5923.0,63.9%,64.4%,6023,5813
41.L1.6060.MS663003,2811.0,3262.0,1923,2427,3208,3383.0,33.2%,24.1%,2502,2665.0,96.9%,90.2%,2480,2375
41.L1.6060.MS663004,6779.0,10323.0,7836,6898,9238,9068.0,82.1%,84.3%,8371,8313.0,78.6%,79.5%,8601,8379
41.L1.6060.MS663005,1310.0,3008.0,1906,1451,2393,2091.0,74.4%,90.3%,2117,2075.0,54.1%,57.0%,2232,2132
41.L1.6060.MT663001,6758.0,5430.0,10883,9488,5907,6135.0,54.3%,56.4%,8422,7690.0,88.8%,81.1%,8562,8984
41.L1.6060.MT663002,8744.0,12425.0,13081,14596,11199,10792.0,85.6%,82.5%,12017,11417.0,82.3%,78.2%,12418,12430
41.L1.6060.MT663003,7238.0,2818.0,6601,7160,6514,5382.0,98.7%,81.5%,4719,5552.0,65.9%,77.5%,3054,6663
41.L1.6060.MT663004,10276.0,5955.0,15062,14105,15100,8853.0,99.7%,58.8%,11373,10431.0,80.6%,74.0%,11396,12122
41.L1.6060.MT663005,2074.0,1506.0,3126,4363,1805,2124.0,57.7%,67.9%,2430,2235.0,55.7%,51.2%,2454,2581
41.L1.6060.S6101,77.0,332.0,113,24,282,291.0,0.0%,0.0%,24,174.0,100.0%,0.0%,12,20
41.L1.6060.S6102,366.0,497.0,785,324,591,676.0,75.3%,86.1%,615,549.0,10.2%,30.5%,642,662
41.L1.6060.S6103,352.0,244.0,401,758,304,327.0,75.8%,81.5%,344,332.0,45.4%,43.8%,341,354
41.L1.6060.S6104,536.0,228.0,578,842,775,375.0,65.9%,64.9%,465,447.0,55.2%,53.1%,452,481
41.L1.6060.S6151,254.0,897.0,1435,1487,773,798.0,53.9%,55.6%,1037,862.0,69.7%,58.0%,1128,1162
41.L1.6060.S6152,260.0,212.0,110,360,187,163.0,30.0%,52.1%,171,194.0,47.5%,53.9%,161,154
41.L1.6060.S6153,0.0,0.0,0,882,0,39.0,,,0,0.0,0.0%,0.0%,0,0
41.L1.6060.S6154,85.0,302.0,0,,260,268.0,,,0,129.0,,,0,0
41.L1.6060.S6155,114.0,1848.0,632,553,1198,1261.0,10.4%,0.5%,735,865.0,67.1%,43.6%,476,1038
41.L1.6060.S6156,23.0,150.0,20,1389,121,123.0,0.0%,0.0%,60,64.0,4.3%,4.6%,66,55
41.L1.6060.S6157,1727.0,385.0,519,3013,762,790.0,53.2%,47.8%,720,877.0,23.9%,29.1%,593,616
41.L1.6060.U6101,594.0,1270.0,1727,396,1150,1173.0,66.6%,67.9%,1363,1197.0,0.0%,0.0%,1454,1481
41.L1.6060.U6102,309.0,626.0,1226,1132,550,490.0,44.9%,40.0%,863,720.0,76.2%,63.6%,924,966
41.L1.6060.U6103,64.0,288.0,288,456,412,532.0,56.9%,15.3%,243,213.0,53.3%,46.8%,266,264
41.L1.6060.U6104,2020.0,2206.0,13,1089,1700,1737.0,0.0%,0.0%,1072,1413.0,98.4%,70.2%,981,815
41.L1.6060.U6105,264.0,528.0,272,25,380,337.0,60.3%,76.0%,25,355.0,100.0%,0.0%,82,261
41.L1.6060.U6151,779.0,201.0,76,274,300,507.0,0.0%,0.0%,254,352.0,92.7%,71.5%,190,186
41.L1.6060.U6152,826.0,236.0,279,53,350,366.0,74.6%,68.8%,53,447.0,100.0%,0.0%,34,105
41.L1.6060.U6153,884.0,649.0,291,,500,534.0,28.2%,16.5%,0,608.0,,,0,0
41.L1.6060.U6154,35.0,75.0,4,115,100,148.0,0.0%,0.0%,32,38.0,27.8%,33.0%,32,26
41.L1.6060.U6155,573.0,1017.0,796,778,800,805.0,99.5%,98.9%,818,795.0,94.9%,97.8%,851,830
41.L1.6060.U6156,673.0,927.0,719,507,973,1047.0,64.7%,54.4%,772,773.0,47.7%,47.5%,787,769
41.L1.6060.U6157,596.0,576.0,1224,458,672,733.0,54.9%,59.9%,904,799.0,2.6%,25.6%,934,983
41.L1.6060.U6158,1420.0,823.0,81,484,990,1002.0,0.0%,0.0%,571,775.0,82.0%,39.9%,474,424
41.L1.6060.UT663001,9290.0,10921.0,16976,9779,17000,6739.0,99.9%,39.7%,10536,12396.0,92.3%,73.2%,6818,14875
41.L1.6060.UT663002,3167.0,3790.0,8977,5861,9000,2439.0,99.7%,27.2%,5861,5311.0,100.0%,90.6%,6589,6609
41.L1.6060.UT663003,2954.0,3042.0,3879,5314,2738,2007.0,70.6%,51.7%,5314,3292.0,100.0%,61.9%,4656,4776
41.L1.6060.UT663004,14513.0,10948.0,11865,10968,13062,8490.0,89.9%,71.6%,10576,12442.0,96.4%,86.6%,6843,14930
41.L1.6060.UT663005,1015.0,1144.0,3965,3245,1030,720.0,26.0%,18.2%,3245,2041.0,100.0%,62.9%,3251,3321
41.L1.8080.MS883001,867.0,2197.0,1334,461,1590,1059.0,80.8%,79.4%,1500,1466.0,0.0%,0.0%,1590,1512
41.L1.8080.MS883002,1907.0,4131.0,2680,3861,3206,2530.0,80.4%,94.4%,3861,2906.0,100.0%,75.3%,3534,3547
41.L1.8080.MS883003,459.0,803.0,424,682,635,472.0,50.2%,88.6%,545,562.0,79.9%,82.4%,560,528
41.L1.8080.MS883004,3585.0,559.0,1551,2443,1468,1571.0,94.6%,98.7%,2443,1898.0,100.0%,77.7%,1588,2687
41.L1.8080.MS883006,378.0,785.0,876,1380,706,435.0,80.6%,49.6%,1380,680.0,100.0%,49.3%,1169,1203
41.L1.8080.MT883001,2042.0,2086.0,3896,3755,1877,1596.0,48.2%,41.0%,3755,2675.0,100.0%,71.2%,3630,3694
41.L1.8080.MT883002,2969.0,2859.0,3850,5608,2826,2677.0,73.4%,69.5%,5608,3226.0,100.0%,57.5%,4806,4951
41.L1.8080.MT883003,761.0,1220.0,1551,811,1098,872.0,70.8%,56.2%,1001,1177.0,76.6%,54.8%,648,1413
41.L1.8080.MT883004,2524.0,3711.0,4605,3887,3340,2654.0,72.5%,57.6%,3071,3613.0,79.0%,93.0%,1987,4336
41.L1.8080.MT883006,1238.0,1460.0,2485,1447,1373,1317.0,55.3%,53.0%,1928,1728.0,66.8%,80.6%,2002,2076
41.L1.8080.UT883001,3174.0,2739.0,3546,3733,2857,2355.0,80.6%,66.4%,2680,3153.0,71.8%,84.5%,1734,3784
41.L1.8080.UT883002,533.0,2041.0,3273,3593,1837,1218.0,56.1%,37.2%,3593,1949.0,100.0%,54.2%,3342,3410
41.L1.8080.UT883003,270.0,1446.0,1272,1808,1301,901.0,97.7%,70.8%,1808,996.0,100.0%,55.1%,1611,1636
41.L1.8080.UT883004,2947.0,1285.0,3382,3869,2652,1990.0,78.4%,58.8%,2157,2538.0,55.8%,65.6%,1396,3046
41.L1.8080.UT883006,819.0,361.0,1908,684,737,487.0,38.6%,25.5%,875,1029.0,72.1%,49.5%,566,1235
46.L1.4080.USC4804,24.0,0.0,6,,0,160.0,0.0%,0.0%,0,10.0,,,0,1
46.L1.4080.USC4804D,0.0,0.0,0,,0,2.0,,,0,0.0,,,0,0
46.L1.4080.USC4804V,0.0,0.0,0,,0,14.0,,,0,0.0,,,0,0
46.L1.4080.USC4806,162.0,403.0,0,,250,222.0,,,0,188.0,,,0,0
46.L1.4080.USC4806D,0.0,0.0,12,,0,0.0,0.0%,0.0%,6,4.0,,,7,8
46.L1.4080.USC4806V,40.0,0.0,32,5,12,13.0,37.5%,41.7%,24,24.0,0.0%,0.0%,22,25
46.L1.4080.USC4808,311.0,375.0,330,,336,321.0,98.2%,97.2%,0,339.0,,,0,50
46.L1.4080.USC4808D,0.0,0.0,0,,0,0.0,,,0,0.0,,,0,0
46.L1.4080.USC4808V,0.0,0.0,4,,0,0.0,0.0%,0.0%,2,1.0,,,2,2
46.L1.4080.USC4809,536.0,153.0,0,574,400,680.0,,,153,230.0,26.7%,40.0%,107,99
46.L1.4080.USC4809D,0.0,8.0,0,,4,3.0,,,2,3.0,,,3,2
46.L1.4080.USC4809V,0.0,0.0,0,66,0,0.0,,,0,0.0,0.0%,0.0%,0,0
47.L1.3060.FP936601,3759.0,2743.0,148,176,2948,2915.0,0.0%,0.0%,176,2217.0,100.0%,0.0%,89,194
47.L1.3060.FP936601D,66.0,58.0,5,14,53,48.0,0.0%,0.0%,33,43.0,0.0%,0.0%,30,26
47.L1.3060.FP936601V,56.0,348.0,0,22,200,150.0,,,116,135.0,0.0%,0.0%,128,99
47.L1.3060.FP936604,32.0,291.0,269,,183,154.0,68.0%,57.1%,0,197.0,,,0,40
47.L1.3060.FP936604D,0.0,0.0,71,,0,8.0,0.0%,11.7%,36,24.0,,,39,44
47.L1.3060.FP936605,352.0,98.0,409,115,178,189.0,43.5%,46.3%,115,286.0,100.0%,0.0%,75,204
47.L1.3060.FP936606,528.0,543.0,1541,,482,444.0,31.3%,28.8%,0,871.0,,,0,770
47.L1.3060.FP936606D,41.0,56.0,380,120,515,60.0,64.5%,15.8%,41,159.0,34.2%,67.5%,27,58
47.L1.3060.FP936607,118.0,335.0,1054,,1391,206.0,68.0%,19.5%,0,502.0,,,0,527
47.L1.3060.FP936608,151.0,407.0,400,450,258,201.0,64.5%,50.2%,352,319.0,78.2%,71.0%,377,374
47.L1.3060.FP936608D,0.0,0.0,1,3,0,3.0,0.0%,0.0%,0,0.0,0.0%,11.1%,0,0
47.L1.3060.FP936608V,0.0,17.0,80,89,8,6.0,10.0%,7.1%,45,32.0,50.6%,36.3%,50,54
47.L1.3060.FP936610,265.0,521.0,233,653,521,563.0,0.0%,0.0%,326,340.0,49.9%,52.0%,337,313
47.L1.3060.FP936610D,0.0,0.0,8,32,0,89.0,0.0%,0.0%,4,3.0,12.5%,8.3%,4,5
47.L1.3060.FP936611,309.0,194.0,1126,419,511,466.0,45.4%,41.4%,214,543.0,51.1%,70.4%,138,302
47.L1.3060.FP936612,2.0,0.0,2,189,38,63.0,0.0%,0.0%,189,1.0,100.0%,0.7%,94,161
47.L1.3060.FP936612D,0.0,1.0,6,,2,2.0,33.3%,38.9%,3,2.0,,,4,4
47.L1.3060.FP936613,0.0,0.0,0,1,0,0.0,,,0,0.0,0.0%,0.0%,0,0
47.L1.4080.FP948601,0.0,0.0,0,,0,0.0,,,0,0.0,,,0,0
47.L1.4080.FP948601D,0.0,104.0,0,,52,35.0,,,31,35.0,,,36,27
47.L1.4080.FP948601V,0.0,0.0,0,,0,0.0,,,0,0.0,,,0,0
47.L1.4080.FP948602,1035.0,89.0,181,,355,375.0,3.9%,0.0%,0,435.0,,,0,0
47.L1.4080.FP948602D,0.0,0.0,0,,0,0.0,,,0,0.0,,,0,0
47.L1.4080.FP948602V,130.0,37.0,17,,66,69.0,0.0%,0.0%,46,61.0,,,36,35
47.L1.4080.FP948603,165.0,12.0,100,,64,74.0,64.0%,74.0%,0,92.0,,,0,15
47.L1.4080.FP948603D,50.0,0.0,0,,62,94.0,,,0,17.0,,,0,0
47.L1.4080.FP948603V,0.0,231.0,102,,116,77.0,86.3%,75.5%,0,111.0,,,0,0
47.L1.4080.FP948604,17.0,0.0,0,,124,204.0,,,0,6.0,,,0,0
47.L1.4080.FP948604D,21.0,0.0,0,,9,12.0,,,0,7.0,,,0,0
47.L1.4080.FP948604V,0.0,0.0,2,,0,52.0,0.0%,0.0%,1,1.0,,,1,1
47.L1.6060.AFP96600,706.0,727.0,498,688,588,500.0,81.9%,99.7%,608,644.0,88.4%,93.6%,599,582
47.L1.6060.AFP96604,139.0,80.0,210,12,172,346.0,81.9%,35.1%,157,143.0,0.0%,0.0%,158,168
47.L1.6060.AFP96607,0.0,0.0,219,190,0,0.0,0.0%,0.0%,110,73.0,57.9%,38.4%,121,137
47.L1.6060.AFP966602,115.0,450.0,917,609,428,188.0,46.7%,20.5%,240,494.0,39.4%,81.1%,155,339
47.L1.6060.AFP966605,56.0,202.0,65,42,125,98.0,7.7%,49.7%,104,108.0,0.0%,0.0%,112,100
47.L1.6060.AFP96666,676.0,740.0,744,706,856,1170.0,84.9%,42.8%,729,720.0,96.7%,98.0%,736,736
47.L1.6060.AFPH966001,0.0,505.0,95,363,252,168.0,0.0%,22.8%,199,200.0,54.8%,55.1%,229,193
47.L1.6060.AFPU966005,0.0,75.0,419,981,52,25.0,12.4%,6.0%,981,165.0,100.0%,16.8%,722,769
47.L1.6060.AFPU966009,630.0,1225.0,1413,423,824,656.0,58.3%,46.4%,1200,1089.0,0.0%,0.0%,1269,1277
47.L1.6060.FP96600,626.0,675.0,126,11,591,543.0,0.0%,0.0%,391,476.0,0.0%,0.0%,368,326
47.L1.6060.FP966605,20.0,173.0,0,19,92,64.0,,,56,64.0,0.0%,0.0%,63,48
47.L1.6060.FPU6666,114.0,4.0,4,143,54,70.0,0.0%,0.0%,26,41.0,18.2%,28.4%,15,16
47.L1.6060.FPU966002,640.0,752.0,254,,643,464.0,0.0%,17.3%,0,549.0,,,0,0
47.L1.6060.FPU966003,730.0,355.0,180,,587,679.0,0.0%,0.0%,0,422.0,,,0,27
47.L1.6060.FPU966009,91.0,90.0,50,70,85,81.0,30.0%,38.0%,70,77.0,100.0%,90.0%,68,65
47.L1.6060.MECO633,122.0,211.0,132,138,161,161.0,78.0%,78.3%,132,155.0,95.7%,87.7%,85,186
47.L1.8080.FP18600,581.0,673.0,2032,877,553,489.0,27.2%,24.0%,1334,1095.0,47.9%,75.1%,1411,1512
47.L1.8080.FP18666,444.0,567.0,839,809,720,758.0,85.8%,90.3%,524,617.0,64.8%,76.2%,339,740
47.L1.8080.FPU188005,0.0,0.0,0,265,0,73.0,,,0,0.0,0.0%,0.0%,0,0
47.L1.8080.FPU188011,1001.0,123.0,0,124,370,389.0,,,237,375.0,8.9%,0.0%,143,143
47.L1.8080.FPU188013,21.0,0.0,157,189,156,7.0,99.4%,4.5%,9,59.0,4.8%,31.4%,6,13
47.L1.8080.FPU188033,90.0,0.0,199,361,171,92.0,85.9%,46.2%,361,96.0,100.0%,26.7%,276,294
47.L1.8080.FPU188035,0.0,14.0,0,,175,285.0,,,4,5.0,,,5,4
47.L1.8080.FPU8003,1062.0,368.0,1434,652,750,884.0,52.3%,61.7%,1040,955.0,40.5%,53.6%,1024,1111
47.L1.8080.FPU8017,539.0,375.0,497,717,430,469.0,86.5%,94.4%,469,470.0,65.4%,65.6%,459,470
47.L2.8080.CTN8002DB,16.0,23.0,69,102,23,24.0,33.3%,35.3%,102,36.0,100.0%,35.3%,84,88
